respondent_id,age,gender,profession,education_level,years_of_experience,hospital_type,hospital_location,ai_awareness_q1,ai_awareness_q2,ai_awareness_q3,ai_awareness_q4,ai_awareness_score,privacy_q1,privacy_q2,privacy_q3,privacy_q4,privacy_score,human_factor_q1,human_factor_q2,human_factor_q3,human_factor_q4,human_factor_score,infrastructure_q1,infrastructure_q2,infrastructure_q3,infrastructure_q4,infrastructure_q5,infrastructure_score,adoption_q1,adoption_q2,adoption_q3,adoption_q4,adoption_readiness_score,adoption_readiness_category
1,32,Female,Healthcare Student,Bachelor's (completed),1,Public,Dhaka,1.0,3.0,3.0,2.0,2.25,5.0,5.0,5.0,5.0,5.0,2.0,2.0,1.0,2.0,1.75,3.0,3.0,4.0,5.0,,3.75,2.0,3.0,3.0,2.0,2.5,Low
2,48,Male,Nurse,Bachelor's (ongoing),16,Public,Other Urban,2.0,,3.0,3.0,2.6666666666666665,1.0,2.0,1.0,2.0,1.5,2.0,2.0,2.0,2.0,2.0,3.0,2.0,2.0,3.0,2.0,2.4,2.0,2.0,2.0,1.0,1.75,Low
3,39,Female,Other,Bachelor's (completed),16,NGO/Other,Chattogram,3.0,4.0,3.0,2.0,3.0,3.0,2.0,3.0,3.0,2.75,3.0,2.0,2.0,2.0,2.25,3.0,3.0,3.0,4.0,2.0,3.0,3.0,4.0,5.0,4.0,4.0,High
4,36,Female,IT Staff,Bachelor's (completed),18,Public,Other Urban,5.0,4.0,4.0,5.0,4.5,1.0,1.0,1.0,2.0,1.25,3.0,3.0,3.0,,3.0,3.0,3.0,3.0,2.0,3.0,2.8,3.0,4.0,5.0,5.0,4.25,High
5,27,Male,Doctor,Postgraduate/Doctoral,5,Public,Dhaka,5.0,4.0,5.0,5.0,4.75,3.0,3.0,2.0,3.0,2.75,3.0,3.0,3.0,3.0,3.0,3.0,3.0,3.0,4.0,2.0,3.0,4.0,3.0,2.0,4.0,3.25,Medium
6,27,Female,Healthcare Student,Bachelor's (ongoing),1,Private,Rural,2.0,1.0,2.0,1.0,1.5,2.0,2.0,3.0,3.0,2.5,3.0,4.0,3.0,3.0,3.25,2.0,2.0,1.0,1.0,1.0,1.4,2.0,1.0,3.0,1.0,1.75,Low
7,24,Female,Nurse,Bachelor's (completed),0,Public,Other Urban,3.0,5.0,5.0,4.0,4.25,4.0,3.0,4.0,3.0,3.5,3.0,4.0,2.0,4.0,3.25,4.0,3.0,3.0,4.0,2.0,3.2,2.0,2.0,2.0,2.0,2.0,Low
8,44,Female,Doctor,Bachelor's (completed),14,Public,Not Applicable,3.0,3.0,4.0,4.0,3.5,1.0,3.0,3.0,3.0,2.5,2.0,4.0,4.0,3.0,3.25,2.0,3.0,3.0,3.0,2.0,2.6,1.0,1.0,2.0,1.0,1.25,Low
9,36,Male,Doctor,Bachelor's (completed),13,Public,Dhaka,4.0,3.0,3.0,3.0,3.25,4.0,4.0,5.0,4.0,4.25,3.0,1.0,3.0,2.0,2.25,4.0,5.0,5.0,5.0,4.0,4.6,4.0,4.0,4.0,5.0,4.25,High
10,39,Male,IT Staff,Bachelor's (completed),6,Public,Dhaka,2.0,4.0,4.0,3.0,3.25,3.0,2.0,4.0,2.0,2.75,3.0,4.0,4.0,3.0,3.5,4.0,,4.0,3.0,3.0,3.5,4.0,4.0,4.0,5.0,4.25,High
11,23,Male,Doctor,Bachelor's (completed),0,NGO/Other,Semi-Urban,3.0,3.0,3.0,3.0,3.0,1.0,3.0,3.0,3.0,2.5,3.0,2.0,3.0,,2.6666666666666665,3.0,3.0,4.0,3.0,4.0,3.4,2.0,2.0,2.0,3.0,2.25,Low
12,50,Female,Nurse,Bachelor's (ongoing),20,Public,Semi-Urban,4.0,3.0,3.0,3.0,3.25,,3.0,3.0,3.0,3.0,3.0,3.0,3.0,3.0,3.0,2.0,3.0,3.0,2.0,3.0,2.6,3.0,3.0,5.0,4.0,3.75,Medium
13,42,Female,Doctor,Postgraduate/Doctoral,13,Public,Dhaka,5.0,4.0,,4.0,4.333333333333333,4.0,5.0,4.0,4.0,4.25,2.0,3.0,3.0,2.0,2.5,,2.0,2.0,2.0,2.0,2.0,2.0,1.0,1.0,1.0,1.25,Low
14,28,Female,Nurse,Secondary/HSC,3,Public,Other Urban,2.0,2.0,1.0,1.0,1.5,2.0,4.0,,4.0,3.3333333333333335,2.0,4.0,3.0,2.0,2.75,1.0,2.0,1.0,2.0,2.0,1.6,2.0,2.0,2.0,1.0,1.75,Low
15,28,Male,Nurse,Bachelor's (completed),5,Not Applicable,Semi-Urban,3.0,3.0,2.0,4.0,3.0,4.0,4.0,2.0,4.0,3.5,2.0,3.0,3.0,2.0,2.5,4.0,3.0,3.0,,2.0,3.0,3.0,4.0,4.0,1.0,3.0,Medium
16,28,Male,Hospital Administrator,Bachelor's (completed),6,Public,Dhaka,4.0,4.0,3.0,4.0,3.75,4.0,3.0,3.0,2.0,3.0,3.0,2.0,2.0,2.0,2.25,3.0,3.0,4.0,4.0,4.0,3.6,2.0,3.0,2.0,2.0,2.25,Low
17,30,Female,Nurse,Bachelor's (ongoing),3,NGO/Other,Other Urban,3.0,2.0,3.0,2.0,2.5,3.0,3.0,4.0,4.0,3.5,3.0,5.0,3.0,3.0,3.5,3.0,3.0,2.0,2.0,3.0,2.6,3.0,4.0,2.0,3.0,3.0,Medium
18,35,Male,Doctor,Postgraduate/Doctoral,7,Public,Dhaka,3.0,5.0,3.0,4.0,3.75,2.0,2.0,2.0,3.0,2.25,3.0,5.0,4.0,3.0,3.75,2.0,3.0,2.0,2.0,,2.25,3.0,4.0,4.0,3.0,3.5,Medium
19,33,Female,Hospital Administrator,Bachelor's (ongoing),8,Not Applicable,Dhaka,1.0,1.0,2.0,1.0,1.25,3.0,4.0,3.0,4.0,3.5,3.0,4.0,2.0,3.0,3.0,5.0,4.0,3.0,,3.0,3.75,2.0,2.0,1.0,1.0,1.5,Low
20,30,Female,Nurse,Bachelor's (completed),7,Public,Rural,4.0,4.0,4.0,5.0,4.25,5.0,4.0,4.0,4.0,4.25,2.0,1.0,3.0,,2.0,2.0,3.0,3.0,3.0,3.0,2.8,5.0,5.0,3.0,4.0,4.25,High
21,37,Female,IT Staff,Bachelor's (completed),8,Public,Chattogram,3.0,3.0,5.0,2.0,3.25,1.0,1.0,2.0,1.0,1.25,1.0,3.0,1.0,2.0,1.75,4.0,4.0,5.0,3.0,4.0,4.0,4.0,5.0,4.0,5.0,4.5,High
22,26,Male,Doctor,Bachelor's (completed),3,Private,Semi-Urban,3.0,3.0,2.0,2.0,2.5,3.0,4.0,5.0,4.0,4.0,4.0,5.0,4.0,5.0,4.5,4.0,3.0,4.0,4.0,5.0,4.0,4.0,3.0,3.0,4.0,3.5,Medium
23,30,Female,Doctor,Bachelor's (completed),6,Public,Semi-Urban,1.0,,1.0,2.0,1.3333333333333333,3.0,4.0,3.0,4.0,3.5,3.0,2.0,3.0,4.0,3.0,2.0,3.0,2.0,2.0,3.0,2.4,2.0,2.0,3.0,2.0,2.25,Low
24,32,Female,Nurse,Postgraduate/Doctoral,5,Private,Not Applicable,5.0,5.0,5.0,5.0,5.0,4.0,4.0,4.0,3.0,3.75,2.0,3.0,3.0,2.0,2.5,4.0,2.0,4.0,4.0,3.0,3.4,4.0,4.0,3.0,4.0,3.75,Medium
25,33,Female,Nurse,Bachelor's (completed),6,Private,Chattogram,4.0,4.0,4.0,4.0,4.0,4.0,4.0,4.0,3.0,3.75,1.0,2.0,1.0,1.0,1.25,3.0,4.0,3.0,3.0,4.0,3.4,3.0,5.0,4.0,4.0,4.0,High
26,41,Male,Nurse,Postgraduate/Doctoral,11,Private,Chattogram,5.0,4.0,4.0,3.0,4.0,3.0,3.0,3.0,4.0,3.25,3.0,3.0,2.0,4.0,3.0,4.0,4.0,5.0,5.0,4.0,4.4,4.0,5.0,4.0,4.0,4.25,High
27,28,Male,Healthcare Student,Bachelor's (completed),0,Public,Dhaka,4.0,5.0,4.0,4.0,4.25,3.0,3.0,3.0,,3.0,2.0,2.0,3.0,2.0,2.25,5.0,4.0,5.0,5.0,4.0,4.6,3.0,5.0,4.0,3.0,3.75,Medium
28,35,Male,Nurse,Bachelor's (completed),11,Private,Other Urban,4.0,4.0,3.0,4.0,3.75,2.0,2.0,2.0,,2.0,3.0,4.0,3.0,3.0,3.25,3.0,4.0,3.0,2.0,2.0,2.8,2.0,1.0,2.0,1.0,1.5,Low
29,36,Male,Hospital Administrator,Bachelor's (completed),6,Public,Chattogram,3.0,3.0,3.0,3.0,3.0,2.0,2.0,,3.0,2.3333333333333335,2.0,3.0,2.0,2.0,2.25,5.0,4.0,4.0,5.0,4.0,4.4,5.0,5.0,5.0,5.0,5.0,High
30,24,Female,Hospital Administrator,Postgraduate/Doctoral,0,Not Applicable,Semi-Urban,,3.0,4.0,5.0,4.0,1.0,1.0,2.0,,1.3333333333333333,2.0,1.0,3.0,2.0,2.0,,1.0,2.0,3.0,3.0,2.25,3.0,4.0,4.0,3.0,3.5,Medium
31,36,Female,Doctor,Postgraduate/Doctoral,8,Private,Dhaka,4.0,4.0,3.0,4.0,3.75,5.0,5.0,4.0,4.0,4.5,,3.0,4.0,3.0,3.3333333333333335,4.0,3.0,3.0,4.0,4.0,3.6,3.0,4.0,4.0,3.0,3.5,Medium
32,27,Female,Hospital Administrator,Bachelor's (completed),1,Private,Dhaka,3.0,4.0,4.0,4.0,3.75,4.0,3.0,4.0,3.0,3.5,2.0,2.0,2.0,3.0,2.25,2.0,2.0,1.0,2.0,2.0,1.8,3.0,3.0,2.0,3.0,2.75,Medium
33,24,Male,Nurse,Bachelor's (completed),1,NGO/Other,Rural,5.0,4.0,5.0,5.0,4.75,1.0,3.0,2.0,3.0,2.25,2.0,2.0,1.0,3.0,2.0,3.0,4.0,3.0,2.0,4.0,3.2,4.0,5.0,4.0,3.0,4.0,High
34,48,Male,Nurse,Bachelor's (completed),15,Private,Semi-Urban,2.0,2.0,2.0,2.0,2.0,4.0,4.0,4.0,5.0,4.25,4.0,3.0,3.0,4.0,3.5,4.0,3.0,4.0,4.0,4.0,3.8,3.0,4.0,3.0,4.0,3.5,Medium
35,50,Male,Doctor,Bachelor's (completed),18,Private,Dhaka,4.0,5.0,4.0,4.0,4.25,5.0,4.0,4.0,4.0,4.25,5.0,4.0,4.0,4.0,4.25,1.0,3.0,1.0,2.0,1.0,1.6,2.0,2.0,2.0,2.0,2.0,Low
36,42,Male,Healthcare Student,Bachelor's (ongoing),1,Public,Semi-Urban,2.0,2.0,3.0,1.0,2.0,3.0,5.0,4.0,4.0,4.0,4.0,4.0,5.0,4.0,4.25,4.0,4.0,3.0,3.0,3.0,3.4,3.0,4.0,4.0,3.0,3.5,Medium
37,30,Male,Other,Bachelor's (ongoing),4,Private,Chattogram,3.0,3.0,2.0,2.0,2.5,2.0,2.0,1.0,2.0,1.75,4.0,4.0,5.0,4.0,4.25,4.0,4.0,4.0,4.0,3.0,3.8,3.0,4.0,3.0,4.0,3.5,Medium
38,25,Male,Doctor,Postgraduate/Doctoral,2,Public,Semi-Urban,5.0,5.0,5.0,5.0,5.0,,1.0,1.0,1.0,1.0,1.0,1.0,2.0,3.0,1.75,3.0,3.0,3.0,4.0,3.0,3.2,5.0,5.0,5.0,5.0,5.0,High
39,38,Male,Hospital Administrator,Bachelor's (completed),8,Public,Chattogram,4.0,4.0,4.0,,4.0,5.0,4.0,4.0,3.0,4.0,4.0,4.0,5.0,4.0,4.25,2.0,2.0,2.0,2.0,2.0,2.0,3.0,3.0,3.0,3.0,3.0,Medium
40,33,Female,Healthcare Student,Bachelor's (completed),1,Not Applicable,Other Urban,5.0,5.0,5.0,4.0,4.75,,2.0,2.0,3.0,2.3333333333333335,1.0,2.0,1.0,2.0,1.5,3.0,4.0,2.0,5.0,4.0,3.6,5.0,5.0,5.0,5.0,5.0,High
41,26,Male,Nurse,Bachelor's (completed),2,Public,Dhaka,3.0,3.0,4.0,3.0,3.25,3.0,3.0,4.0,2.0,3.0,5.0,4.0,4.0,4.0,4.25,4.0,3.0,,4.0,4.0,3.75,3.0,4.0,3.0,3.0,3.25,Medium
42,34,Female,Healthcare Student,Bachelor's (completed),1,NGO/Other,Dhaka,4.0,5.0,5.0,5.0,4.75,3.0,4.0,3.0,,3.3333333333333335,5.0,4.0,4.0,5.0,4.5,4.0,4.0,4.0,5.0,3.0,4.0,3.0,4.0,3.0,4.0,3.5,Medium
43,23,Female,IT Staff,Bachelor's (ongoing),0,Public,Semi-Urban,3.0,4.0,4.0,3.0,3.5,4.0,3.0,3.0,3.0,3.25,,3.0,3.0,3.0,3.0,3.0,2.0,3.0,2.0,2.0,2.4,3.0,4.0,3.0,3.0,3.25,Medium
44,46,Male,Other,Postgraduate/Doctoral,24,Public,Chattogram,2.0,3.0,3.0,4.0,3.0,5.0,4.0,5.0,5.0,4.75,3.0,3.0,4.0,3.0,3.25,3.0,4.0,4.0,4.0,4.0,3.8,2.0,1.0,1.0,1.0,1.25,Low
45,29,Female,Other,Bachelor's (ongoing),4,NGO/Other,Dhaka,1.0,2.0,1.0,1.0,1.25,5.0,4.0,4.0,5.0,4.5,3.0,4.0,3.0,4.0,3.5,4.0,4.0,5.0,5.0,4.0,4.4,2.0,4.0,4.0,1.0,2.75,Medium
46,38,Female,Doctor,Bachelor's (completed),11,Public,Dhaka,4.0,3.0,3.0,4.0,3.5,4.0,5.0,5.0,4.0,4.5,4.0,,3.0,4.0,3.6666666666666665,4.0,3.0,3.0,4.0,3.0,3.4,4.0,5.0,3.0,4.0,4.0,High
47,30,Male,Nurse,Bachelor's (ongoing),5,Private,Chattogram,1.0,1.0,3.0,1.0,1.5,5.0,3.0,4.0,,4.0,2.0,2.0,2.0,3.0,2.25,3.0,3.0,4.0,4.0,3.0,3.4,3.0,1.0,3.0,1.0,2.0,Low
48,35,Male,Hospital Administrator,Bachelor's (completed),8,Private,Semi-Urban,4.0,3.0,3.0,3.0,3.25,4.0,5.0,5.0,4.0,4.5,4.0,2.0,3.0,3.0,3.0,5.0,4.0,5.0,5.0,5.0,4.8,4.0,4.0,4.0,5.0,4.25,High
49,35,Female,Doctor,Postgraduate/Doctoral,7,NGO/Other,Dhaka,3.0,3.0,3.0,2.0,2.75,3.0,3.0,4.0,,3.3333333333333335,2.0,4.0,3.0,3.0,3.0,3.0,4.0,4.0,3.0,,3.5,3.0,3.0,3.0,4.0,3.25,Medium
50,28,Male,Nurse,Bachelor's (completed),3,Public,Semi-Urban,5.0,5.0,4.0,5.0,4.75,2.0,1.0,2.0,2.0,1.75,2.0,3.0,4.0,3.0,3.0,3.0,1.0,3.0,2.0,2.0,2.2,1.0,2.0,3.0,3.0,2.25,Low
51,50,Male,Other,Postgraduate/Doctoral,17,Private,Rural,4.0,4.0,3.0,5.0,4.0,5.0,5.0,5.0,5.0,5.0,5.0,5.0,5.0,,5.0,3.0,4.0,3.0,4.0,4.0,3.6,3.0,3.0,3.0,2.0,2.75,Medium
52,41,Male,Doctor,Postgraduate/Doctoral,18,Private,Dhaka,,5.0,5.0,5.0,5.0,4.0,5.0,3.0,3.0,3.75,3.0,3.0,3.0,3.0,3.0,5.0,,5.0,5.0,5.0,5.0,4.0,5.0,5.0,5.0,4.75,High
53,47,Female,Nurse,Bachelor's (completed),19,Public,Semi-Urban,1.0,2.0,1.0,1.0,1.25,4.0,5.0,3.0,5.0,4.25,2.0,3.0,2.0,2.0,2.25,3.0,4.0,3.0,4.0,5.0,3.8,3.0,3.0,3.0,3.0,3.0,Medium
54,45,Female,Healthcare Student,Bachelor's (ongoing),0,Private,Dhaka,4.0,3.0,3.0,4.0,3.5,3.0,3.0,3.0,3.0,3.0,5.0,5.0,5.0,5.0,5.0,5.0,4.0,4.0,5.0,4.0,4.4,3.0,3.0,4.0,4.0,3.5,Medium
55,36,Female,Nurse,Bachelor's (completed),9,Public,Chattogram,2.0,2.0,1.0,1.0,1.5,4.0,4.0,5.0,5.0,4.5,3.0,1.0,1.0,2.0,1.75,2.0,2.0,1.0,1.0,1.0,1.4,2.0,2.0,2.0,2.0,2.0,Low
56,46,Female,Nurse,Bachelor's (completed),15,Private,Dhaka,3.0,3.0,3.0,3.0,3.0,1.0,1.0,1.0,1.0,1.0,4.0,3.0,2.0,3.0,3.0,2.0,2.0,4.0,3.0,3.0,2.8,5.0,4.0,5.0,5.0,4.75,High
57,25,Male,Other,Bachelor's (ongoing),2,Public,Dhaka,3.0,2.0,3.0,2.0,2.5,4.0,,3.0,3.0,3.3333333333333335,3.0,3.0,3.0,3.0,3.0,2.0,4.0,3.0,3.0,3.0,3.0,3.0,2.0,2.0,2.0,2.25,Low
58,28,Female,Nurse,Postgraduate/Doctoral,6,Public,Dhaka,3.0,4.0,3.0,3.0,3.25,4.0,,2.0,3.0,3.0,2.0,1.0,3.0,2.0,2.0,4.0,2.0,4.0,4.0,5.0,3.8,4.0,5.0,5.0,5.0,4.75,High
59,24,Male,Doctor,Postgraduate/Doctoral,2,Private,Dhaka,4.0,4.0,4.0,3.0,3.75,3.0,3.0,3.0,3.0,3.0,2.0,1.0,1.0,2.0,1.5,5.0,5.0,5.0,5.0,5.0,5.0,5.0,5.0,5.0,5.0,5.0,High
60,31,Male,Doctor,Postgraduate/Doctoral,4,Private,Semi-Urban,3.0,2.0,1.0,3.0,2.25,4.0,5.0,4.0,3.0,4.0,2.0,2.0,1.0,1.0,1.5,3.0,2.0,2.0,3.0,3.0,2.6,5.0,4.0,5.0,4.0,4.5,High
61,32,Female,Other,Postgraduate/Doctoral,1,Public,Other Urban,,3.0,2.0,3.0,2.6666666666666665,3.0,3.0,3.0,2.0,2.75,2.0,1.0,1.0,1.0,1.25,5.0,5.0,5.0,5.0,5.0,5.0,4.0,5.0,5.0,5.0,4.75,High
62,30,Male,Nurse,Bachelor's (completed),8,Public,Rural,2.0,2.0,,2.0,2.0,4.0,3.0,4.0,3.0,3.5,3.0,4.0,4.0,3.0,3.5,2.0,3.0,3.0,2.0,2.0,2.4,3.0,2.0,1.0,2.0,2.0,Low
63,42,Female,Hospital Administrator,Bachelor's (ongoing),17,Public,Other Urban,2.0,2.0,3.0,3.0,2.5,4.0,4.0,5.0,4.0,4.25,5.0,5.0,5.0,3.0,4.5,3.0,2.0,2.0,1.0,3.0,2.2,1.0,1.0,1.0,1.0,1.0,Low
64,31,Female,Doctor,Postgraduate/Doctoral,10,Private,Other Urban,5.0,5.0,5.0,5.0,5.0,5.0,5.0,5.0,5.0,5.0,1.0,2.0,2.0,1.0,1.5,4.0,4.0,3.0,,5.0,4.0,4.0,3.0,3.0,4.0,3.5,Medium
65,30,Female,Nurse,Bachelor's (ongoing),6,NGO/Other,Dhaka,4.0,3.0,2.0,3.0,3.0,2.0,5.0,3.0,4.0,3.5,4.0,4.0,4.0,4.0,4.0,4.0,4.0,5.0,5.0,5.0,4.6,3.0,3.0,4.0,3.0,3.25,Medium
66,35,Female,Other,Bachelor's (completed),8,Private,Other Urban,4.0,4.0,4.0,4.0,4.0,3.0,3.0,3.0,2.0,2.75,4.0,,4.0,3.0,3.6666666666666665,3.0,3.0,4.0,4.0,4.0,3.6,3.0,3.0,3.0,3.0,3.0,Medium
67,27,Female,Hospital Administrator,Bachelor's (completed),3,Private,Chattogram,3.0,4.0,3.0,2.0,3.0,,3.0,2.0,,2.5,2.0,2.0,2.0,3.0,2.25,2.0,3.0,3.0,3.0,2.0,2.6,3.0,4.0,4.0,4.0,3.75,Medium
68,41,Male,Other,Bachelor's (completed),11,Public,Rural,2.0,2.0,3.0,3.0,2.5,5.0,5.0,4.0,,4.666666666666667,2.0,1.0,1.0,2.0,1.5,3.0,3.0,3.0,3.0,4.0,3.2,3.0,2.0,2.0,3.0,2.5,Low
69,25,Male,Nurse,Postgraduate/Doctoral,1,Not Applicable,Not Applicable,3.0,3.0,5.0,4.0,3.75,4.0,3.0,3.0,2.0,3.0,1.0,1.0,1.0,2.0,1.25,2.0,2.0,2.0,2.0,2.0,2.0,5.0,3.0,4.0,4.0,4.0,High
70,53,Male,Hospital Administrator,Bachelor's (ongoing),22,Public,Dhaka,2.0,3.0,1.0,3.0,2.25,4.0,3.0,4.0,4.0,3.75,4.0,4.0,4.0,2.0,3.5,3.0,2.0,1.0,2.0,2.0,2.0,3.0,2.0,3.0,3.0,2.75,Medium
71,40,Male,Healthcare Student,Bachelor's (ongoing),1,Private,Other Urban,2.0,1.0,1.0,1.0,1.25,1.0,1.0,2.0,2.0,1.5,5.0,4.0,5.0,5.0,4.75,2.0,4.0,3.0,3.0,3.0,3.0,1.0,3.0,2.0,2.0,2.0,Low
72,28,Male,Nurse,Bachelor's (completed),5,Public,Other Urban,4.0,4.0,5.0,4.0,4.25,2.0,2.0,1.0,2.0,1.75,2.0,2.0,3.0,2.0,2.25,3.0,3.0,2.0,2.0,3.0,2.6,4.0,3.0,2.0,3.0,3.0,Medium
73,22,Female,Nurse,Bachelor's (completed),4,Public,Other Urban,,4.0,4.0,3.0,3.6666666666666665,3.0,3.0,4.0,3.0,3.25,1.0,1.0,2.0,3.0,1.75,4.0,4.0,3.0,5.0,4.0,4.0,4.0,4.0,4.0,4.0,4.0,High
74,42,Male,Healthcare Student,Bachelor's (ongoing),0,Not Applicable,Dhaka,2.0,1.0,1.0,1.0,1.25,4.0,3.0,3.0,3.0,3.25,5.0,4.0,4.0,3.0,4.0,3.0,3.0,3.0,2.0,3.0,2.8,1.0,2.0,1.0,1.0,1.25,Low
75,39,Male,Nurse,Secondary/HSC,17,Public,Other Urban,2.0,3.0,2.0,2.0,2.25,1.0,1.0,1.0,2.0,1.25,3.0,3.0,3.0,3.0,3.0,3.0,3.0,,3.0,3.0,3.0,2.0,2.0,3.0,3.0,2.5,Low
76,39,Male,Hospital Administrator,Bachelor's (completed),14,Public,Semi-Urban,3.0,2.0,4.0,3.0,3.0,4.0,4.0,4.0,3.0,3.75,3.0,3.0,3.0,4.0,3.25,2.0,1.0,2.0,3.0,2.0,2.0,1.0,3.0,2.0,2.0,2.0,Low
77,40,Male,Other,Bachelor's (completed),16,Public,Dhaka,2.0,3.0,3.0,2.0,2.5,3.0,1.0,2.0,1.0,1.75,,2.0,2.0,2.0,2.0,5.0,4.0,4.0,4.0,4.0,4.2,4.0,3.0,4.0,3.0,3.5,Medium
78,25,Female,Doctor,Postgraduate/Doctoral,1,Not Applicable,Other Urban,4.0,3.0,3.0,4.0,3.5,4.0,4.0,5.0,4.0,4.25,2.0,1.0,2.0,1.0,1.5,3.0,3.0,3.0,2.0,2.0,2.6,3.0,5.0,4.0,5.0,4.25,High
79,31,Female,Nurse,Bachelor's (ongoing),9,Private,Dhaka,2.0,3.0,2.0,1.0,2.0,3.0,3.0,,3.0,3.0,4.0,4.0,3.0,2.0,3.25,5.0,5.0,4.0,4.0,5.0,4.6,3.0,2.0,2.0,1.0,2.0,Low
80,26,Female,Doctor,Postgraduate/Doctoral,6,NGO/Other,Rural,3.0,3.0,4.0,4.0,3.5,3.0,3.0,3.0,3.0,3.0,4.0,4.0,4.0,5.0,4.25,4.0,3.0,5.0,5.0,5.0,4.4,4.0,3.0,4.0,4.0,3.75,Medium
81,43,Female,Nurse,Bachelor's (ongoing),15,NGO/Other,Dhaka,3.0,4.0,3.0,4.0,3.5,5.0,,4.0,4.0,4.333333333333333,5.0,5.0,5.0,4.0,4.75,3.0,4.0,4.0,3.0,3.0,3.4,2.0,2.0,3.0,3.0,2.5,Low
82,37,Male,Doctor,Bachelor's (completed),12,NGO/Other,Dhaka,3.0,3.0,4.0,3.0,3.25,3.0,4.0,4.0,4.0,3.75,3.0,3.0,2.0,1.0,2.25,3.0,3.0,4.0,,4.0,3.5,3.0,3.0,2.0,3.0,2.75,Medium
83,31,Female,IT Staff,Bachelor's (completed),5,Private,Dhaka,5.0,5.0,4.0,4.0,4.5,4.0,5.0,4.0,4.0,4.25,2.0,1.0,1.0,2.0,1.5,3.0,3.0,4.0,4.0,3.0,3.4,2.0,4.0,2.0,2.0,2.5,Low
84,24,Male,Doctor,Bachelor's (completed),5,Public,Semi-Urban,4.0,3.0,3.0,3.0,3.25,4.0,5.0,3.0,3.0,3.75,3.0,4.0,4.0,2.0,3.25,4.0,3.0,3.0,5.0,3.0,3.6,3.0,4.0,3.0,3.0,3.25,Medium
85,30,Male,IT Staff,Bachelor's (completed),4,Public,Semi-Urban,3.0,2.0,3.0,3.0,2.75,3.0,3.0,3.0,4.0,3.25,3.0,3.0,,2.0,2.6666666666666665,3.0,3.0,3.0,2.0,4.0,3.0,2.0,4.0,4.0,2.0,3.0,Medium
86,31,Male,Nurse,Postgraduate/Doctoral,7,Public,Dhaka,2.0,3.0,2.0,3.0,2.5,1.0,3.0,3.0,2.0,2.25,1.0,1.0,1.0,1.0,1.0,3.0,3.0,3.0,3.0,3.0,3.0,5.0,5.0,5.0,5.0,5.0,High
87,39,Female,Nurse,Bachelor's (completed),9,Private,Dhaka,2.0,3.0,2.0,1.0,2.0,3.0,3.0,4.0,3.0,3.25,2.0,3.0,2.0,3.0,2.5,3.0,4.0,4.0,4.0,4.0,3.8,4.0,3.0,4.0,5.0,4.0,High
88,37,Male,Nurse,Bachelor's (completed),4,Public,Semi-Urban,3.0,3.0,3.0,2.0,2.75,5.0,5.0,4.0,5.0,4.75,4.0,3.0,3.0,2.0,3.0,,2.0,2.0,1.0,2.0,1.75,3.0,2.0,3.0,3.0,2.75,Medium
89,44,Male,IT Staff,Bachelor's (ongoing),23,Public,Chattogram,3.0,3.0,3.0,1.0,2.5,2.0,3.0,3.0,3.0,2.75,3.0,2.0,2.0,2.0,2.25,3.0,2.0,3.0,4.0,4.0,3.2,3.0,3.0,3.0,3.0,3.0,Medium
90,34,Male,Nurse,Bachelor's (ongoing),8,Private,Dhaka,2.0,4.0,3.0,3.0,3.0,4.0,4.0,3.0,3.0,3.5,2.0,3.0,2.0,2.0,2.25,4.0,4.0,5.0,,4.0,4.25,2.0,2.0,3.0,3.0,2.5,Low
91,26,Male,Nurse,Bachelor's (ongoing),6,Public,Not Applicable,,3.0,4.0,4.0,3.6666666666666665,3.0,2.0,2.0,1.0,2.0,3.0,3.0,2.0,3.0,2.75,3.0,4.0,3.0,3.0,2.0,3.0,4.0,5.0,5.0,4.0,4.5,High
92,39,Female,Healthcare Student,Bachelor's (completed),1,Public,Dhaka,5.0,5.0,5.0,4.0,4.75,1.0,1.0,1.0,1.0,1.0,2.0,3.0,3.0,3.0,2.75,3.0,4.0,4.0,3.0,4.0,3.6,5.0,5.0,5.0,5.0,5.0,High
93,40,Male,Hospital Administrator,Postgraduate/Doctoral,17,Public,Chattogram,3.0,3.0,4.0,3.0,3.25,3.0,4.0,4.0,3.0,3.5,4.0,4.0,,3.0,3.6666666666666665,3.0,3.0,3.0,5.0,5.0,3.8,3.0,3.0,5.0,2.0,3.25,Medium
94,35,Male,Doctor,Bachelor's (completed),7,Private,Dhaka,5.0,4.0,5.0,5.0,4.75,,5.0,4.0,4.0,4.333333333333333,2.0,3.0,3.0,3.0,2.75,3.0,3.0,4.0,3.0,3.0,3.2,4.0,4.0,5.0,4.0,4.25,High
95,40,Male,Other,Bachelor's (ongoing),16,Public,Semi-Urban,3.0,4.0,3.0,4.0,3.5,3.0,4.0,4.0,3.0,3.5,4.0,5.0,4.0,4.0,4.25,3.0,3.0,2.0,2.0,3.0,2.6,3.0,3.0,3.0,2.0,2.75,Medium
96,34,Female,Nurse,Bachelor's (ongoing),7,Public,Semi-Urban,3.0,2.0,4.0,3.0,3.0,3.0,2.0,1.0,1.0,1.75,3.0,4.0,,3.0,3.3333333333333335,2.0,,3.0,3.0,2.0,2.5,3.0,4.0,5.0,4.0,4.0,High
97,35,Male,Doctor,Postgraduate/Doctoral,14,Public,Chattogram,3.0,5.0,4.0,,4.0,3.0,,4.0,3.0,3.3333333333333335,3.0,2.0,2.0,3.0,2.5,4.0,5.0,5.0,,5.0,4.75,5.0,4.0,3.0,3.0,3.75,Medium
98,33,Male,Nurse,Bachelor's (completed),7,Private,Other Urban,4.0,4.0,5.0,5.0,4.5,4.0,3.0,3.0,3.0,3.25,4.0,3.0,2.0,2.0,2.75,3.0,4.0,,5.0,3.0,3.75,2.0,2.0,3.0,2.0,2.25,Low
99,23,Male,Doctor,Postgraduate/Doctoral,2,Public,Rural,4.0,3.0,5.0,4.0,4.0,3.0,2.0,3.0,2.0,2.5,4.0,2.0,3.0,1.0,2.5,2.0,2.0,2.0,2.0,2.0,2.0,4.0,4.0,5.0,5.0,4.5,High
100,26,Female,Nurse,Postgraduate/Doctoral,8,Public,Semi-Urban,4.0,3.0,3.0,4.0,3.5,2.0,1.0,1.0,2.0,1.5,4.0,3.0,3.0,3.0,3.25,2.0,2.0,,3.0,4.0,2.75,3.0,4.0,4.0,4.0,3.75,Medium
101,23,Female,Healthcare Student,Bachelor's (ongoing),1,Not Applicable,Chattogram,2.0,4.0,3.0,1.0,2.5,3.0,2.0,2.0,4.0,2.75,3.0,2.0,3.0,2.0,2.5,2.0,1.0,2.0,2.0,1.0,1.6,1.0,2.0,1.0,1.0,1.25,Low
102,37,Female,Doctor,Postgraduate/Doctoral,9,NGO/Other,Chattogram,2.0,1.0,1.0,1.0,1.25,4.0,5.0,3.0,4.0,4.0,2.0,1.0,2.0,,1.6666666666666667,3.0,2.0,2.0,2.0,2.0,2.2,3.0,3.0,3.0,4.0,3.25,Medium
103,30,Male,Healthcare Student,Bachelor's (ongoing),0,Public,Rural,3.0,3.0,3.0,2.0,2.75,4.0,4.0,3.0,3.0,3.5,4.0,4.0,3.0,3.0,3.5,,3.0,3.0,5.0,4.0,3.75,2.0,2.0,2.0,2.0,2.0,Low
104,34,Female,Other,Bachelor's (ongoing),6,Public,Dhaka,1.0,2.0,1.0,3.0,1.75,2.0,2.0,2.0,2.0,2.0,3.0,4.0,5.0,4.0,4.0,3.0,3.0,3.0,3.0,3.0,3.0,3.0,3.0,3.0,4.0,3.25,Medium
105,45,Female,Hospital Administrator,Postgraduate/Doctoral,18,Public,Dhaka,3.0,3.0,3.0,3.0,3.0,4.0,4.0,4.0,4.0,4.0,4.0,4.0,3.0,4.0,3.75,3.0,3.0,3.0,2.0,,2.75,2.0,2.0,2.0,2.0,2.0,Low
106,29,Female,IT Staff,Bachelor's (ongoing),6,Private,Dhaka,4.0,4.0,4.0,4.0,4.0,3.0,4.0,2.0,4.0,3.25,3.0,2.0,3.0,3.0,2.75,3.0,3.0,2.0,2.0,3.0,2.6,4.0,5.0,4.0,4.0,4.25,High
107,32,Male,IT Staff,Bachelor's (completed),6,Public,Semi-Urban,2.0,3.0,3.0,3.0,2.75,1.0,1.0,2.0,2.0,1.5,,2.0,2.0,2.0,2.0,3.0,4.0,,4.0,4.0,3.75,4.0,5.0,5.0,5.0,4.75,High
108,40,Male,Other,Bachelor's (completed),8,NGO/Other,Dhaka,5.0,4.0,4.0,5.0,4.5,3.0,2.0,3.0,3.0,2.75,2.0,4.0,3.0,3.0,3.0,3.0,3.0,4.0,4.0,4.0,3.6,4.0,4.0,4.0,4.0,4.0,High
109,29,Male,Nurse,Postgraduate/Doctoral,4,Private,Dhaka,4.0,4.0,5.0,4.0,4.25,4.0,4.0,5.0,5.0,4.5,2.0,2.0,1.0,2.0,1.75,4.0,3.0,2.0,4.0,3.0,3.2,3.0,2.0,3.0,4.0,3.0,Medium
110,25,Female,Doctor,Postgraduate/Doctoral,2,Private,Other Urban,4.0,,4.0,3.0,3.6666666666666665,2.0,1.0,1.0,2.0,1.5,,1.0,2.0,1.0,1.3333333333333333,3.0,4.0,3.0,4.0,3.0,3.4,3.0,3.0,4.0,3.0,3.25,Medium
111,30,Male,Hospital Administrator,Bachelor's (completed),7,Public,Dhaka,3.0,4.0,3.0,2.0,3.0,4.0,4.0,4.0,4.0,4.0,4.0,4.0,4.0,3.0,3.75,5.0,5.0,5.0,5.0,4.0,4.8,3.0,3.0,3.0,4.0,3.25,Medium
112,27,Male,Hospital Administrator,Postgraduate/Doctoral,5,NGO/Other,Dhaka,3.0,3.0,2.0,3.0,2.75,5.0,4.0,4.0,4.0,4.25,1.0,2.0,1.0,1.0,1.25,4.0,5.0,4.0,5.0,3.0,4.2,4.0,5.0,5.0,5.0,4.75,High
113,47,Male,Doctor,Postgraduate/Doctoral,13,Private,Chattogram,4.0,2.0,4.0,4.0,3.5,4.0,3.0,3.0,4.0,3.5,4.0,4.0,5.0,5.0,4.5,4.0,5.0,5.0,5.0,5.0,4.8,2.0,2.0,4.0,3.0,2.75,Medium
114,42,Female,Hospital Administrator,Bachelor's (completed),14,Private,Dhaka,4.0,2.0,3.0,3.0,3.0,3.0,3.0,3.0,3.0,3.0,2.0,3.0,3.0,,2.6666666666666665,3.0,2.0,3.0,2.0,1.0,2.2,4.0,4.0,4.0,4.0,4.0,High
115,37,Male,Doctor,Postgraduate/Doctoral,16,Public,Not Applicable,3.0,3.0,3.0,3.0,3.0,4.0,5.0,3.0,3.0,3.75,,3.0,3.0,,3.0,3.0,3.0,3.0,3.0,3.0,3.0,3.0,3.0,2.0,4.0,3.0,Medium
116,44,Female,Other,Bachelor's (ongoing),20,Private,Dhaka,2.0,3.0,2.0,3.0,2.5,2.0,4.0,3.0,2.0,2.75,3.0,5.0,,4.0,4.0,2.0,2.0,2.0,3.0,4.0,2.6,2.0,1.0,2.0,1.0,1.5,Low
117,41,Female,Nurse,Bachelor's (completed),16,Private,Rural,2.0,4.0,1.0,2.0,2.25,1.0,1.0,2.0,1.0,1.25,3.0,3.0,4.0,4.0,3.5,3.0,4.0,2.0,4.0,3.0,3.2,4.0,3.0,5.0,3.0,3.75,Medium
118,28,Female,Doctor,Postgraduate/Doctoral,8,Not Applicable,Other Urban,4.0,2.0,1.0,3.0,2.5,4.0,3.0,2.0,2.0,2.75,3.0,2.0,,2.0,2.3333333333333335,4.0,5.0,5.0,5.0,5.0,4.8,4.0,4.0,3.0,5.0,4.0,High
119,45,Male,Doctor,Bachelor's (completed),14,Private,Dhaka,4.0,3.0,4.0,3.0,3.5,5.0,3.0,3.0,4.0,3.75,3.0,4.0,4.0,,3.6666666666666665,5.0,3.0,4.0,5.0,3.0,4.0,5.0,3.0,5.0,5.0,4.5,High
120,35,Female,Nurse,Bachelor's (completed),8,Private,Dhaka,5.0,4.0,4.0,3.0,4.0,3.0,4.0,4.0,3.0,3.5,2.0,2.0,4.0,4.0,3.0,2.0,3.0,2.0,3.0,3.0,2.6,4.0,1.0,3.0,1.0,2.25,Low
121,42,Female,Nurse,Postgraduate/Doctoral,17,Public,Chattogram,3.0,4.0,1.0,3.0,2.75,,,2.0,2.0,2.0,3.0,1.0,2.0,2.0,2.0,3.0,2.0,,3.0,4.0,3.0,3.0,2.0,4.0,4.0,3.25,Medium
122,45,Female,Doctor,Postgraduate/Doctoral,16,Private,Dhaka,4.0,3.0,4.0,3.0,3.5,3.0,3.0,3.0,4.0,3.25,4.0,5.0,3.0,5.0,4.25,5.0,4.0,3.0,,4.0,4.0,3.0,3.0,4.0,2.0,3.0,Medium
123,31,Male,Nurse,Postgraduate/Doctoral,13,NGO/Other,Dhaka,5.0,5.0,5.0,4.0,4.75,3.0,5.0,4.0,5.0,4.25,2.0,3.0,1.0,,2.0,3.0,4.0,4.0,4.0,5.0,4.0,5.0,5.0,4.0,5.0,4.75,High
124,26,Male,Doctor,Postgraduate/Doctoral,2,Private,Rural,5.0,,4.0,5.0,4.666666666666667,2.0,3.0,2.0,4.0,2.75,2.0,1.0,1.0,1.0,1.25,4.0,4.0,4.0,3.0,5.0,4.0,4.0,4.0,5.0,3.0,4.0,High
125,29,Male,Nurse,Postgraduate/Doctoral,5,Public,Chattogram,4.0,5.0,3.0,2.0,3.5,1.0,2.0,1.0,1.0,1.25,2.0,2.0,1.0,1.0,1.5,3.0,3.0,3.0,4.0,3.0,3.2,4.0,5.0,5.0,5.0,4.75,High
126,33,Male,Nurse,Bachelor's (ongoing),11,Public,Rural,1.0,2.0,2.0,1.0,1.5,4.0,4.0,5.0,5.0,4.5,3.0,4.0,5.0,5.0,4.25,3.0,2.0,3.0,3.0,2.0,2.6,1.0,1.0,1.0,1.0,1.0,Low
127,42,Male,Nurse,Bachelor's (completed),15,Private,Dhaka,2.0,2.0,,2.0,2.0,3.0,3.0,3.0,3.0,3.0,3.0,2.0,3.0,3.0,2.75,5.0,3.0,3.0,5.0,3.0,3.8,4.0,3.0,4.0,3.0,3.5,Medium
128,43,Male,Nurse,Bachelor's (completed),12,NGO/Other,Dhaka,3.0,3.0,3.0,3.0,3.0,4.0,3.0,4.0,4.0,3.75,5.0,5.0,4.0,5.0,4.75,4.0,4.0,4.0,4.0,4.0,4.0,4.0,3.0,2.0,4.0,3.25,Medium
129,22,Male,Doctor,Postgraduate/Doctoral,4,Public,Other Urban,5.0,5.0,5.0,5.0,5.0,1.0,1.0,2.0,,1.3333333333333333,2.0,2.0,4.0,3.0,2.75,4.0,4.0,4.0,3.0,4.0,3.8,5.0,5.0,5.0,4.0,4.75,High
130,34,Female,Doctor,Postgraduate/Doctoral,9,Public,Dhaka,2.0,4.0,3.0,4.0,3.25,2.0,4.0,4.0,3.0,3.25,3.0,2.0,2.0,3.0,2.5,3.0,4.0,2.0,3.0,4.0,3.2,3.0,3.0,4.0,4.0,3.5,Medium
131,33,Male,Doctor,Postgraduate/Doctoral,7,NGO/Other,Dhaka,2.0,3.0,4.0,4.0,3.25,3.0,5.0,3.0,2.0,3.25,3.0,2.0,3.0,3.0,2.75,3.0,4.0,3.0,3.0,4.0,3.4,3.0,3.0,4.0,3.0,3.25,Medium
132,28,Female,Healthcare Student,Bachelor's (completed),0,Private,Dhaka,3.0,,,,3.0,3.0,2.0,3.0,2.0,2.5,5.0,5.0,5.0,5.0,5.0,3.0,4.0,4.0,4.0,3.0,3.6,3.0,3.0,2.0,2.0,2.5,Low
133,26,Female,Other,Bachelor's (ongoing),6,Public,Dhaka,2.0,3.0,2.0,3.0,2.5,3.0,2.0,2.0,1.0,2.0,2.0,2.0,1.0,1.0,1.5,2.0,3.0,2.0,2.0,4.0,2.6,3.0,3.0,3.0,4.0,3.25,Medium
134,31,Male,Other,Bachelor's (ongoing),12,Public,Semi-Urban,2.0,3.0,4.0,3.0,3.0,2.0,1.0,1.0,1.0,1.25,3.0,4.0,3.0,3.0,3.25,1.0,3.0,2.0,2.0,2.0,2.0,3.0,2.0,3.0,4.0,3.0,Medium
135,48,Female,Hospital Administrator,Bachelor's (completed),21,Public,Dhaka,2.0,2.0,2.0,1.0,1.75,5.0,4.0,5.0,5.0,4.75,3.0,3.0,2.0,3.0,2.75,3.0,4.0,4.0,4.0,4.0,3.8,2.0,2.0,2.0,1.0,1.75,Low
136,31,Male,Hospital Administrator,Secondary/HSC,4,Public,Not Applicable,3.0,3.0,2.0,3.0,2.75,3.0,3.0,2.0,4.0,3.0,4.0,3.0,3.0,3.0,3.25,2.0,4.0,,2.0,2.0,2.5,2.0,2.0,2.0,2.0,2.0,Low
137,35,Female,Nurse,Bachelor's (completed),7,Private,Dhaka,3.0,2.0,3.0,3.0,2.75,4.0,4.0,4.0,4.0,4.0,3.0,4.0,3.0,2.0,3.0,5.0,5.0,4.0,5.0,4.0,4.6,2.0,3.0,2.0,2.0,2.25,Low
138,39,Male,Healthcare Student,Bachelor's (completed),0,Private,Dhaka,4.0,5.0,5.0,5.0,4.75,4.0,3.0,4.0,4.0,3.75,3.0,4.0,2.0,3.0,3.0,3.0,4.0,4.0,,3.0,3.5,3.0,3.0,3.0,3.0,3.0,Medium
139,31,Female,Healthcare Student,Bachelor's (completed),0,NGO/Other,Dhaka,2.0,3.0,1.0,1.0,1.75,3.0,4.0,3.0,3.0,3.25,3.0,3.0,4.0,3.0,3.25,4.0,4.0,4.0,5.0,4.0,4.2,3.0,2.0,3.0,3.0,2.75,Medium
140,50,Male,Healthcare Student,Bachelor's (completed),0,NGO/Other,Chattogram,4.0,4.0,4.0,5.0,4.25,3.0,3.0,4.0,3.0,3.25,3.0,3.0,4.0,3.0,3.25,3.0,4.0,4.0,5.0,3.0,3.8,3.0,3.0,3.0,3.0,3.0,Medium
141,49,Male,Healthcare Student,Bachelor's (ongoing),0,Public,Rural,2.0,3.0,4.0,3.0,3.0,5.0,3.0,4.0,5.0,4.25,3.0,3.0,4.0,4.0,3.5,3.0,4.0,4.0,3.0,3.0,3.4,3.0,1.0,2.0,1.0,1.75,Low
142,29,Male,Nurse,Bachelor's (completed),3,Public,Semi-Urban,2.0,2.0,3.0,3.0,2.5,4.0,4.0,3.0,,3.6666666666666665,3.0,3.0,3.0,2.0,2.75,1.0,2.0,2.0,3.0,2.0,2.0,4.0,3.0,3.0,3.0,3.25,Medium
143,34,Female,Healthcare Student,Secondary/HSC,0,Public,Dhaka,1.0,1.0,2.0,1.0,1.25,4.0,3.0,3.0,,3.3333333333333335,4.0,4.0,4.0,4.0,4.0,5.0,4.0,4.0,4.0,3.0,4.0,3.0,2.0,3.0,3.0,2.75,Medium
144,30,Female,Healthcare Student,Bachelor's (ongoing),1,Public,Chattogram,2.0,2.0,2.0,1.0,1.75,4.0,5.0,4.0,5.0,4.5,3.0,3.0,3.0,2.0,2.75,4.0,3.0,5.0,4.0,3.0,3.8,2.0,2.0,2.0,2.0,2.0,Low
145,30,Male,Nurse,Bachelor's (completed),6,Private,Semi-Urban,3.0,3.0,2.0,3.0,2.75,2.0,,2.0,1.0,1.6666666666666667,5.0,5.0,4.0,4.0,4.5,2.0,2.0,2.0,2.0,1.0,1.8,1.0,2.0,2.0,2.0,1.75,Low
146,23,Male,Other,Bachelor's (ongoing),5,Public,Dhaka,3.0,,3.0,3.0,3.0,1.0,1.0,2.0,1.0,1.25,4.0,5.0,5.0,4.0,4.5,5.0,,5.0,5.0,5.0,5.0,5.0,5.0,5.0,4.0,4.75,High
147,37,Male,Doctor,Bachelor's (ongoing),10,Private,Other Urban,2.0,2.0,3.0,1.0,2.0,4.0,5.0,4.0,5.0,4.5,,4.0,5.0,5.0,4.666666666666667,5.0,5.0,5.0,5.0,5.0,5.0,2.0,3.0,3.0,3.0,2.75,Medium
148,34,Male,Other,Bachelor's (completed),9,Public,Dhaka,2.0,3.0,2.0,2.0,2.25,3.0,1.0,2.0,1.0,1.75,3.0,2.0,4.0,3.0,3.0,4.0,4.0,4.0,5.0,3.0,4.0,3.0,3.0,4.0,4.0,3.5,Medium
149,24,Male,Healthcare Student,Bachelor's (ongoing),1,Public,Chattogram,5.0,5.0,5.0,5.0,5.0,5.0,4.0,3.0,5.0,4.25,2.0,3.0,4.0,3.0,3.0,3.0,3.0,3.0,3.0,4.0,3.2,4.0,3.0,4.0,3.0,3.5,Medium
150,30,Male,Doctor,Postgraduate/Doctoral,4,Public,Chattogram,3.0,4.0,5.0,4.0,4.0,5.0,5.0,4.0,5.0,4.75,3.0,3.0,4.0,4.0,3.5,5.0,4.0,4.0,4.0,4.0,4.2,2.0,4.0,3.0,2.0,2.75,Medium
151,45,Female,IT Staff,Bachelor's (completed),14,Private,Chattogram,3.0,3.0,3.0,,3.0,5.0,4.0,4.0,4.0,4.25,4.0,3.0,4.0,4.0,3.75,3.0,4.0,4.0,4.0,3.0,3.6,4.0,3.0,5.0,4.0,4.0,High
152,29,Female,Doctor,Postgraduate/Doctoral,5,Private,Rural,3.0,3.0,4.0,4.0,3.5,3.0,4.0,4.0,4.0,3.75,3.0,3.0,4.0,2.0,3.0,4.0,3.0,3.0,3.0,4.0,3.4,2.0,2.0,1.0,2.0,1.75,Low
153,27,Male,Healthcare Student,Bachelor's (ongoing),0,Not Applicable,Other Urban,2.0,2.0,3.0,2.0,2.25,2.0,2.0,3.0,2.0,2.25,3.0,3.0,3.0,2.0,2.75,4.0,4.0,4.0,4.0,5.0,4.2,4.0,5.0,4.0,5.0,4.5,High
154,34,Female,Healthcare Student,Bachelor's (ongoing),0,Public,Rural,3.0,2.0,2.0,2.0,2.25,2.0,1.0,3.0,2.0,2.0,3.0,4.0,3.0,4.0,3.5,2.0,2.0,,2.0,2.0,2.0,4.0,4.0,3.0,4.0,3.75,Medium
155,53,Male,Hospital Administrator,Bachelor's (completed),20,Private,Semi-Urban,2.0,4.0,1.0,2.0,2.25,5.0,5.0,4.0,5.0,4.75,4.0,4.0,4.0,4.0,4.0,2.0,3.0,2.0,2.0,3.0,2.4,1.0,1.0,2.0,1.0,1.25,Low
156,29,Female,Healthcare Student,Secondary/HSC,1,Not Applicable,Chattogram,2.0,3.0,3.0,2.0,2.5,2.0,1.0,2.0,1.0,1.5,4.0,,4.0,4.0,4.0,4.0,3.0,3.0,2.0,3.0,3.0,3.0,4.0,3.0,3.0,3.25,Medium
157,38,Male,Doctor,Postgraduate/Doctoral,11,Public,Chattogram,5.0,5.0,4.0,4.0,4.5,4.0,5.0,5.0,5.0,4.75,1.0,3.0,3.0,2.0,2.25,,4.0,4.0,5.0,3.0,4.0,3.0,3.0,2.0,1.0,2.25,Low
158,40,Female,Nurse,Bachelor's (ongoing),15,Public,Chattogram,3.0,2.0,1.0,2.0,2.0,4.0,4.0,3.0,4.0,3.75,4.0,3.0,3.0,4.0,3.5,2.0,1.0,3.0,2.0,2.0,2.0,2.0,2.0,2.0,2.0,2.0,Low
159,29,Female,Nurse,Bachelor's (completed),5,Public,Semi-Urban,3.0,3.0,5.0,4.0,3.75,3.0,3.0,2.0,3.0,2.75,5.0,4.0,4.0,4.0,4.25,3.0,4.0,2.0,3.0,3.0,3.0,5.0,4.0,3.0,2.0,3.5,Medium
160,39,Female,Doctor,Bachelor's (completed),12,Public,Dhaka,4.0,3.0,3.0,3.0,3.25,4.0,4.0,4.0,4.0,4.0,2.0,2.0,2.0,2.0,2.0,3.0,3.0,3.0,4.0,4.0,3.4,3.0,4.0,4.0,4.0,3.75,Medium
161,32,Male,Nurse,Bachelor's (completed),10,NGO/Other,Rural,3.0,4.0,3.0,4.0,3.5,3.0,3.0,2.0,2.0,2.5,2.0,2.0,2.0,2.0,2.0,2.0,3.0,2.0,2.0,2.0,2.2,2.0,3.0,3.0,4.0,3.0,Medium
162,37,Female,Nurse,Bachelor's (ongoing),10,Public,Other Urban,4.0,3.0,3.0,2.0,3.0,3.0,3.0,2.0,3.0,2.75,,3.0,2.0,3.0,2.6666666666666665,1.0,1.0,1.0,1.0,1.0,1.0,3.0,4.0,3.0,3.0,3.25,Medium
163,37,Male,Nurse,Postgraduate/Doctoral,13,Private,Other Urban,5.0,3.0,3.0,5.0,4.0,3.0,5.0,4.0,4.0,4.0,1.0,,2.0,1.0,1.3333333333333333,3.0,3.0,3.0,2.0,2.0,2.6,3.0,3.0,4.0,4.0,3.5,Medium
164,35,Male,Nurse,Bachelor's (ongoing),10,Private,Chattogram,2.0,4.0,2.0,3.0,2.75,5.0,5.0,4.0,,4.666666666666667,5.0,5.0,4.0,5.0,4.75,3.0,4.0,4.0,3.0,4.0,3.6,4.0,4.0,3.0,3.0,3.5,Medium
165,25,Female,Healthcare Student,Bachelor's (completed),1,Private,Other Urban,3.0,3.0,3.0,4.0,3.25,3.0,3.0,4.0,3.0,3.25,4.0,4.0,4.0,3.0,3.75,3.0,4.0,4.0,4.0,4.0,3.8,4.0,3.0,4.0,2.0,3.25,Medium
166,42,Male,Nurse,Bachelor's (ongoing),20,Private,Other Urban,3.0,3.0,3.0,3.0,3.0,1.0,3.0,3.0,4.0,2.75,4.0,4.0,3.0,4.0,3.75,3.0,4.0,4.0,4.0,3.0,3.6,2.0,2.0,1.0,1.0,1.5,Low
167,31,Female,Healthcare Student,Secondary/HSC,1,Public,Other Urban,2.0,1.0,3.0,2.0,2.0,4.0,3.0,4.0,4.0,3.75,4.0,4.0,5.0,4.0,4.25,4.0,3.0,3.0,3.0,4.0,3.4,2.0,2.0,3.0,2.0,2.25,Low
168,28,Female,Nurse,Bachelor's (completed),12,Private,Dhaka,3.0,3.0,3.0,4.0,3.25,1.0,1.0,1.0,1.0,1.0,3.0,3.0,2.0,2.0,2.5,,3.0,2.0,,3.0,2.6666666666666665,3.0,4.0,4.0,4.0,3.75,Medium
169,24,Male,Nurse,Bachelor's (completed),1,Public,Other Urban,4.0,4.0,4.0,3.0,3.75,3.0,4.0,3.0,3.0,3.25,1.0,1.0,1.0,1.0,1.0,2.0,2.0,3.0,2.0,2.0,2.2,4.0,4.0,5.0,4.0,4.25,High
170,36,Female,Hospital Administrator,Bachelor's (completed),5,Public,Dhaka,3.0,2.0,4.0,2.0,2.75,4.0,4.0,4.0,3.0,3.75,4.0,5.0,5.0,5.0,4.75,4.0,4.0,4.0,3.0,5.0,4.0,2.0,3.0,3.0,2.0,2.5,Low
171,38,Male,Nurse,Postgraduate/Doctoral,10,Public,Other Urban,4.0,2.0,4.0,4.0,3.5,3.0,3.0,2.0,3.0,2.75,4.0,3.0,3.0,4.0,3.5,4.0,2.0,3.0,4.0,2.0,3.0,3.0,5.0,4.0,3.0,3.75,Medium
172,23,Male,Nurse,Bachelor's (completed),0,Private,Other Urban,4.0,4.0,5.0,4.0,4.25,4.0,,4.0,3.0,3.6666666666666665,2.0,3.0,3.0,5.0,3.25,3.0,4.0,5.0,4.0,4.0,4.0,3.0,5.0,4.0,4.0,4.0,High
173,34,Male,Hospital Administrator,Postgraduate/Doctoral,13,Private,Dhaka,5.0,5.0,5.0,5.0,5.0,3.0,3.0,2.0,4.0,3.0,2.0,1.0,2.0,2.0,1.75,4.0,2.0,4.0,5.0,4.0,3.8,5.0,5.0,5.0,5.0,5.0,High
174,29,Female,Doctor,Bachelor's (completed),7,Private,Semi-Urban,2.0,4.0,4.0,2.0,3.0,2.0,1.0,2.0,2.0,1.75,3.0,4.0,2.0,2.0,2.75,4.0,4.0,5.0,5.0,3.0,4.2,2.0,2.0,3.0,1.0,2.0,Low
175,37,Male,Nurse,Bachelor's (completed),10,Public,Chattogram,4.0,3.0,3.0,,3.3333333333333335,4.0,4.0,,3.0,3.6666666666666665,3.0,3.0,2.0,1.0,2.25,3.0,3.0,4.0,3.0,3.0,3.2,3.0,2.0,2.0,1.0,2.0,Low
176,27,Male,Hospital Administrator,Bachelor's (completed),2,Not Applicable,Other Urban,2.0,2.0,2.0,1.0,1.75,2.0,2.0,2.0,3.0,2.25,2.0,3.0,2.0,3.0,2.5,5.0,4.0,5.0,5.0,4.0,4.6,3.0,3.0,3.0,2.0,2.75,Medium
177,38,Male,Nurse,Bachelor's (completed),18,Public,Other Urban,4.0,4.0,4.0,4.0,4.0,4.0,4.0,4.0,,4.0,3.0,3.0,3.0,3.0,3.0,3.0,5.0,5.0,5.0,5.0,4.6,3.0,4.0,5.0,3.0,3.75,Medium
178,32,Other/Prefer not to say,Healthcare Student,Postgraduate/Doctoral,1,Not Applicable,Semi-Urban,2.0,3.0,2.0,3.0,2.5,1.0,1.0,2.0,1.0,1.25,3.0,2.0,2.0,3.0,2.5,3.0,3.0,4.0,3.0,4.0,3.4,3.0,2.0,2.0,2.0,2.25,Low
179,47,Female,Nurse,Bachelor's (completed),18,Private,Semi-Urban,1.0,2.0,1.0,2.0,1.5,3.0,3.0,4.0,4.0,3.5,2.0,3.0,3.0,4.0,3.0,3.0,4.0,3.0,3.0,4.0,3.4,2.0,2.0,2.0,3.0,2.25,Low
180,26,Female,Other,Bachelor's (completed),2,Private,Dhaka,4.0,4.0,4.0,4.0,4.0,2.0,2.0,3.0,,2.3333333333333335,4.0,5.0,4.0,5.0,4.5,3.0,4.0,4.0,2.0,1.0,2.8,5.0,5.0,5.0,5.0,5.0,High
181,31,Female,Healthcare Student,Bachelor's (completed),1,Private,Dhaka,2.0,2.0,,3.0,2.3333333333333335,2.0,2.0,2.0,3.0,2.25,3.0,2.0,4.0,3.0,3.0,5.0,4.0,4.0,5.0,4.0,4.4,3.0,4.0,3.0,4.0,3.5,Medium
182,26,Female,Other,Secondary/HSC,6,Private,Other Urban,1.0,2.0,3.0,2.0,2.0,4.0,2.0,3.0,3.0,3.0,3.0,4.0,5.0,4.0,4.0,3.0,4.0,5.0,5.0,4.0,4.2,3.0,3.0,3.0,3.0,3.0,Medium
183,46,Male,Healthcare Student,Bachelor's (completed),0,Not Applicable,Dhaka,2.0,3.0,2.0,3.0,2.5,4.0,3.0,3.0,3.0,3.25,3.0,4.0,3.0,3.0,3.25,4.0,3.0,3.0,4.0,4.0,3.6,2.0,3.0,2.0,2.0,2.25,Low
184,44,Male,Doctor,Postgraduate/Doctoral,15,Public,Dhaka,4.0,4.0,4.0,5.0,4.25,4.0,4.0,4.0,5.0,4.25,2.0,3.0,1.0,1.0,1.75,4.0,5.0,4.0,,4.0,4.25,3.0,5.0,4.0,5.0,4.25,High
185,29,Female,Hospital Administrator,Postgraduate/Doctoral,2,Private,Dhaka,4.0,3.0,3.0,2.0,3.0,4.0,3.0,3.0,4.0,3.5,1.0,2.0,2.0,3.0,2.0,4.0,4.0,4.0,4.0,4.0,4.0,4.0,4.0,4.0,5.0,4.25,High
186,38,Female,Doctor,Postgraduate/Doctoral,17,Public,Dhaka,4.0,3.0,5.0,3.0,3.75,4.0,3.0,4.0,3.0,3.5,3.0,2.0,2.0,2.0,2.25,3.0,4.0,5.0,4.0,4.0,4.0,3.0,3.0,4.0,3.0,3.25,Medium
187,42,Male,Healthcare Student,Bachelor's (ongoing),1,Private,Not Applicable,2.0,1.0,2.0,1.0,1.5,4.0,3.0,3.0,3.0,3.25,4.0,5.0,5.0,5.0,4.75,3.0,4.0,4.0,3.0,5.0,3.8,1.0,1.0,1.0,1.0,1.0,Low
188,35,Male,Hospital Administrator,Bachelor's (ongoing),9,Private,Dhaka,3.0,3.0,4.0,4.0,3.5,3.0,2.0,3.0,4.0,3.0,4.0,4.0,4.0,4.0,4.0,4.0,4.0,4.0,4.0,5.0,4.2,2.0,1.0,3.0,2.0,2.0,Low
189,35,Female,Nurse,Bachelor's (ongoing),15,Private,Dhaka,3.0,4.0,4.0,3.0,3.5,3.0,2.0,2.0,3.0,2.5,3.0,3.0,5.0,5.0,4.0,3.0,3.0,4.0,3.0,4.0,3.4,3.0,4.0,3.0,4.0,3.5,Medium
190,29,Male,Other,Bachelor's (ongoing),5,Private,Rural,1.0,2.0,2.0,1.0,1.5,2.0,3.0,4.0,3.0,3.0,5.0,4.0,4.0,4.0,4.25,3.0,4.0,4.0,4.0,3.0,3.6,2.0,1.0,2.0,1.0,1.5,Low
191,25,Female,Doctor,Bachelor's (completed),4,Public,Not Applicable,4.0,4.0,4.0,4.0,4.0,2.0,3.0,2.0,2.0,2.25,4.0,3.0,4.0,3.0,3.5,3.0,4.0,4.0,5.0,4.0,4.0,5.0,5.0,5.0,4.0,4.75,High
192,45,Male,Hospital Administrator,Bachelor's (completed),9,Private,Dhaka,2.0,2.0,2.0,2.0,2.0,5.0,5.0,4.0,4.0,4.5,5.0,3.0,3.0,4.0,3.75,4.0,3.0,2.0,4.0,3.0,3.2,2.0,1.0,2.0,1.0,1.5,Low
193,45,Male,Healthcare Student,Bachelor's (ongoing),0,Public,Rural,2.0,2.0,3.0,2.0,2.25,4.0,3.0,3.0,3.0,3.25,4.0,5.0,5.0,5.0,4.75,3.0,3.0,,3.0,3.0,3.0,2.0,1.0,1.0,1.0,1.25,Low
194,37,Female,Doctor,Postgraduate/Doctoral,7,Private,Dhaka,3.0,2.0,3.0,2.0,2.5,,4.0,4.0,5.0,4.333333333333333,3.0,3.0,3.0,3.0,3.0,2.0,1.0,3.0,1.0,2.0,1.8,3.0,5.0,3.0,4.0,3.75,Medium
195,31,Male,Hospital Administrator,Bachelor's (completed),7,Private,Semi-Urban,3.0,4.0,4.0,3.0,3.5,1.0,2.0,2.0,2.0,1.75,2.0,2.0,1.0,1.0,1.5,4.0,3.0,4.0,4.0,4.0,3.8,4.0,4.0,3.0,3.0,3.5,Medium
196,31,Male,Healthcare Student,Bachelor's (ongoing),0,Not Applicable,Dhaka,4.0,5.0,5.0,5.0,4.75,4.0,4.0,4.0,3.0,3.75,2.0,3.0,4.0,2.0,2.75,,4.0,5.0,5.0,4.0,4.5,2.0,2.0,3.0,2.0,2.25,Low
197,39,Female,Doctor,Bachelor's (completed),15,Public,Chattogram,3.0,3.0,3.0,2.0,2.75,3.0,4.0,4.0,3.0,3.5,2.0,2.0,3.0,2.0,2.25,3.0,3.0,3.0,4.0,3.0,3.2,1.0,2.0,3.0,2.0,2.0,Low
198,45,Female,Hospital Administrator,Postgraduate/Doctoral,18,Public,Dhaka,3.0,,4.0,4.0,3.6666666666666665,3.0,3.0,2.0,2.0,2.5,,4.0,3.0,2.0,3.0,,3.0,4.0,4.0,3.0,3.5,2.0,4.0,3.0,4.0,3.25,Medium
199,44,Male,Nurse,Bachelor's (ongoing),20,Private,Semi-Urban,2.0,1.0,2.0,2.0,1.75,5.0,4.0,5.0,5.0,4.75,3.0,3.0,4.0,3.0,3.25,3.0,2.0,3.0,3.0,3.0,2.8,1.0,1.0,2.0,1.0,1.25,Low
200,41,Male,IT Staff,Bachelor's (ongoing),13,Public,Dhaka,2.0,2.0,2.0,2.0,2.0,4.0,3.0,3.0,4.0,3.5,4.0,4.0,4.0,4.0,4.0,2.0,4.0,4.0,4.0,3.0,3.4,1.0,1.0,2.0,2.0,1.5,Low
201,37,Female,Doctor,Bachelor's (completed),13,Public,Chattogram,5.0,4.0,5.0,5.0,4.75,3.0,4.0,4.0,5.0,4.0,4.0,4.0,4.0,4.0,4.0,4.0,4.0,4.0,3.0,3.0,3.6,1.0,1.0,2.0,2.0,1.5,Low
202,25,Female,Other,Bachelor's (completed),1,Public,Semi-Urban,4.0,4.0,4.0,4.0,4.0,4.0,3.0,3.0,3.0,3.25,4.0,4.0,3.0,4.0,3.75,2.0,2.0,2.0,3.0,1.0,2.0,4.0,4.0,3.0,3.0,3.5,Medium
203,27,Male,Healthcare Student,Bachelor's (ongoing),0,Private,Dhaka,1.0,2.0,2.0,1.0,1.5,4.0,2.0,3.0,,3.0,4.0,4.0,,4.0,4.0,3.0,2.0,3.0,4.0,3.0,3.0,4.0,2.0,4.0,2.0,3.0,Medium
204,45,Male,Doctor,Postgraduate/Doctoral,17,Public,Rural,2.0,3.0,2.0,3.0,2.5,3.0,3.0,3.0,4.0,3.25,2.0,1.0,1.0,2.0,1.5,2.0,2.0,2.0,2.0,2.0,2.0,1.0,2.0,2.0,2.0,1.75,Low
205,36,Male,Nurse,Bachelor's (completed),8,Private,Dhaka,3.0,3.0,3.0,3.0,3.0,3.0,3.0,4.0,3.0,3.25,2.0,2.0,3.0,2.0,2.25,3.0,4.0,4.0,4.0,5.0,4.0,2.0,1.0,3.0,1.0,1.75,Low
206,22,Male,Hospital Administrator,Bachelor's (completed),0,NGO/Other,Dhaka,5.0,3.0,4.0,5.0,4.25,4.0,4.0,3.0,4.0,3.75,5.0,5.0,5.0,4.0,4.75,3.0,3.0,4.0,4.0,3.0,3.4,2.0,3.0,2.0,2.0,2.25,Low
207,25,Male,IT Staff,Bachelor's (completed),6,Private,Dhaka,2.0,3.0,3.0,3.0,2.75,3.0,3.0,4.0,3.0,3.25,4.0,3.0,3.0,4.0,3.5,4.0,5.0,,3.0,3.0,3.75,3.0,4.0,3.0,4.0,3.5,Medium
208,38,Female,Nurse,Bachelor's (ongoing),18,Public,Dhaka,3.0,4.0,4.0,3.0,3.5,5.0,5.0,4.0,4.0,4.5,3.0,,3.0,3.0,3.0,4.0,2.0,3.0,2.0,4.0,3.0,3.0,2.0,3.0,3.0,2.75,Medium
209,22,Male,Doctor,Postgraduate/Doctoral,3,Public,Dhaka,3.0,4.0,4.0,4.0,3.75,2.0,,3.0,3.0,2.6666666666666665,3.0,2.0,1.0,2.0,2.0,4.0,3.0,4.0,4.0,3.0,3.6,5.0,5.0,5.0,5.0,5.0,High
210,27,Male,Doctor,Bachelor's (completed),9,Public,Chattogram,2.0,3.0,3.0,3.0,2.75,1.0,2.0,2.0,1.0,1.5,,2.0,2.0,3.0,2.3333333333333335,5.0,4.0,5.0,5.0,5.0,4.8,4.0,4.0,3.0,3.0,3.5,Medium
211,35,Female,Other,Bachelor's (completed),10,Private,Other Urban,2.0,2.0,2.0,3.0,2.25,2.0,2.0,2.0,1.0,1.75,1.0,1.0,1.0,1.0,1.0,2.0,3.0,2.0,3.0,3.0,2.6,3.0,4.0,5.0,4.0,4.0,High
212,38,Female,Nurse,Bachelor's (ongoing),9,Private,Chattogram,,,4.0,,4.0,2.0,2.0,1.0,1.0,1.5,3.0,4.0,2.0,2.0,2.75,4.0,3.0,4.0,4.0,4.0,3.8,4.0,3.0,4.0,5.0,4.0,High
213,37,Male,Healthcare Student,Bachelor's (ongoing),0,Public,Chattogram,1.0,1.0,1.0,1.0,1.0,3.0,2.0,3.0,3.0,2.75,3.0,3.0,3.0,3.0,3.0,3.0,3.0,2.0,3.0,3.0,2.8,3.0,3.0,3.0,4.0,3.25,Medium
214,29,Female,Nurse,Bachelor's (ongoing),10,Public,Semi-Urban,3.0,1.0,,1.0,1.6666666666666667,,4.0,,2.0,3.0,3.0,3.0,1.0,4.0,2.75,4.0,4.0,3.0,5.0,4.0,4.0,3.0,2.0,3.0,3.0,2.75,Medium
215,39,Female,Other,Bachelor's (completed),8,Public,Dhaka,4.0,4.0,3.0,3.0,3.5,4.0,4.0,5.0,4.0,4.25,2.0,2.0,3.0,2.0,2.25,5.0,5.0,5.0,5.0,4.0,4.8,5.0,3.0,3.0,4.0,3.75,Medium
216,29,Female,Doctor,Bachelor's (completed),6,Public,Other Urban,3.0,3.0,4.0,,3.3333333333333335,4.0,4.0,3.0,3.0,3.5,5.0,5.0,5.0,4.0,4.75,4.0,4.0,4.0,,3.0,3.75,4.0,3.0,4.0,3.0,3.5,Medium
217,31,Male,Doctor,Postgraduate/Doctoral,3,Not Applicable,Not Applicable,3.0,4.0,3.0,3.0,3.25,4.0,5.0,4.0,4.0,4.25,3.0,1.0,2.0,2.0,2.0,3.0,5.0,5.0,4.0,3.0,4.0,5.0,4.0,4.0,5.0,4.5,High
218,40,Male,Other,Secondary/HSC,19,Public,Dhaka,2.0,1.0,1.0,4.0,2.0,3.0,3.0,3.0,2.0,2.75,5.0,5.0,4.0,2.0,4.0,3.0,2.0,4.0,4.0,3.0,3.2,2.0,2.0,4.0,3.0,2.75,Medium
219,37,Female,Other,Postgraduate/Doctoral,11,Public,Other Urban,5.0,4.0,5.0,5.0,4.75,,3.0,3.0,3.0,3.0,3.0,3.0,3.0,2.0,2.75,5.0,4.0,5.0,5.0,4.0,4.6,5.0,4.0,5.0,5.0,4.75,High
220,43,Male,Nurse,Bachelor's (completed),19,Public,Rural,4.0,4.0,3.0,4.0,3.75,3.0,3.0,2.0,4.0,3.0,,3.0,5.0,5.0,4.333333333333333,4.0,5.0,5.0,4.0,4.0,4.4,3.0,3.0,2.0,3.0,2.75,Medium
221,38,Male,Nurse,Bachelor's (ongoing),11,Public,Other Urban,,,3.0,3.0,3.0,4.0,4.0,5.0,4.0,4.25,,3.0,3.0,2.0,2.6666666666666665,2.0,3.0,3.0,2.0,1.0,2.2,2.0,2.0,1.0,2.0,1.75,Low
222,36,Male,Nurse,Secondary/HSC,15,Public,Not Applicable,1.0,,1.0,1.0,1.0,2.0,2.0,1.0,1.0,1.5,4.0,5.0,5.0,5.0,4.75,3.0,1.0,3.0,2.0,1.0,2.0,1.0,1.0,2.0,1.0,1.25,Low
223,25,Female,Nurse,Bachelor's (ongoing),6,Public,Dhaka,3.0,3.0,4.0,2.0,3.0,3.0,3.0,3.0,2.0,2.75,3.0,2.0,4.0,3.0,3.0,3.0,2.0,2.0,1.0,2.0,2.0,4.0,5.0,4.0,3.0,4.0,High
224,32,Female,Doctor,Bachelor's (completed),9,Public,Other Urban,2.0,3.0,1.0,2.0,2.0,3.0,2.0,2.0,4.0,2.75,2.0,2.0,2.0,2.0,2.0,3.0,3.0,4.0,4.0,5.0,3.8,5.0,4.0,3.0,4.0,4.0,High
225,29,Male,Healthcare Student,Bachelor's (ongoing),1,Public,Dhaka,4.0,3.0,4.0,3.0,3.5,3.0,4.0,4.0,4.0,3.75,3.0,3.0,3.0,3.0,3.0,3.0,2.0,2.0,2.0,3.0,2.4,4.0,4.0,5.0,4.0,4.25,High
226,29,Female,Nurse,Postgraduate/Doctoral,4,Private,Dhaka,5.0,4.0,5.0,5.0,4.75,3.0,3.0,3.0,3.0,3.0,2.0,2.0,2.0,2.0,2.0,3.0,,3.0,2.0,1.0,2.25,4.0,4.0,2.0,4.0,3.5,Medium
227,51,Male,IT Staff,Bachelor's (completed),16,Private,Not Applicable,3.0,3.0,4.0,2.0,3.0,4.0,4.0,3.0,3.0,3.5,4.0,3.0,4.0,4.0,3.75,3.0,3.0,2.0,1.0,,2.25,5.0,4.0,4.0,4.0,4.25,High
228,32,Female,Doctor,Bachelor's (completed),9,Public,Dhaka,4.0,2.0,4.0,4.0,3.5,3.0,,2.0,2.0,2.3333333333333335,4.0,4.0,,3.0,3.6666666666666665,2.0,1.0,2.0,1.0,3.0,1.8,1.0,4.0,3.0,3.0,2.75,Medium
229,45,Female,Doctor,Postgraduate/Doctoral,12,NGO/Other,Not Applicable,4.0,5.0,5.0,4.0,4.5,5.0,,5.0,5.0,5.0,3.0,4.0,4.0,3.0,3.5,3.0,3.0,4.0,4.0,3.0,3.4,3.0,3.0,3.0,1.0,2.5,Low
230,37,Male,IT Staff,Bachelor's (completed),11,Public,Other Urban,4.0,5.0,5.0,5.0,4.75,2.0,2.0,3.0,4.0,2.75,4.0,4.0,3.0,3.0,3.5,3.0,3.0,2.0,2.0,2.0,2.4,4.0,4.0,5.0,5.0,4.5,High
231,41,Male,Nurse,Postgraduate/Doctoral,14,Not Applicable,Not Applicable,4.0,5.0,5.0,5.0,4.75,4.0,5.0,5.0,5.0,4.75,2.0,4.0,2.0,3.0,2.75,2.0,2.0,2.0,2.0,2.0,2.0,2.0,1.0,2.0,1.0,1.5,Low
232,34,Male,IT Staff,Bachelor's (ongoing),13,NGO/Other,Not Applicable,1.0,1.0,2.0,1.0,1.25,3.0,4.0,3.0,4.0,3.5,4.0,3.0,3.0,3.0,3.25,3.0,3.0,3.0,3.0,3.0,3.0,3.0,2.0,3.0,1.0,2.25,Low
233,36,Female,Doctor,Postgraduate/Doctoral,9,Public,Other Urban,3.0,,4.0,3.0,3.3333333333333335,3.0,3.0,2.0,3.0,2.75,1.0,2.0,1.0,1.0,1.25,2.0,3.0,4.0,,4.0,3.25,5.0,3.0,4.0,4.0,4.0,High
234,34,Female,Other,Bachelor's (completed),6,Public,Not Applicable,4.0,4.0,4.0,3.0,3.75,4.0,3.0,4.0,1.0,3.0,3.0,4.0,4.0,3.0,3.5,,1.0,2.0,1.0,2.0,1.5,2.0,3.0,3.0,4.0,3.0,Medium
235,28,Female,Healthcare Student,Bachelor's (ongoing),1,Not Applicable,Rural,2.0,2.0,2.0,3.0,2.25,4.0,3.0,4.0,5.0,4.0,3.0,4.0,4.0,3.0,3.5,2.0,2.0,4.0,2.0,2.0,2.4,1.0,1.0,2.0,2.0,1.5,Low
236,39,Female,Healthcare Student,Bachelor's (ongoing),0,Private,Other Urban,4.0,3.0,4.0,,3.6666666666666665,2.0,3.0,3.0,3.0,2.75,2.0,2.0,3.0,3.0,2.5,2.0,3.0,3.0,5.0,3.0,3.2,2.0,3.0,2.0,4.0,2.75,Medium
237,30,Male,Doctor,Postgraduate/Doctoral,4,Public,Other Urban,5.0,5.0,5.0,5.0,5.0,4.0,3.0,3.0,4.0,3.5,3.0,2.0,4.0,2.0,2.75,3.0,3.0,3.0,3.0,3.0,3.0,3.0,4.0,4.0,4.0,3.75,Medium
238,23,Female,Nurse,Postgraduate/Doctoral,1,Private,Dhaka,2.0,5.0,3.0,3.0,3.25,3.0,3.0,4.0,2.0,3.0,2.0,3.0,,2.0,2.3333333333333335,4.0,4.0,2.0,5.0,3.0,3.6,3.0,3.0,5.0,5.0,4.0,High
239,37,Male,Nurse,Bachelor's (completed),13,Private,Dhaka,4.0,2.0,2.0,3.0,2.75,2.0,3.0,4.0,3.0,3.0,3.0,4.0,3.0,4.0,3.5,4.0,4.0,4.0,5.0,4.0,4.2,5.0,3.0,3.0,2.0,3.25,Medium
240,27,Male,Hospital Administrator,Bachelor's (completed),5,NGO/Other,Dhaka,2.0,4.0,2.0,3.0,2.75,3.0,4.0,3.0,3.0,3.25,2.0,4.0,3.0,4.0,3.25,4.0,5.0,5.0,5.0,5.0,4.8,5.0,5.0,5.0,5.0,5.0,High
241,47,Female,Nurse,Bachelor's (completed),22,Private,Chattogram,2.0,3.0,2.0,1.0,2.0,3.0,3.0,3.0,3.0,3.0,,3.0,3.0,3.0,3.0,3.0,,4.0,3.0,3.0,3.25,1.0,1.0,1.0,1.0,1.0,Low
242,49,Female,Doctor,Postgraduate/Doctoral,14,NGO/Other,Dhaka,,4.0,3.0,4.0,3.6666666666666665,,3.0,3.0,3.0,3.0,3.0,4.0,3.0,5.0,3.75,3.0,2.0,2.0,2.0,3.0,2.4,3.0,4.0,2.0,3.0,3.0,Medium
243,46,Male,Nurse,Bachelor's (completed),12,Private,Chattogram,4.0,4.0,3.0,3.0,3.5,5.0,4.0,3.0,5.0,4.25,3.0,2.0,3.0,4.0,3.0,,3.0,4.0,3.0,3.0,3.25,2.0,3.0,2.0,3.0,2.5,Low
244,32,Male,Nurse,Bachelor's (completed),6,Private,Other Urban,2.0,3.0,,3.0,2.6666666666666665,3.0,3.0,3.0,4.0,3.25,3.0,4.0,3.0,4.0,3.5,3.0,5.0,3.0,4.0,4.0,3.8,3.0,3.0,3.0,1.0,2.5,Low
245,23,Female,Nurse,Bachelor's (completed),2,Private,Other Urban,1.0,2.0,1.0,2.0,1.5,4.0,5.0,5.0,5.0,4.75,1.0,1.0,1.0,1.0,1.0,3.0,4.0,4.0,3.0,4.0,3.6,1.0,1.0,2.0,1.0,1.25,Low
246,47,Female,Doctor,Bachelor's (completed),12,Not Applicable,Not Applicable,1.0,2.0,1.0,,1.3333333333333333,3.0,4.0,4.0,5.0,4.0,5.0,5.0,5.0,4.0,4.75,4.0,3.0,4.0,4.0,4.0,3.8,1.0,2.0,3.0,2.0,2.0,Low
247,33,Female,Nurse,Postgraduate/Doctoral,4,Not Applicable,Not Applicable,3.0,3.0,2.0,2.0,2.5,4.0,4.0,4.0,4.0,4.0,1.0,1.0,1.0,1.0,1.0,5.0,5.0,5.0,5.0,4.0,4.8,3.0,5.0,4.0,4.0,4.0,High
248,50,Male,IT Staff,Bachelor's (ongoing),22,Private,Rural,1.0,3.0,2.0,2.0,2.0,3.0,3.0,2.0,1.0,2.25,,3.0,4.0,5.0,4.0,1.0,3.0,2.0,2.0,2.0,2.0,2.0,2.0,1.0,1.0,1.5,Low
249,49,Male,Nurse,Bachelor's (ongoing),24,Private,Other Urban,2.0,2.0,3.0,3.0,2.5,3.0,5.0,5.0,5.0,4.5,4.0,5.0,5.0,4.0,4.5,2.0,3.0,3.0,3.0,2.0,2.6,1.0,3.0,3.0,2.0,2.25,Low
250,43,Male,Nurse,Bachelor's (completed),12,Private,Dhaka,1.0,2.0,3.0,2.0,2.0,2.0,3.0,3.0,4.0,3.0,5.0,4.0,4.0,4.0,4.25,5.0,,,5.0,4.0,4.666666666666667,4.0,3.0,4.0,3.0,3.5,Medium
251,30,Female,Hospital Administrator,Bachelor's (completed),6,Public,Rural,2.0,2.0,3.0,2.0,2.25,4.0,,2.0,3.0,3.0,,2.0,1.0,3.0,2.0,2.0,2.0,3.0,2.0,2.0,2.2,4.0,4.0,3.0,4.0,3.75,Medium
252,32,Female,Healthcare Student,Bachelor's (ongoing),1,Not Applicable,Dhaka,1.0,2.0,1.0,1.0,1.25,2.0,2.0,3.0,4.0,2.75,3.0,4.0,2.0,3.0,3.0,4.0,5.0,4.0,4.0,3.0,4.0,2.0,3.0,3.0,3.0,2.75,Medium
253,43,Male,Nurse,Bachelor's (ongoing),13,Public,Dhaka,1.0,1.0,2.0,2.0,1.5,4.0,3.0,5.0,4.0,4.0,3.0,4.0,4.0,4.0,3.75,4.0,4.0,4.0,5.0,4.0,4.2,3.0,3.0,3.0,3.0,3.0,Medium
254,31,Male,Hospital Administrator,Bachelor's (completed),5,Public,Dhaka,3.0,3.0,3.0,2.0,2.75,2.0,2.0,3.0,3.0,2.5,3.0,3.0,2.0,3.0,2.75,5.0,5.0,,,5.0,5.0,4.0,5.0,5.0,4.0,4.5,High
255,27,Male,Other,Bachelor's (completed),8,Public,Other Urban,4.0,2.0,3.0,3.0,3.0,,1.0,1.0,1.0,1.0,2.0,2.0,1.0,2.0,1.75,4.0,5.0,5.0,5.0,5.0,4.8,3.0,4.0,4.0,5.0,4.0,High
256,35,Female,Hospital Administrator,Bachelor's (ongoing),11,Private,Semi-Urban,,3.0,4.0,3.0,3.3333333333333335,2.0,3.0,2.0,3.0,2.5,4.0,4.0,4.0,4.0,4.0,5.0,3.0,3.0,4.0,3.0,3.6,4.0,4.0,5.0,5.0,4.5,High
257,47,Female,Other,Secondary/HSC,14,Private,Dhaka,1.0,1.0,,1.0,1.0,5.0,5.0,3.0,5.0,4.5,3.0,,3.0,3.0,3.0,2.0,2.0,2.0,2.0,2.0,2.0,1.0,1.0,1.0,1.0,1.0,Low
258,38,Male,Healthcare Student,Bachelor's (ongoing),0,Public,Semi-Urban,2.0,1.0,2.0,2.0,1.75,4.0,4.0,3.0,3.0,3.5,3.0,3.0,4.0,3.0,3.25,2.0,3.0,2.0,3.0,3.0,2.6,3.0,2.0,2.0,3.0,2.5,Low
259,36,Male,Doctor,Postgraduate/Doctoral,5,Public,Dhaka,5.0,3.0,3.0,4.0,3.75,2.0,2.0,1.0,2.0,1.75,1.0,2.0,1.0,2.0,1.5,4.0,5.0,5.0,5.0,5.0,4.8,5.0,5.0,5.0,5.0,5.0,High
260,25,Female,Nurse,Bachelor's (ongoing),0,Public,Dhaka,4.0,3.0,3.0,4.0,3.5,3.0,3.0,4.0,3.0,3.25,4.0,3.0,4.0,3.0,3.5,2.0,1.0,2.0,2.0,2.0,1.8,2.0,1.0,1.0,1.0,1.25,Low
261,37,Male,IT Staff,Postgraduate/Doctoral,12,Public,Dhaka,,4.0,3.0,5.0,4.0,2.0,2.0,,2.0,2.0,3.0,2.0,2.0,3.0,2.5,4.0,5.0,4.0,4.0,4.0,4.2,4.0,5.0,5.0,5.0,4.75,High
262,54,Female,Other,Bachelor's (completed),31,Public,Dhaka,3.0,4.0,3.0,4.0,3.5,4.0,4.0,4.0,3.0,3.75,4.0,4.0,4.0,5.0,4.25,2.0,1.0,1.0,1.0,1.0,1.2,2.0,1.0,3.0,1.0,1.75,Low
263,27,Male,Nurse,Bachelor's (ongoing),4,Private,Semi-Urban,1.0,2.0,2.0,1.0,1.5,3.0,3.0,4.0,4.0,3.5,5.0,4.0,5.0,4.0,4.5,1.0,2.0,1.0,2.0,3.0,1.8,1.0,2.0,1.0,1.0,1.25,Low
264,35,Male,Doctor,Postgraduate/Doctoral,12,Public,Dhaka,,4.0,4.0,5.0,4.333333333333333,4.0,3.0,3.0,3.0,3.25,3.0,3.0,2.0,2.0,2.5,,4.0,5.0,4.0,4.0,4.25,5.0,5.0,5.0,5.0,5.0,High
265,44,Female,Hospital Administrator,Bachelor's (completed),10,Public,Dhaka,2.0,3.0,3.0,3.0,2.75,5.0,5.0,5.0,5.0,5.0,3.0,,4.0,4.0,3.6666666666666665,4.0,3.0,3.0,2.0,4.0,3.2,2.0,3.0,3.0,3.0,2.75,Medium
266,40,Male,Doctor,Postgraduate/Doctoral,13,Public,Dhaka,3.0,3.0,2.0,3.0,2.75,2.0,1.0,4.0,2.0,2.25,3.0,3.0,3.0,3.0,3.0,2.0,3.0,3.0,3.0,4.0,3.0,2.0,4.0,3.0,3.0,3.0,Medium
267,39,Male,Healthcare Student,Bachelor's (ongoing),1,Private,Semi-Urban,3.0,1.0,2.0,3.0,2.25,4.0,3.0,4.0,3.0,3.5,3.0,3.0,3.0,1.0,2.5,3.0,3.0,3.0,3.0,2.0,2.8,3.0,2.0,2.0,2.0,2.25,Low
268,39,Male,Hospital Administrator,Postgraduate/Doctoral,17,NGO/Other,Not Applicable,5.0,4.0,5.0,4.0,4.5,,4.0,5.0,4.0,4.333333333333333,2.0,2.0,4.0,3.0,2.75,3.0,2.0,2.0,2.0,1.0,2.0,1.0,1.0,1.0,2.0,1.25,Low
269,31,Male,Healthcare Student,Bachelor's (completed),0,Public,Other Urban,2.0,3.0,2.0,2.0,2.25,1.0,2.0,2.0,3.0,2.0,4.0,4.0,4.0,4.0,4.0,3.0,4.0,4.0,4.0,4.0,3.8,3.0,3.0,4.0,1.0,2.75,Medium
270,30,Male,Healthcare Student,Bachelor's (completed),1,Public,Other Urban,4.0,3.0,2.0,3.0,3.0,2.0,2.0,2.0,2.0,2.0,2.0,2.0,3.0,3.0,2.5,3.0,3.0,2.0,,3.0,2.75,2.0,4.0,4.0,4.0,3.5,Medium
271,42,Male,IT Staff,Postgraduate/Doctoral,15,Private,Rural,4.0,3.0,2.0,2.0,2.75,3.0,3.0,2.0,3.0,2.75,3.0,4.0,4.0,4.0,3.75,2.0,2.0,3.0,2.0,2.0,2.2,3.0,3.0,2.0,2.0,2.5,Low
272,42,Male,Hospital Administrator,Bachelor's (completed),19,Public,Dhaka,2.0,1.0,2.0,3.0,2.0,4.0,4.0,5.0,4.0,4.25,4.0,3.0,4.0,4.0,3.75,4.0,3.0,3.0,2.0,4.0,3.2,4.0,3.0,2.0,4.0,3.25,Medium
273,44,Male,Healthcare Student,Bachelor's (completed),1,Not Applicable,Dhaka,3.0,2.0,3.0,2.0,2.5,2.0,2.0,1.0,2.0,1.75,3.0,3.0,3.0,4.0,3.25,3.0,4.0,4.0,4.0,5.0,4.0,3.0,3.0,4.0,4.0,3.5,Medium
274,46,Female,Healthcare Student,Bachelor's (completed),0,Not Applicable,Other Urban,2.0,2.0,3.0,2.0,2.25,3.0,4.0,4.0,4.0,3.75,,3.0,3.0,2.0,2.6666666666666665,3.0,2.0,4.0,2.0,3.0,2.8,1.0,2.0,3.0,2.0,2.0,Low
275,34,Female,Healthcare Student,Bachelor's (ongoing),0,NGO/Other,Dhaka,3.0,2.0,2.0,2.0,2.25,1.0,1.0,2.0,2.0,1.5,3.0,,3.0,3.0,3.0,4.0,5.0,3.0,4.0,3.0,3.8,2.0,4.0,4.0,2.0,3.0,Medium
276,34,Male,Doctor,Bachelor's (ongoing),15,Not Applicable,Other Urban,2.0,3.0,2.0,3.0,2.5,4.0,4.0,3.0,5.0,4.0,2.0,1.0,1.0,1.0,1.25,4.0,3.0,3.0,4.0,3.0,3.4,4.0,4.0,5.0,5.0,4.5,High
277,41,Male,Hospital Administrator,Bachelor's (completed),10,Public,Chattogram,1.0,2.0,1.0,1.0,1.25,3.0,5.0,4.0,3.0,3.75,3.0,4.0,4.0,4.0,3.75,3.0,2.0,3.0,2.0,,2.5,2.0,1.0,1.0,1.0,1.25,Low
278,37,Male,Doctor,Postgraduate/Doctoral,8,Public,Dhaka,5.0,3.0,,2.0,3.3333333333333335,5.0,5.0,5.0,5.0,5.0,2.0,2.0,3.0,2.0,2.25,3.0,4.0,5.0,3.0,4.0,3.8,4.0,2.0,3.0,3.0,3.0,Medium
279,39,Female,Healthcare Student,Bachelor's (ongoing),0,Public,Chattogram,2.0,4.0,3.0,4.0,3.25,4.0,4.0,3.0,3.0,3.5,3.0,2.0,,3.0,2.6666666666666665,3.0,3.0,4.0,4.0,4.0,3.6,3.0,2.0,1.0,1.0,1.75,Low
280,41,Female,IT Staff,Bachelor's (completed),15,Public,Chattogram,2.0,3.0,3.0,2.0,2.5,2.0,,3.0,3.0,2.6666666666666665,2.0,2.0,2.0,3.0,2.25,5.0,4.0,5.0,3.0,4.0,4.2,4.0,5.0,5.0,5.0,4.75,High
281,45,Male,Nurse,Secondary/HSC,16,Public,Dhaka,2.0,1.0,2.0,2.0,1.75,3.0,3.0,,4.0,3.3333333333333335,3.0,5.0,3.0,3.0,3.5,3.0,4.0,4.0,4.0,4.0,3.8,4.0,4.0,3.0,3.0,3.5,Medium
282,31,Male,Doctor,Postgraduate/Doctoral,5,Private,Rural,4.0,4.0,5.0,4.0,4.25,4.0,3.0,3.0,4.0,3.5,2.0,3.0,,3.0,2.6666666666666665,,3.0,3.0,3.0,2.0,2.75,4.0,3.0,4.0,3.0,3.5,Medium
283,32,Male,Nurse,Bachelor's (completed),5,Private,Semi-Urban,2.0,3.0,2.0,3.0,2.5,2.0,3.0,3.0,3.0,2.75,3.0,3.0,3.0,3.0,3.0,3.0,4.0,4.0,3.0,4.0,3.6,3.0,2.0,3.0,3.0,2.75,Medium
284,25,Male,IT Staff,Bachelor's (ongoing),4,Public,Dhaka,4.0,,5.0,3.0,4.0,2.0,5.0,3.0,4.0,3.5,2.0,1.0,2.0,2.0,1.75,3.0,2.0,4.0,5.0,3.0,3.4,3.0,4.0,3.0,2.0,3.0,Medium
285,36,Female,Doctor,Postgraduate/Doctoral,9,Private,Dhaka,3.0,2.0,1.0,2.0,2.0,2.0,,,3.0,2.5,1.0,3.0,3.0,3.0,2.5,2.0,4.0,3.0,3.0,3.0,3.0,5.0,5.0,5.0,5.0,5.0,High
286,23,Male,Doctor,Bachelor's (completed),2,Public,Dhaka,5.0,4.0,4.0,3.0,4.0,5.0,5.0,5.0,5.0,5.0,,3.0,2.0,3.0,2.6666666666666665,3.0,3.0,3.0,,3.0,3.0,1.0,2.0,1.0,1.0,1.25,Low
287,34,Male,Healthcare Student,Bachelor's (completed),0,Public,Dhaka,3.0,2.0,4.0,3.0,3.0,5.0,3.0,4.0,3.0,3.75,4.0,3.0,3.0,4.0,3.5,4.0,3.0,4.0,,4.0,3.75,4.0,3.0,2.0,4.0,3.25,Medium
288,35,Male,Healthcare Student,Bachelor's (ongoing),1,Public,Dhaka,2.0,3.0,3.0,3.0,2.75,2.0,2.0,3.0,4.0,2.75,2.0,1.0,1.0,3.0,1.75,3.0,3.0,4.0,4.0,5.0,3.8,3.0,3.0,4.0,5.0,3.75,Medium
289,30,Male,Doctor,Postgraduate/Doctoral,9,Private,Dhaka,4.0,4.0,5.0,5.0,4.5,5.0,5.0,4.0,4.0,4.5,2.0,2.0,2.0,2.0,2.0,3.0,2.0,1.0,1.0,2.0,1.8,2.0,3.0,2.0,4.0,2.75,Medium
290,36,Male,Nurse,Bachelor's (completed),12,Private,Rural,,3.0,2.0,2.0,2.3333333333333335,3.0,3.0,,2.0,2.6666666666666665,4.0,4.0,5.0,3.0,4.0,4.0,5.0,5.0,5.0,5.0,4.8,3.0,4.0,3.0,3.0,3.25,Medium
291,23,Female,Other,Secondary/HSC,4,Private,Semi-Urban,2.0,1.0,3.0,2.0,2.0,4.0,3.0,2.0,3.0,3.0,3.0,3.0,3.0,2.0,2.75,3.0,,4.0,4.0,5.0,4.0,3.0,1.0,2.0,2.0,2.0,Low
292,23,Male,IT Staff,Bachelor's (ongoing),1,Public,Semi-Urban,5.0,4.0,4.0,5.0,4.5,2.0,1.0,1.0,1.0,1.25,3.0,3.0,1.0,2.0,2.25,3.0,4.0,5.0,4.0,3.0,3.8,5.0,5.0,5.0,5.0,5.0,High
293,42,Female,Hospital Administrator,Bachelor's (ongoing),8,Public,Other Urban,4.0,4.0,3.0,4.0,3.75,5.0,4.0,5.0,5.0,4.75,3.0,3.0,3.0,4.0,3.25,4.0,3.0,3.0,3.0,2.0,3.0,3.0,1.0,4.0,3.0,2.75,Medium
294,31,Male,Nurse,Bachelor's (completed),1,Not Applicable,Semi-Urban,2.0,3.0,4.0,2.0,2.75,2.0,1.0,2.0,1.0,1.5,3.0,3.0,3.0,3.0,3.0,4.0,3.0,4.0,2.0,3.0,3.2,5.0,4.0,5.0,5.0,4.75,High
295,26,Female,Nurse,Bachelor's (completed),9,Public,Semi-Urban,4.0,3.0,4.0,4.0,3.75,2.0,1.0,1.0,1.0,1.25,3.0,3.0,1.0,2.0,2.25,3.0,2.0,3.0,2.0,2.0,2.4,3.0,3.0,3.0,3.0,3.0,Medium
296,35,Female,Doctor,Postgraduate/Doctoral,13,Public,Rural,4.0,4.0,5.0,4.0,4.25,2.0,2.0,2.0,3.0,2.25,2.0,3.0,2.0,3.0,2.5,3.0,2.0,3.0,2.0,3.0,2.6,4.0,5.0,5.0,4.0,4.5,High
297,40,Female,Healthcare Student,Bachelor's (ongoing),1,Public,Semi-Urban,2.0,3.0,2.0,3.0,2.5,5.0,5.0,3.0,5.0,4.5,3.0,2.0,3.0,2.0,2.5,2.0,2.0,1.0,2.0,1.0,1.6,1.0,2.0,2.0,1.0,1.5,Low
298,28,Female,Doctor,Postgraduate/Doctoral,2,Public,Semi-Urban,4.0,4.0,4.0,4.0,4.0,3.0,4.0,3.0,4.0,3.5,2.0,3.0,4.0,3.0,3.0,3.0,1.0,1.0,2.0,2.0,1.8,5.0,4.0,4.0,3.0,4.0,High
299,37,Female,Doctor,Postgraduate/Doctoral,11,Private,Semi-Urban,5.0,4.0,4.0,4.0,4.25,3.0,4.0,3.0,3.0,3.25,3.0,4.0,4.0,4.0,3.75,5.0,5.0,5.0,5.0,5.0,5.0,4.0,5.0,5.0,5.0,4.75,High
300,25,Female,Healthcare Student,Bachelor's (completed),1,Public,Other Urban,3.0,3.0,2.0,4.0,3.0,4.0,4.0,4.0,3.0,3.75,,2.0,2.0,1.0,1.6666666666666667,,3.0,,3.0,3.0,3.0,2.0,3.0,4.0,4.0,3.25,Medium
301,24,Female,Other,Bachelor's (ongoing),1,Private,Dhaka,3.0,4.0,4.0,3.0,3.5,3.0,1.0,3.0,3.0,2.5,2.0,1.0,2.0,1.0,1.5,3.0,4.0,3.0,3.0,4.0,3.4,5.0,5.0,5.0,4.0,4.75,High
302,35,Male,Healthcare Student,Bachelor's (completed),1,Not Applicable,Dhaka,3.0,3.0,3.0,2.0,2.75,3.0,5.0,4.0,4.0,4.0,3.0,4.0,5.0,4.0,4.0,3.0,3.0,3.0,3.0,3.0,3.0,5.0,5.0,5.0,5.0,5.0,High
303,35,Male,Nurse,Postgraduate/Doctoral,8,Public,Chattogram,3.0,2.0,3.0,3.0,2.75,5.0,4.0,4.0,5.0,4.5,3.0,4.0,4.0,,3.6666666666666665,4.0,2.0,2.0,3.0,2.0,2.6,1.0,1.0,1.0,2.0,1.25,Low
304,37,Male,Nurse,Bachelor's (ongoing),8,Public,Dhaka,1.0,2.0,2.0,2.0,1.75,3.0,3.0,4.0,,3.3333333333333335,1.0,1.0,2.0,1.0,1.25,3.0,2.0,3.0,3.0,2.0,2.6,2.0,3.0,3.0,3.0,2.75,Medium
305,39,Female,Nurse,Secondary/HSC,9,Private,Dhaka,2.0,1.0,,3.0,2.0,3.0,2.0,2.0,2.0,2.25,4.0,5.0,4.0,5.0,4.5,4.0,4.0,5.0,5.0,4.0,4.4,1.0,1.0,1.0,1.0,1.0,Low
306,51,Male,Nurse,Bachelor's (ongoing),35,Private,Dhaka,3.0,4.0,2.0,2.0,2.75,3.0,4.0,4.0,2.0,3.25,4.0,4.0,5.0,5.0,4.5,4.0,3.0,3.0,3.0,3.0,3.2,2.0,2.0,3.0,2.0,2.25,Low
307,35,Male,Hospital Administrator,Bachelor's (completed),10,NGO/Other,Dhaka,4.0,4.0,5.0,3.0,4.0,4.0,4.0,3.0,4.0,3.75,3.0,2.0,2.0,3.0,2.5,,3.0,2.0,3.0,4.0,3.0,4.0,4.0,3.0,3.0,3.5,Medium
308,31,Female,Nurse,Bachelor's (ongoing),2,Public,Not Applicable,3.0,2.0,4.0,3.0,3.0,3.0,3.0,3.0,2.0,2.75,4.0,5.0,5.0,5.0,4.75,3.0,3.0,3.0,3.0,4.0,3.2,5.0,5.0,3.0,5.0,4.5,High
309,41,Male,Hospital Administrator,Postgraduate/Doctoral,12,Private,Dhaka,5.0,4.0,4.0,4.0,4.25,4.0,4.0,5.0,4.0,4.25,3.0,3.0,2.0,2.0,2.5,3.0,4.0,4.0,4.0,3.0,3.6,3.0,3.0,3.0,3.0,3.0,Medium
310,30,Male,Healthcare Student,Bachelor's (completed),0,Not Applicable,Dhaka,4.0,5.0,4.0,4.0,4.25,3.0,4.0,2.0,3.0,3.0,3.0,2.0,4.0,3.0,3.0,4.0,4.0,4.0,3.0,4.0,3.8,4.0,3.0,5.0,5.0,4.25,High
311,33,Male,Other,Bachelor's (ongoing),7,Public,Chattogram,3.0,4.0,4.0,3.0,3.5,4.0,3.0,2.0,3.0,3.0,2.0,3.0,3.0,3.0,2.75,4.0,4.0,3.0,3.0,4.0,3.6,2.0,2.0,1.0,2.0,1.75,Low
312,25,Male,Doctor,Postgraduate/Doctoral,6,Private,Dhaka,5.0,4.0,5.0,5.0,4.75,3.0,3.0,3.0,3.0,3.0,2.0,3.0,4.0,3.0,3.0,3.0,,4.0,5.0,3.0,3.75,5.0,4.0,3.0,4.0,4.0,High
313,23,Male,Nurse,Bachelor's (ongoing),0,Private,Other Urban,,3.0,3.0,5.0,3.6666666666666665,2.0,4.0,3.0,2.0,2.75,4.0,4.0,4.0,4.0,4.0,4.0,3.0,2.0,4.0,3.0,3.2,2.0,3.0,2.0,2.0,2.25,Low
314,49,Male,Doctor,Postgraduate/Doctoral,15,Private,Other Urban,2.0,2.0,2.0,2.0,2.0,5.0,4.0,4.0,5.0,4.5,4.0,5.0,5.0,4.0,4.5,4.0,4.0,5.0,5.0,5.0,4.6,2.0,3.0,3.0,2.0,2.5,Low
315,42,Male,Nurse,Secondary/HSC,16,Public,Dhaka,1.0,1.0,1.0,1.0,1.0,3.0,4.0,3.0,4.0,3.5,5.0,4.0,5.0,4.0,4.5,3.0,3.0,2.0,2.0,3.0,2.6,2.0,1.0,1.0,1.0,1.25,Low
316,38,Male,Nurse,Bachelor's (completed),12,Public,Chattogram,2.0,3.0,2.0,3.0,2.5,4.0,2.0,3.0,2.0,2.75,2.0,,3.0,3.0,2.6666666666666665,3.0,3.0,2.0,2.0,1.0,2.2,1.0,2.0,2.0,2.0,1.75,Low
317,32,Male,Doctor,Postgraduate/Doctoral,11,Public,Dhaka,5.0,4.0,,5.0,4.666666666666667,4.0,4.0,4.0,4.0,4.0,5.0,5.0,5.0,5.0,5.0,3.0,3.0,4.0,4.0,5.0,3.8,5.0,4.0,4.0,3.0,4.0,High
318,27,Female,Healthcare Student,Bachelor's (completed),1,Not Applicable,Semi-Urban,5.0,4.0,5.0,4.0,4.5,4.0,4.0,4.0,5.0,4.25,3.0,4.0,4.0,4.0,3.75,2.0,3.0,2.0,1.0,2.0,2.0,3.0,3.0,3.0,3.0,3.0,Medium
319,27,Male,Nurse,Postgraduate/Doctoral,4,Public,Rural,3.0,3.0,2.0,,2.6666666666666665,3.0,2.0,3.0,4.0,3.0,3.0,3.0,2.0,2.0,2.5,2.0,2.0,2.0,2.0,2.0,2.0,2.0,2.0,3.0,1.0,2.0,Low
320,29,Female,Other,Bachelor's (ongoing),4,Public,Rural,5.0,3.0,5.0,4.0,4.25,4.0,3.0,4.0,3.0,3.5,2.0,2.0,3.0,2.0,2.25,2.0,4.0,2.0,3.0,4.0,3.0,4.0,4.0,5.0,3.0,4.0,High
321,35,Female,Doctor,Postgraduate/Doctoral,16,NGO/Other,Dhaka,4.0,3.0,4.0,,3.6666666666666665,3.0,3.0,2.0,2.0,2.5,2.0,3.0,1.0,1.0,1.75,3.0,5.0,3.0,3.0,4.0,3.6,5.0,3.0,4.0,4.0,4.0,High
322,39,Male,Doctor,Postgraduate/Doctoral,17,Public,Semi-Urban,4.0,3.0,4.0,5.0,4.0,1.0,1.0,2.0,1.0,1.25,3.0,1.0,2.0,1.0,1.75,3.0,1.0,2.0,1.0,1.0,1.6,3.0,4.0,3.0,4.0,3.5,Medium
323,38,Male,Nurse,Bachelor's (completed),9,Private,Semi-Urban,3.0,4.0,5.0,4.0,4.0,5.0,5.0,4.0,4.0,4.5,3.0,3.0,1.0,2.0,2.25,5.0,5.0,5.0,5.0,3.0,4.6,5.0,4.0,5.0,3.0,4.25,High
324,30,Male,Doctor,Bachelor's (ongoing),9,Public,Rural,4.0,4.0,5.0,4.0,4.25,3.0,4.0,3.0,4.0,3.5,4.0,4.0,5.0,4.0,4.25,,1.0,1.0,1.0,2.0,1.25,2.0,2.0,2.0,2.0,2.0,Low
325,49,Female,Nurse,Bachelor's (ongoing),20,Private,Dhaka,1.0,3.0,1.0,2.0,1.75,3.0,3.0,3.0,4.0,3.25,3.0,3.0,4.0,5.0,3.75,4.0,4.0,4.0,3.0,3.0,3.6,3.0,3.0,3.0,4.0,3.25,Medium
326,40,Female,Other,Bachelor's (completed),14,Public,Chattogram,2.0,2.0,1.0,2.0,1.75,3.0,4.0,4.0,3.0,3.5,2.0,3.0,3.0,4.0,3.0,2.0,,1.0,2.0,1.0,1.5,2.0,1.0,1.0,1.0,1.25,Low
327,35,Female,Doctor,Bachelor's (ongoing),4,Private,Dhaka,2.0,2.0,2.0,2.0,2.0,,5.0,4.0,5.0,4.666666666666667,4.0,4.0,3.0,3.0,3.5,3.0,2.0,3.0,,4.0,3.0,3.0,4.0,2.0,3.0,3.0,Medium
328,37,Male,Doctor,Postgraduate/Doctoral,10,Private,Dhaka,5.0,4.0,5.0,4.0,4.5,4.0,5.0,4.0,5.0,4.5,1.0,3.0,3.0,2.0,2.25,4.0,3.0,2.0,2.0,,2.75,4.0,4.0,4.0,3.0,3.75,Medium
329,33,Female,Hospital Administrator,Postgraduate/Doctoral,7,Public,Other Urban,4.0,3.0,2.0,4.0,3.25,4.0,4.0,4.0,4.0,4.0,3.0,3.0,4.0,4.0,3.5,3.0,4.0,4.0,3.0,3.0,3.4,3.0,4.0,3.0,4.0,3.5,Medium
330,29,Male,Nurse,Postgraduate/Doctoral,3,Public,Chattogram,5.0,4.0,5.0,4.0,4.5,2.0,3.0,3.0,2.0,2.5,2.0,1.0,1.0,3.0,1.75,4.0,4.0,3.0,3.0,4.0,3.6,3.0,5.0,4.0,5.0,4.25,High
331,31,Female,Hospital Administrator,Bachelor's (ongoing),13,Public,Dhaka,3.0,2.0,3.0,4.0,3.0,2.0,3.0,3.0,3.0,2.75,2.0,3.0,,3.0,2.6666666666666665,4.0,5.0,4.0,4.0,4.0,4.2,3.0,1.0,2.0,3.0,2.25,Low
332,40,Male,Nurse,Postgraduate/Doctoral,15,Private,Rural,4.0,3.0,1.0,2.0,2.5,1.0,2.0,1.0,1.0,1.25,2.0,4.0,,3.0,3.0,3.0,4.0,3.0,3.0,2.0,3.0,4.0,5.0,4.0,4.0,4.25,High
333,23,Female,Healthcare Student,Bachelor's (ongoing),1,Public,Chattogram,3.0,2.0,2.0,1.0,2.0,4.0,3.0,3.0,4.0,3.5,1.0,2.0,2.0,2.0,1.75,,2.0,2.0,2.0,1.0,1.75,2.0,2.0,2.0,2.0,2.0,Low
334,26,Female,Doctor,Postgraduate/Doctoral,3,Public,Not Applicable,4.0,3.0,4.0,4.0,3.75,3.0,4.0,5.0,4.0,4.0,3.0,3.0,3.0,3.0,3.0,4.0,3.0,4.0,3.0,2.0,3.2,1.0,3.0,3.0,3.0,2.5,Low
335,24,Male,Nurse,Bachelor's (completed),0,Public,Semi-Urban,3.0,4.0,3.0,4.0,3.5,4.0,3.0,4.0,4.0,3.75,3.0,2.0,3.0,2.0,2.5,4.0,3.0,2.0,4.0,,3.25,5.0,5.0,5.0,5.0,5.0,High
336,24,Female,IT Staff,Bachelor's (ongoing),0,Private,Rural,2.0,1.0,1.0,2.0,1.5,3.0,2.0,3.0,3.0,2.75,3.0,2.0,2.0,,2.3333333333333335,2.0,2.0,,1.0,1.0,1.5,2.0,2.0,1.0,2.0,1.75,Low
337,43,Male,Healthcare Student,Secondary/HSC,1,Not Applicable,Rural,1.0,1.0,,1.0,1.0,3.0,4.0,3.0,2.0,3.0,4.0,5.0,5.0,5.0,4.75,2.0,,2.0,1.0,1.0,1.5,1.0,1.0,1.0,1.0,1.0,Low
338,39,Female,Nurse,Secondary/HSC,14,Public,Dhaka,1.0,1.0,1.0,1.0,1.0,3.0,3.0,2.0,2.0,2.5,3.0,4.0,4.0,4.0,3.75,3.0,2.0,3.0,2.0,2.0,2.4,1.0,3.0,2.0,1.0,1.75,Low
339,34,Male,Hospital Administrator,Bachelor's (completed),4,NGO/Other,Dhaka,3.0,2.0,3.0,3.0,2.75,2.0,2.0,2.0,3.0,2.25,3.0,3.0,3.0,4.0,3.25,5.0,,5.0,5.0,5.0,5.0,3.0,4.0,4.0,3.0,3.5,Medium
340,25,Female,Doctor,Postgraduate/Doctoral,4,Private,Rural,5.0,4.0,5.0,5.0,4.75,3.0,3.0,2.0,3.0,2.75,1.0,1.0,1.0,1.0,1.0,3.0,4.0,3.0,4.0,3.0,3.4,5.0,5.0,5.0,5.0,5.0,High
341,34,Male,Doctor,Bachelor's (completed),9,Private,Dhaka,2.0,3.0,1.0,2.0,2.0,3.0,2.0,2.0,2.0,2.25,4.0,3.0,,4.0,3.6666666666666665,3.0,4.0,3.0,4.0,4.0,3.6,5.0,4.0,3.0,3.0,3.75,Medium
342,34,Female,Doctor,Bachelor's (completed),11,Private,Chattogram,4.0,5.0,4.0,4.0,4.25,4.0,4.0,4.0,4.0,4.0,5.0,5.0,4.0,4.0,4.5,3.0,4.0,4.0,4.0,4.0,3.8,3.0,3.0,4.0,3.0,3.25,Medium
343,27,Female,Healthcare Student,Bachelor's (ongoing),1,Public,Other Urban,5.0,5.0,5.0,5.0,5.0,1.0,3.0,1.0,2.0,1.75,,2.0,2.0,2.0,2.0,2.0,1.0,1.0,1.0,1.0,1.2,5.0,5.0,5.0,5.0,5.0,High
344,33,Female,Nurse,Bachelor's (ongoing),14,Not Applicable,Dhaka,4.0,5.0,,4.0,4.333333333333333,3.0,2.0,3.0,3.0,2.75,,4.0,2.0,,3.0,2.0,2.0,1.0,,2.0,1.75,3.0,3.0,1.0,3.0,2.5,Low
345,32,Female,Healthcare Student,Bachelor's (completed),0,Not Applicable,Dhaka,4.0,3.0,3.0,2.0,3.0,2.0,1.0,2.0,,1.6666666666666667,2.0,1.0,2.0,3.0,2.0,3.0,4.0,4.0,4.0,4.0,3.8,4.0,4.0,4.0,4.0,4.0,High
346,37,Female,Doctor,Postgraduate/Doctoral,10,Private,Chattogram,4.0,3.0,5.0,5.0,4.25,4.0,3.0,3.0,4.0,3.5,5.0,4.0,5.0,4.0,4.5,3.0,3.0,3.0,5.0,5.0,3.8,2.0,2.0,2.0,1.0,1.75,Low
347,37,Female,Healthcare Student,Bachelor's (completed),0,Public,Dhaka,1.0,2.0,2.0,2.0,1.75,4.0,3.0,4.0,,3.6666666666666665,5.0,4.0,4.0,4.0,4.25,3.0,3.0,3.0,3.0,3.0,3.0,3.0,3.0,5.0,3.0,3.5,Medium
348,24,Male,Healthcare Student,Bachelor's (completed),0,Public,Other Urban,1.0,3.0,2.0,1.0,1.75,3.0,1.0,3.0,3.0,2.5,2.0,4.0,3.0,4.0,3.25,4.0,3.0,4.0,4.0,3.0,3.6,2.0,2.0,3.0,3.0,2.5,Low
349,32,Female,Doctor,Postgraduate/Doctoral,11,Private,Dhaka,5.0,3.0,4.0,4.0,4.0,2.0,2.0,2.0,,2.0,1.0,1.0,1.0,1.0,1.0,3.0,4.0,5.0,,3.0,3.75,5.0,5.0,4.0,5.0,4.75,High
350,37,Male,Doctor,Postgraduate/Doctoral,10,Public,Chattogram,3.0,3.0,5.0,4.0,3.75,3.0,3.0,2.0,,2.6666666666666665,2.0,1.0,2.0,2.0,1.75,3.0,4.0,3.0,4.0,4.0,3.6,5.0,4.0,4.0,3.0,4.0,High
351,34,Female,Doctor,Bachelor's (completed),5,Private,Dhaka,4.0,4.0,5.0,4.0,4.25,2.0,3.0,3.0,4.0,3.0,2.0,4.0,2.0,4.0,3.0,4.0,5.0,4.0,5.0,4.0,4.4,4.0,5.0,4.0,4.0,4.25,High
352,43,Male,Healthcare Student,Bachelor's (ongoing),1,Private,Other Urban,2.0,2.0,2.0,1.0,1.75,3.0,3.0,4.0,3.0,3.25,2.0,3.0,1.0,2.0,2.0,4.0,3.0,3.0,4.0,3.0,3.4,3.0,4.0,2.0,3.0,3.0,Medium
353,38,Female,Nurse,Bachelor's (completed),13,Private,Dhaka,,3.0,3.0,,3.0,5.0,5.0,5.0,5.0,5.0,2.0,2.0,2.0,3.0,2.25,5.0,4.0,5.0,5.0,4.0,4.6,3.0,3.0,3.0,4.0,3.25,Medium
354,27,Female,Hospital Administrator,Bachelor's (ongoing),5,Public,Dhaka,3.0,3.0,3.0,3.0,3.0,3.0,3.0,4.0,3.0,3.25,3.0,3.0,3.0,,3.0,5.0,5.0,4.0,5.0,5.0,4.8,4.0,4.0,4.0,4.0,4.0,High
355,25,Male,Nurse,Postgraduate/Doctoral,3,Public,Semi-Urban,5.0,4.0,4.0,3.0,4.0,3.0,4.0,3.0,3.0,3.25,2.0,2.0,3.0,3.0,2.5,3.0,4.0,4.0,4.0,4.0,3.8,4.0,4.0,4.0,4.0,4.0,High
356,37,Male,Healthcare Student,Bachelor's (completed),0,Public,Dhaka,2.0,2.0,3.0,4.0,2.75,2.0,3.0,3.0,2.0,2.5,3.0,2.0,,4.0,3.0,4.0,5.0,5.0,5.0,5.0,4.8,3.0,4.0,4.0,4.0,3.75,Medium
357,23,Female,Nurse,Postgraduate/Doctoral,0,Private,Semi-Urban,3.0,3.0,3.0,4.0,3.25,1.0,1.0,2.0,2.0,1.5,2.0,1.0,,1.0,1.3333333333333333,3.0,3.0,2.0,4.0,3.0,3.0,4.0,4.0,4.0,4.0,4.0,High
358,36,Female,Hospital Administrator,Bachelor's (completed),10,Private,Dhaka,3.0,3.0,3.0,5.0,3.5,4.0,2.0,2.0,3.0,2.75,3.0,3.0,4.0,3.0,3.25,2.0,2.0,3.0,2.0,2.0,2.2,4.0,3.0,3.0,2.0,3.0,Medium
359,47,Male,Other,Bachelor's (ongoing),11,NGO/Other,Dhaka,3.0,2.0,3.0,3.0,2.75,5.0,5.0,,5.0,5.0,3.0,3.0,3.0,3.0,3.0,3.0,3.0,2.0,3.0,3.0,2.8,3.0,2.0,2.0,2.0,2.25,Low
360,36,Female,Doctor,Postgraduate/Doctoral,14,Private,Dhaka,4.0,3.0,5.0,4.0,4.0,3.0,4.0,,3.0,3.3333333333333335,,2.0,3.0,3.0,2.6666666666666665,2.0,3.0,3.0,4.0,4.0,3.2,3.0,4.0,4.0,4.0,3.75,Medium
361,32,Female,Healthcare Student,Bachelor's (ongoing),1,Not Applicable,Not Applicable,3.0,3.0,3.0,2.0,2.75,,4.0,4.0,3.0,3.6666666666666665,4.0,4.0,3.0,4.0,3.75,3.0,4.0,5.0,4.0,4.0,4.0,3.0,2.0,5.0,3.0,3.25,Medium
362,37,Male,Doctor,Postgraduate/Doctoral,12,Private,Chattogram,4.0,4.0,4.0,5.0,4.25,2.0,3.0,2.0,2.0,2.25,3.0,3.0,2.0,1.0,2.25,4.0,3.0,3.0,3.0,2.0,3.0,2.0,3.0,3.0,4.0,3.0,Medium
363,33,Male,Nurse,Bachelor's (completed),7,Private,Dhaka,5.0,4.0,5.0,4.0,4.5,1.0,1.0,1.0,1.0,1.0,4.0,,4.0,4.0,4.0,4.0,4.0,4.0,4.0,4.0,4.0,3.0,4.0,3.0,3.0,3.25,Medium
364,35,Male,Healthcare Student,Bachelor's (completed),0,Not Applicable,Other Urban,1.0,3.0,2.0,2.0,2.0,2.0,3.0,2.0,1.0,2.0,3.0,3.0,3.0,2.0,2.75,3.0,4.0,3.0,4.0,3.0,3.4,3.0,4.0,2.0,3.0,3.0,Medium
365,48,Female,IT Staff,Bachelor's (completed),17,Private,Chattogram,3.0,3.0,3.0,3.0,3.0,5.0,5.0,5.0,5.0,5.0,2.0,2.0,2.0,2.0,2.0,3.0,4.0,4.0,3.0,4.0,3.6,2.0,4.0,4.0,4.0,3.5,Medium
366,32,Male,IT Staff,Bachelor's (ongoing),7,Public,Semi-Urban,2.0,2.0,2.0,2.0,2.0,3.0,3.0,4.0,3.0,3.25,2.0,2.0,2.0,3.0,2.25,4.0,2.0,3.0,,3.0,3.0,4.0,3.0,3.0,5.0,3.75,Medium
367,49,Female,Nurse,Bachelor's (completed),24,Private,Not Applicable,3.0,2.0,,3.0,2.6666666666666665,5.0,5.0,4.0,,4.666666666666667,3.0,2.0,1.0,2.0,2.0,3.0,3.0,3.0,4.0,3.0,3.2,2.0,2.0,3.0,3.0,2.5,Low
368,45,Female,Nurse,Bachelor's (completed),23,Public,Other Urban,3.0,1.0,2.0,2.0,2.0,3.0,2.0,2.0,3.0,2.5,2.0,,3.0,2.0,2.3333333333333335,4.0,4.0,3.0,5.0,5.0,4.2,3.0,2.0,3.0,2.0,2.5,Low
369,28,Male,Nurse,Bachelor's (ongoing),4,Public,Chattogram,3.0,4.0,4.0,4.0,3.75,1.0,1.0,1.0,1.0,1.0,3.0,4.0,3.0,3.0,3.25,5.0,4.0,5.0,5.0,5.0,4.8,5.0,5.0,5.0,5.0,5.0,High
370,24,Female,Hospital Administrator,Bachelor's (completed),0,Private,Dhaka,4.0,4.0,4.0,4.0,4.0,3.0,2.0,2.0,2.0,2.25,,,1.0,2.0,1.5,4.0,4.0,3.0,4.0,3.0,3.6,5.0,5.0,5.0,5.0,5.0,High
371,25,Female,Nurse,Bachelor's (ongoing),3,Private,Not Applicable,4.0,3.0,4.0,5.0,4.0,3.0,3.0,3.0,3.0,3.0,1.0,3.0,2.0,2.0,2.0,2.0,3.0,,2.0,3.0,2.5,4.0,3.0,3.0,4.0,3.5,Medium
372,23,Male,Nurse,Bachelor's (ongoing),0,Public,Chattogram,4.0,3.0,4.0,4.0,3.75,,3.0,2.0,3.0,2.6666666666666665,3.0,4.0,3.0,5.0,3.75,3.0,4.0,,5.0,,4.0,4.0,4.0,3.0,2.0,3.25,Medium
373,25,Male,Nurse,Bachelor's (completed),3,Public,Dhaka,4.0,3.0,3.0,4.0,3.5,3.0,,3.0,3.0,3.0,3.0,2.0,4.0,3.0,3.0,2.0,3.0,2.0,2.0,2.0,2.2,3.0,3.0,2.0,3.0,2.75,Medium
374,38,Male,Nurse,Bachelor's (ongoing),13,NGO/Other,Not Applicable,2.0,2.0,,2.0,2.0,3.0,3.0,2.0,3.0,2.75,2.0,2.0,2.0,3.0,2.25,5.0,4.0,4.0,5.0,3.0,4.2,3.0,3.0,2.0,3.0,2.75,Medium
375,25,Male,Nurse,Bachelor's (completed),2,Public,Not Applicable,5.0,5.0,5.0,5.0,5.0,4.0,3.0,4.0,4.0,3.75,2.0,2.0,2.0,2.0,2.0,5.0,3.0,5.0,5.0,4.0,4.4,3.0,4.0,4.0,4.0,3.75,Medium
376,31,Male,Doctor,Bachelor's (completed),7,Public,Chattogram,4.0,3.0,3.0,2.0,3.0,3.0,2.0,2.0,2.0,2.25,2.0,,4.0,4.0,3.3333333333333335,5.0,5.0,5.0,5.0,4.0,4.8,5.0,4.0,3.0,3.0,3.75,Medium
377,43,Female,Healthcare Student,Bachelor's (completed),0,Not Applicable,Chattogram,2.0,2.0,2.0,2.0,2.0,3.0,3.0,3.0,4.0,3.25,3.0,3.0,2.0,2.0,2.5,3.0,3.0,4.0,4.0,4.0,3.6,4.0,2.0,4.0,5.0,3.75,Medium
378,23,Male,Hospital Administrator,Bachelor's (ongoing),2,Private,Semi-Urban,4.0,4.0,3.0,3.0,3.5,4.0,3.0,3.0,3.0,3.25,2.0,2.0,2.0,2.0,2.0,2.0,1.0,1.0,1.0,2.0,1.4,4.0,4.0,3.0,3.0,3.5,Medium
379,42,Male,Doctor,Postgraduate/Doctoral,15,Private,Semi-Urban,4.0,3.0,3.0,4.0,3.5,3.0,3.0,3.0,2.0,2.75,3.0,3.0,2.0,3.0,2.75,2.0,3.0,2.0,3.0,2.0,2.4,3.0,3.0,3.0,4.0,3.25,Medium
380,30,Female,IT Staff,Bachelor's (ongoing),7,Private,Chattogram,4.0,4.0,4.0,4.0,4.0,2.0,1.0,2.0,2.0,1.75,4.0,3.0,4.0,4.0,3.75,3.0,3.0,4.0,4.0,4.0,3.6,4.0,2.0,4.0,4.0,3.5,Medium
381,26,Female,Healthcare Student,Bachelor's (ongoing),1,Public,Dhaka,4.0,2.0,3.0,2.0,2.75,2.0,3.0,,2.0,2.3333333333333335,4.0,4.0,5.0,4.0,4.25,3.0,3.0,2.0,3.0,2.0,2.6,4.0,3.0,2.0,3.0,3.0,Medium
382,38,Female,Nurse,Bachelor's (ongoing),11,Public,Dhaka,3.0,3.0,3.0,,3.0,4.0,5.0,5.0,,4.666666666666667,2.0,4.0,4.0,2.0,3.0,3.0,3.0,3.0,3.0,2.0,2.8,3.0,2.0,1.0,1.0,1.75,Low
383,37,Female,Doctor,Bachelor's (completed),10,Private,Dhaka,5.0,4.0,5.0,5.0,4.75,5.0,5.0,4.0,5.0,4.75,3.0,4.0,4.0,4.0,3.75,4.0,4.0,4.0,5.0,5.0,4.4,2.0,1.0,2.0,2.0,1.75,Low
384,44,Male,Doctor,Postgraduate/Doctoral,11,Private,Dhaka,2.0,2.0,3.0,2.0,2.25,5.0,5.0,4.0,5.0,4.75,3.0,3.0,2.0,2.0,2.5,4.0,3.0,3.0,4.0,4.0,3.6,4.0,4.0,3.0,3.0,3.5,Medium
385,39,Male,Doctor,Postgraduate/Doctoral,17,Public,Semi-Urban,3.0,3.0,2.0,3.0,2.75,4.0,2.0,2.0,1.0,2.25,2.0,1.0,3.0,2.0,2.0,2.0,2.0,1.0,1.0,3.0,1.8,4.0,4.0,4.0,4.0,4.0,High
386,41,Other/Prefer not to say,Healthcare Student,Bachelor's (completed),0,Public,Dhaka,2.0,2.0,1.0,2.0,1.75,1.0,1.0,1.0,1.0,1.0,2.0,2.0,3.0,2.0,2.25,3.0,4.0,4.0,5.0,4.0,4.0,2.0,3.0,4.0,3.0,3.0,Medium
387,30,Female,Other,Bachelor's (ongoing),2,Public,Chattogram,1.0,1.0,1.0,2.0,1.25,4.0,4.0,4.0,4.0,4.0,2.0,1.0,1.0,2.0,1.5,4.0,3.0,4.0,3.0,,3.5,3.0,1.0,2.0,2.0,2.0,Low
388,27,Female,Doctor,Bachelor's (completed),3,Public,Semi-Urban,5.0,4.0,4.0,4.0,4.25,3.0,4.0,,4.0,3.6666666666666665,3.0,5.0,3.0,3.0,3.5,2.0,3.0,4.0,3.0,3.0,3.0,5.0,4.0,4.0,4.0,4.25,High
389,40,Male,Healthcare Student,Bachelor's (completed),0,Public,Chattogram,2.0,2.0,1.0,3.0,2.0,3.0,3.0,4.0,4.0,3.5,4.0,4.0,5.0,3.0,4.0,3.0,3.0,4.0,4.0,4.0,3.6,3.0,1.0,2.0,3.0,2.25,Low
390,41,Female,Doctor,Postgraduate/Doctoral,9,Public,Dhaka,5.0,5.0,5.0,4.0,4.75,3.0,4.0,3.0,2.0,3.0,4.0,3.0,2.0,2.0,2.75,4.0,3.0,3.0,4.0,5.0,3.8,3.0,3.0,2.0,4.0,3.0,Medium
391,54,Female,Hospital Administrator,Bachelor's (ongoing),21,Private,Rural,3.0,,3.0,3.0,3.0,3.0,2.0,3.0,3.0,2.75,4.0,4.0,4.0,4.0,4.0,3.0,4.0,5.0,4.0,4.0,4.0,3.0,1.0,3.0,3.0,2.5,Low
392,32,Male,Healthcare Student,Bachelor's (completed),1,Public,Dhaka,4.0,3.0,4.0,4.0,3.75,,4.0,3.0,4.0,3.6666666666666665,4.0,4.0,4.0,4.0,4.0,3.0,3.0,4.0,3.0,4.0,3.4,4.0,3.0,5.0,4.0,4.0,High
393,32,Female,Nurse,Bachelor's (completed),5,Private,Rural,2.0,2.0,2.0,2.0,2.0,4.0,4.0,3.0,5.0,4.0,3.0,3.0,4.0,3.0,3.25,4.0,4.0,4.0,5.0,3.0,4.0,3.0,3.0,3.0,2.0,2.75,Medium
394,41,Female,Doctor,Postgraduate/Doctoral,15,Private,Dhaka,3.0,3.0,3.0,2.0,2.75,3.0,4.0,3.0,2.0,3.0,,2.0,2.0,2.0,2.0,2.0,3.0,2.0,2.0,,2.25,4.0,4.0,3.0,3.0,3.5,Medium
395,31,Male,Hospital Administrator,Bachelor's (completed),12,Private,Chattogram,4.0,2.0,4.0,3.0,3.25,3.0,2.0,3.0,2.0,2.5,3.0,2.0,2.0,4.0,2.75,4.0,5.0,4.0,3.0,4.0,4.0,4.0,4.0,3.0,3.0,3.5,Medium
396,47,Male,Other,Bachelor's (ongoing),14,Not Applicable,Semi-Urban,2.0,,3.0,2.0,2.3333333333333335,5.0,5.0,4.0,5.0,4.75,4.0,4.0,3.0,4.0,3.75,1.0,3.0,2.0,2.0,3.0,2.2,1.0,2.0,1.0,2.0,1.5,Low
397,43,Female,Nurse,Bachelor's (ongoing),14,Public,Dhaka,2.0,3.0,3.0,3.0,2.75,3.0,2.0,3.0,3.0,2.75,3.0,2.0,2.0,2.0,2.25,3.0,2.0,2.0,4.0,2.0,2.6,2.0,1.0,1.0,2.0,1.5,Low
398,33,Male,Doctor,Postgraduate/Doctoral,14,Public,Other Urban,3.0,4.0,3.0,3.0,3.25,5.0,5.0,5.0,5.0,5.0,,2.0,3.0,3.0,2.6666666666666665,5.0,3.0,4.0,5.0,4.0,4.2,3.0,3.0,3.0,4.0,3.25,Medium
399,40,Male,Doctor,Bachelor's (completed),12,Private,Dhaka,3.0,2.0,3.0,2.0,2.5,3.0,4.0,4.0,3.0,3.5,2.0,2.0,2.0,2.0,2.0,5.0,3.0,5.0,4.0,3.0,4.0,2.0,2.0,2.0,3.0,2.25,Low
400,40,Male,Hospital Administrator,Bachelor's (completed),9,Public,Other Urban,3.0,4.0,4.0,4.0,3.75,3.0,4.0,2.0,3.0,3.0,,3.0,3.0,1.0,2.3333333333333335,2.0,1.0,2.0,1.0,1.0,1.4,1.0,2.0,2.0,3.0,2.0,Low
401,26,Male,Hospital Administrator,Postgraduate/Doctoral,5,Public,Dhaka,3.0,4.0,4.0,4.0,3.75,2.0,3.0,3.0,2.0,2.5,2.0,1.0,1.0,1.0,1.25,4.0,3.0,5.0,5.0,4.0,4.2,5.0,3.0,5.0,4.0,4.25,High
402,45,Female,Healthcare Student,Bachelor's (completed),1,Public,Semi-Urban,3.0,1.0,3.0,3.0,2.5,3.0,3.0,4.0,3.0,3.25,2.0,3.0,1.0,3.0,2.25,4.0,3.0,4.0,,4.0,3.75,3.0,4.0,3.0,2.0,3.0,Medium
403,34,Female,Healthcare Student,Secondary/HSC,0,Not Applicable,Other Urban,1.0,2.0,2.0,2.0,1.75,3.0,4.0,3.0,4.0,3.5,2.0,1.0,2.0,2.0,1.75,2.0,2.0,1.0,2.0,3.0,2.0,2.0,2.0,2.0,2.0,2.0,Low
404,42,Male,Healthcare Student,Bachelor's (ongoing),0,Public,Chattogram,1.0,2.0,2.0,2.0,1.75,4.0,3.0,3.0,5.0,3.75,4.0,,3.0,4.0,3.6666666666666665,3.0,2.0,2.0,3.0,3.0,2.6,1.0,1.0,1.0,1.0,1.0,Low
405,31,Other/Prefer not to say,Healthcare Student,Bachelor's (ongoing),0,Private,Dhaka,4.0,4.0,3.0,3.0,3.5,3.0,3.0,4.0,4.0,3.5,2.0,3.0,2.0,2.0,2.25,2.0,2.0,1.0,1.0,3.0,1.8,1.0,3.0,2.0,3.0,2.25,Low
406,45,Female,Nurse,Bachelor's (completed),16,Public,Chattogram,4.0,3.0,3.0,5.0,3.75,3.0,3.0,4.0,4.0,3.5,5.0,5.0,5.0,5.0,5.0,3.0,3.0,4.0,3.0,3.0,3.2,2.0,3.0,3.0,3.0,2.75,Medium
407,32,Male,Hospital Administrator,Postgraduate/Doctoral,8,Private,Other Urban,5.0,5.0,5.0,5.0,5.0,2.0,3.0,2.0,1.0,2.0,3.0,5.0,,3.0,3.6666666666666665,4.0,3.0,3.0,3.0,4.0,3.4,4.0,5.0,5.0,5.0,4.75,High
408,22,Female,Nurse,Bachelor's (ongoing),1,Public,Dhaka,4.0,4.0,2.0,4.0,3.5,2.0,4.0,3.0,3.0,3.0,3.0,3.0,2.0,2.0,2.5,3.0,5.0,4.0,4.0,3.0,3.8,5.0,3.0,3.0,4.0,3.75,Medium
409,45,Male,Nurse,Postgraduate/Doctoral,18,NGO/Other,Other Urban,5.0,4.0,5.0,5.0,4.75,3.0,2.0,4.0,3.0,3.0,5.0,5.0,5.0,4.0,4.75,3.0,3.0,3.0,5.0,2.0,3.2,3.0,3.0,1.0,2.0,2.25,Low
410,25,Other/Prefer not to say,Other,Bachelor's (ongoing),7,Private,Dhaka,3.0,2.0,2.0,3.0,2.5,3.0,,3.0,3.0,3.0,5.0,4.0,4.0,3.0,4.0,3.0,3.0,3.0,3.0,2.0,2.8,2.0,2.0,3.0,3.0,2.5,Low
411,31,Female,IT Staff,Bachelor's (completed),5,Public,Dhaka,2.0,3.0,2.0,2.0,2.25,3.0,5.0,3.0,4.0,3.75,1.0,2.0,1.0,1.0,1.25,4.0,4.0,4.0,4.0,4.0,4.0,2.0,3.0,3.0,2.0,2.5,Low
412,48,Female,Other,Secondary/HSC,13,Public,Semi-Urban,2.0,,2.0,1.0,1.6666666666666667,4.0,3.0,2.0,2.0,2.75,1.0,2.0,1.0,3.0,1.75,4.0,3.0,2.0,2.0,3.0,2.8,3.0,1.0,2.0,1.0,1.75,Low
413,48,Male,Nurse,Bachelor's (completed),20,Private,Dhaka,3.0,4.0,3.0,4.0,3.5,3.0,2.0,3.0,3.0,2.75,4.0,4.0,5.0,3.0,4.0,2.0,3.0,3.0,4.0,3.0,3.0,3.0,3.0,4.0,3.0,3.25,Medium
414,36,Female,Hospital Administrator,Bachelor's (ongoing),10,Private,Dhaka,3.0,4.0,4.0,4.0,3.75,4.0,5.0,4.0,5.0,4.5,,4.0,3.0,4.0,3.6666666666666665,3.0,3.0,2.0,3.0,2.0,2.6,2.0,2.0,2.0,2.0,2.0,Low
415,37,Male,Nurse,Bachelor's (ongoing),9,Public,Other Urban,3.0,3.0,3.0,4.0,3.25,4.0,4.0,3.0,2.0,3.25,2.0,5.0,4.0,4.0,3.75,3.0,3.0,4.0,4.0,5.0,3.8,1.0,2.0,2.0,2.0,1.75,Low
416,33,Male,Doctor,Postgraduate/Doctoral,5,Public,Semi-Urban,2.0,1.0,1.0,2.0,1.5,3.0,4.0,4.0,3.0,3.5,3.0,3.0,2.0,2.0,2.5,4.0,4.0,4.0,4.0,4.0,4.0,3.0,3.0,1.0,2.0,2.25,Low
417,30,Male,Nurse,Bachelor's (completed),4,Public,Dhaka,4.0,,4.0,5.0,4.333333333333333,4.0,3.0,3.0,4.0,3.5,2.0,1.0,2.0,1.0,1.5,4.0,,5.0,4.0,3.0,4.0,3.0,4.0,4.0,4.0,3.75,Medium
418,31,Female,Hospital Administrator,Secondary/HSC,8,Public,Dhaka,,3.0,3.0,3.0,3.0,2.0,2.0,2.0,1.0,1.75,2.0,2.0,2.0,3.0,2.25,3.0,2.0,3.0,2.0,1.0,2.2,3.0,2.0,1.0,1.0,1.75,Low
419,38,Male,Doctor,Secondary/HSC,9,Public,Chattogram,1.0,1.0,1.0,1.0,1.0,4.0,4.0,2.0,3.0,3.25,4.0,4.0,5.0,3.0,4.0,3.0,3.0,3.0,3.0,3.0,3.0,2.0,1.0,1.0,1.0,1.25,Low
420,40,Female,Other,Bachelor's (ongoing),6,Public,Other Urban,3.0,2.0,3.0,3.0,2.75,,3.0,4.0,3.0,3.3333333333333335,3.0,3.0,3.0,3.0,3.0,3.0,2.0,2.0,2.0,3.0,2.4,3.0,2.0,2.0,2.0,2.25,Low
421,41,Female,Doctor,Bachelor's (completed),15,Public,Chattogram,3.0,4.0,2.0,3.0,3.0,2.0,2.0,3.0,3.0,2.5,2.0,3.0,2.0,3.0,2.5,2.0,2.0,2.0,1.0,2.0,1.8,2.0,2.0,2.0,2.0,2.0,Low
422,41,Male,Doctor,Bachelor's (completed),16,NGO/Other,Other Urban,4.0,2.0,4.0,4.0,3.5,4.0,3.0,3.0,4.0,3.5,1.0,3.0,1.0,2.0,1.75,3.0,2.0,4.0,3.0,4.0,3.2,3.0,3.0,2.0,2.0,2.5,Low
423,25,Male,Healthcare Student,Bachelor's (completed),0,Not Applicable,Rural,4.0,3.0,3.0,5.0,3.75,1.0,3.0,1.0,1.0,1.5,3.0,3.0,2.0,3.0,2.75,3.0,3.0,4.0,3.0,3.0,3.2,4.0,4.0,5.0,5.0,4.5,High
424,34,Male,Doctor,Bachelor's (completed),14,Private,Rural,3.0,3.0,4.0,3.0,3.25,2.0,4.0,3.0,,3.0,2.0,2.0,2.0,,2.0,3.0,2.0,2.0,1.0,,2.0,3.0,3.0,4.0,4.0,3.5,Medium
425,24,Female,Other,Bachelor's (completed),0,Private,Dhaka,3.0,4.0,2.0,3.0,3.0,2.0,2.0,4.0,3.0,2.75,3.0,2.0,,3.0,2.6666666666666665,3.0,3.0,2.0,2.0,3.0,2.6,2.0,4.0,3.0,3.0,3.0,Medium
426,35,Female,Healthcare Student,Bachelor's (ongoing),1,NGO/Other,Dhaka,,3.0,3.0,3.0,3.0,2.0,2.0,2.0,2.0,2.0,3.0,2.0,2.0,2.0,2.25,3.0,4.0,3.0,3.0,3.0,3.2,2.0,1.0,3.0,1.0,1.75,Low
427,33,Male,Doctor,Bachelor's (completed),10,Public,Dhaka,2.0,2.0,2.0,2.0,2.0,4.0,2.0,2.0,3.0,2.75,3.0,3.0,3.0,3.0,3.0,4.0,4.0,4.0,5.0,5.0,4.4,3.0,2.0,3.0,2.0,2.5,Low
428,44,Female,IT Staff,Bachelor's (ongoing),19,Private,Dhaka,3.0,3.0,4.0,3.0,3.25,3.0,4.0,4.0,2.0,3.25,4.0,5.0,5.0,5.0,4.75,4.0,3.0,3.0,3.0,2.0,3.0,3.0,3.0,3.0,1.0,2.5,Low
429,31,Male,IT Staff,Bachelor's (completed),9,Public,Chattogram,5.0,5.0,5.0,4.0,4.75,3.0,3.0,2.0,4.0,3.0,3.0,1.0,2.0,2.0,2.0,4.0,,3.0,4.0,4.0,3.75,3.0,5.0,5.0,4.0,4.25,High
430,26,Female,Healthcare Student,Secondary/HSC,1,Private,Rural,1.0,2.0,2.0,1.0,1.5,3.0,3.0,3.0,3.0,3.0,,4.0,3.0,3.0,3.3333333333333335,2.0,2.0,3.0,3.0,3.0,2.6,5.0,3.0,4.0,4.0,4.0,High
431,27,Female,Healthcare Student,Bachelor's (ongoing),0,Not Applicable,Chattogram,1.0,2.0,2.0,2.0,1.75,5.0,5.0,3.0,4.0,4.25,4.0,2.0,4.0,3.0,3.25,3.0,3.0,3.0,3.0,3.0,3.0,3.0,2.0,2.0,1.0,2.0,Low
432,40,Female,IT Staff,Postgraduate/Doctoral,10,NGO/Other,Dhaka,4.0,3.0,5.0,3.0,3.75,3.0,4.0,3.0,3.0,3.25,1.0,1.0,1.0,1.0,1.0,4.0,3.0,5.0,4.0,4.0,4.0,4.0,5.0,4.0,4.0,4.25,High
433,37,Female,Hospital Administrator,Postgraduate/Doctoral,17,Public,Other Urban,4.0,3.0,2.0,4.0,3.25,4.0,5.0,3.0,3.0,3.75,3.0,3.0,3.0,3.0,3.0,2.0,3.0,2.0,2.0,1.0,2.0,5.0,4.0,3.0,3.0,3.75,Medium
434,25,Female,Nurse,Bachelor's (ongoing),7,Private,Not Applicable,2.0,4.0,2.0,3.0,2.75,2.0,3.0,4.0,3.0,3.0,3.0,5.0,4.0,4.0,4.0,2.0,2.0,2.0,2.0,2.0,2.0,4.0,3.0,4.0,4.0,3.75,Medium
435,25,Male,IT Staff,Bachelor's (completed),4,Public,Dhaka,4.0,4.0,4.0,4.0,4.0,3.0,2.0,2.0,3.0,2.5,3.0,3.0,3.0,2.0,2.75,5.0,4.0,4.0,5.0,4.0,4.4,4.0,3.0,4.0,3.0,3.5,Medium
436,39,Male,Other,Bachelor's (completed),16,Public,Semi-Urban,5.0,2.0,4.0,3.0,3.5,4.0,4.0,4.0,3.0,3.75,1.0,1.0,1.0,1.0,1.0,4.0,4.0,5.0,4.0,5.0,4.4,5.0,5.0,5.0,4.0,4.75,High
437,25,Male,Hospital Administrator,Postgraduate/Doctoral,0,Public,Semi-Urban,4.0,4.0,5.0,5.0,4.5,3.0,3.0,3.0,4.0,3.25,2.0,1.0,2.0,2.0,1.75,3.0,4.0,4.0,4.0,4.0,3.8,5.0,5.0,5.0,5.0,5.0,High
438,42,Male,IT Staff,Bachelor's (completed),20,Public,Chattogram,,3.0,4.0,4.0,3.6666666666666665,3.0,3.0,3.0,3.0,3.0,2.0,2.0,2.0,1.0,1.75,,4.0,4.0,5.0,5.0,4.5,4.0,5.0,4.0,5.0,4.5,High
439,39,Female,Nurse,Bachelor's (ongoing),10,Private,Other Urban,1.0,2.0,1.0,2.0,1.5,3.0,3.0,3.0,3.0,3.0,5.0,4.0,5.0,3.0,4.25,3.0,1.0,1.0,2.0,2.0,1.8,2.0,3.0,2.0,2.0,2.25,Low
440,25,Female,Healthcare Student,Bachelor's (ongoing),0,Private,Chattogram,5.0,3.0,4.0,5.0,4.25,2.0,2.0,2.0,3.0,2.25,3.0,5.0,4.0,3.0,3.75,3.0,3.0,2.0,2.0,3.0,2.6,3.0,5.0,4.0,4.0,4.0,High
441,25,Female,Other,Secondary/HSC,2,Public,Dhaka,4.0,3.0,3.0,3.0,3.25,4.0,2.0,2.0,3.0,2.75,5.0,4.0,4.0,2.0,3.75,3.0,3.0,3.0,3.0,2.0,2.8,4.0,2.0,3.0,5.0,3.5,Medium
442,53,Male,Doctor,Bachelor's (completed),33,Not Applicable,Chattogram,3.0,4.0,4.0,5.0,4.0,1.0,2.0,2.0,2.0,1.75,3.0,3.0,2.0,3.0,2.75,5.0,5.0,5.0,5.0,4.0,4.8,5.0,5.0,3.0,4.0,4.25,High
443,32,Female,Doctor,Postgraduate/Doctoral,5,Private,Dhaka,4.0,4.0,3.0,3.0,3.5,4.0,5.0,5.0,5.0,4.75,4.0,3.0,4.0,4.0,3.75,3.0,4.0,4.0,3.0,3.0,3.4,4.0,3.0,3.0,2.0,3.0,Medium
444,32,Male,Hospital Administrator,Postgraduate/Doctoral,2,Public,Semi-Urban,4.0,3.0,3.0,4.0,3.5,5.0,5.0,4.0,5.0,4.75,3.0,2.0,1.0,2.0,2.0,4.0,3.0,3.0,4.0,4.0,3.6,2.0,3.0,2.0,2.0,2.25,Low
445,42,Male,Nurse,Bachelor's (ongoing),13,Private,Semi-Urban,1.0,2.0,2.0,1.0,1.5,3.0,3.0,4.0,4.0,3.5,5.0,5.0,5.0,4.0,4.75,3.0,,4.0,3.0,2.0,3.0,2.0,4.0,2.0,3.0,2.75,Medium
446,48,Female,Hospital Administrator,Bachelor's (completed),24,Private,Dhaka,2.0,3.0,1.0,,2.0,5.0,4.0,4.0,4.0,4.25,3.0,4.0,3.0,4.0,3.5,4.0,4.0,4.0,3.0,4.0,3.8,2.0,2.0,2.0,3.0,2.25,Low
447,53,Other/Prefer not to say,Doctor,Postgraduate/Doctoral,16,Private,Other Urban,,3.0,2.0,4.0,3.0,4.0,4.0,4.0,4.0,4.0,3.0,4.0,3.0,4.0,3.5,3.0,4.0,4.0,4.0,3.0,3.6,4.0,3.0,3.0,4.0,3.5,Medium
448,40,Female,Nurse,Bachelor's (completed),18,Private,Dhaka,3.0,3.0,5.0,4.0,3.75,2.0,2.0,,1.0,1.6666666666666667,3.0,2.0,2.0,2.0,2.25,,,3.0,2.0,3.0,2.6666666666666665,2.0,2.0,3.0,3.0,2.5,Low
449,32,Male,Hospital Administrator,Bachelor's (completed),7,NGO/Other,Dhaka,5.0,4.0,4.0,4.0,4.25,4.0,3.0,3.0,3.0,3.25,4.0,,4.0,5.0,4.333333333333333,1.0,1.0,2.0,1.0,1.0,1.2,2.0,2.0,1.0,2.0,1.75,Low
450,25,Female,Hospital Administrator,Secondary/HSC,0,Public,Other Urban,2.0,3.0,2.0,2.0,2.25,2.0,3.0,2.0,3.0,2.5,4.0,3.0,4.0,4.0,3.75,4.0,5.0,5.0,5.0,4.0,4.6,3.0,3.0,3.0,2.0,2.75,Medium
451,41,Male,IT Staff,Postgraduate/Doctoral,15,Private,Dhaka,3.0,4.0,4.0,4.0,3.75,,5.0,4.0,5.0,4.666666666666667,2.0,3.0,4.0,4.0,3.25,3.0,,4.0,4.0,3.0,3.5,2.0,4.0,4.0,2.0,3.0,Medium
452,35,Female,Healthcare Student,Bachelor's (completed),1,Public,Semi-Urban,2.0,3.0,,3.0,2.6666666666666665,2.0,2.0,3.0,3.0,2.5,3.0,2.0,4.0,2.0,2.75,1.0,2.0,1.0,,2.0,1.5,4.0,3.0,4.0,3.0,3.5,Medium
453,33,Female,IT Staff,Bachelor's (completed),6,NGO/Other,Dhaka,4.0,3.0,4.0,3.0,3.5,2.0,5.0,4.0,5.0,4.0,2.0,1.0,4.0,2.0,2.25,4.0,4.0,5.0,4.0,,4.25,4.0,4.0,4.0,5.0,4.25,High
454,45,Male,Healthcare Student,Bachelor's (completed),0,Public,Semi-Urban,3.0,4.0,4.0,2.0,3.25,3.0,3.0,3.0,3.0,3.0,3.0,2.0,4.0,3.0,3.0,3.0,4.0,4.0,3.0,4.0,3.6,5.0,4.0,4.0,4.0,4.25,High
455,26,Male,IT Staff,Bachelor's (completed),3,Public,Dhaka,4.0,4.0,5.0,5.0,4.5,5.0,,5.0,5.0,5.0,4.0,3.0,3.0,5.0,3.75,3.0,5.0,3.0,4.0,4.0,3.8,3.0,3.0,3.0,4.0,3.25,Medium
456,34,Male,Hospital Administrator,Bachelor's (completed),10,Not Applicable,Chattogram,,3.0,2.0,4.0,3.0,2.0,2.0,2.0,2.0,2.0,5.0,4.0,4.0,3.0,4.0,,4.0,4.0,4.0,4.0,4.0,3.0,2.0,2.0,4.0,2.75,Medium
457,22,Other/Prefer not to say,Hospital Administrator,Bachelor's (ongoing),2,Private,Semi-Urban,,4.0,4.0,3.0,3.6666666666666665,4.0,4.0,4.0,5.0,4.25,3.0,3.0,2.0,3.0,2.75,2.0,2.0,2.0,1.0,2.0,1.8,4.0,3.0,4.0,4.0,3.75,Medium
458,34,Male,Doctor,Postgraduate/Doctoral,9,Public,Chattogram,4.0,5.0,4.0,5.0,4.5,4.0,4.0,3.0,4.0,3.75,2.0,1.0,1.0,1.0,1.25,4.0,3.0,2.0,4.0,4.0,3.4,5.0,5.0,4.0,5.0,4.75,High
459,24,Female,Nurse,Secondary/HSC,4,Public,Dhaka,3.0,4.0,3.0,3.0,3.25,3.0,4.0,3.0,2.0,3.0,3.0,4.0,4.0,4.0,3.75,2.0,3.0,3.0,3.0,3.0,2.8,4.0,4.0,4.0,3.0,3.75,Medium
460,26,Female,Hospital Administrator,Postgraduate/Doctoral,4,Public,Rural,4.0,3.0,3.0,4.0,3.5,2.0,3.0,3.0,3.0,2.75,2.0,2.0,1.0,1.0,1.5,4.0,,4.0,3.0,4.0,3.75,4.0,4.0,5.0,4.0,4.25,High
461,26,Female,Healthcare Student,Bachelor's (ongoing),0,Not Applicable,Chattogram,3.0,3.0,5.0,4.0,3.75,1.0,,2.0,3.0,2.0,3.0,4.0,2.0,3.0,3.0,1.0,1.0,1.0,1.0,2.0,1.2,2.0,3.0,4.0,4.0,3.25,Medium
462,37,Male,IT Staff,Bachelor's (completed),10,Public,Dhaka,4.0,3.0,4.0,4.0,3.75,1.0,1.0,1.0,1.0,1.0,3.0,3.0,3.0,3.0,3.0,5.0,3.0,5.0,3.0,4.0,4.0,5.0,5.0,5.0,4.0,4.75,High
463,40,Female,Doctor,Bachelor's (completed),13,Public,Chattogram,2.0,3.0,2.0,3.0,2.5,3.0,4.0,4.0,4.0,3.75,3.0,2.0,2.0,1.0,2.0,3.0,5.0,3.0,4.0,5.0,4.0,4.0,4.0,3.0,4.0,3.75,Medium
464,36,Male,Hospital Administrator,Postgraduate/Doctoral,3,Private,Other Urban,4.0,4.0,5.0,4.0,4.25,3.0,2.0,4.0,,3.0,2.0,3.0,3.0,3.0,2.75,5.0,5.0,4.0,5.0,4.0,4.6,4.0,3.0,4.0,4.0,3.75,Medium
465,49,Female,Nurse,Bachelor's (ongoing),22,Public,Other Urban,3.0,1.0,3.0,2.0,2.25,5.0,5.0,4.0,5.0,4.75,5.0,5.0,5.0,4.0,4.75,4.0,4.0,3.0,4.0,3.0,3.6,2.0,1.0,2.0,1.0,1.5,Low
466,32,Female,Healthcare Student,Bachelor's (ongoing),0,Public,Semi-Urban,3.0,4.0,4.0,2.0,3.25,3.0,,3.0,3.0,3.0,3.0,3.0,3.0,2.0,2.75,4.0,3.0,4.0,4.0,4.0,3.8,4.0,5.0,5.0,5.0,4.75,High
467,30,Female,Healthcare Student,Bachelor's (ongoing),1,Not Applicable,Other Urban,2.0,2.0,2.0,2.0,2.0,4.0,4.0,3.0,4.0,3.75,3.0,4.0,,3.0,3.3333333333333335,2.0,1.0,1.0,1.0,2.0,1.4,1.0,1.0,2.0,1.0,1.25,Low
468,44,Female,Hospital Administrator,Bachelor's (completed),15,Public,Dhaka,4.0,4.0,5.0,5.0,4.5,,4.0,4.0,4.0,4.0,4.0,5.0,5.0,5.0,4.75,4.0,5.0,,5.0,5.0,4.75,3.0,5.0,3.0,3.0,3.5,Medium
469,29,Male,Hospital Administrator,Postgraduate/Doctoral,2,NGO/Other,Dhaka,4.0,3.0,4.0,5.0,4.0,1.0,1.0,1.0,1.0,1.0,4.0,2.0,3.0,3.0,3.0,4.0,3.0,3.0,4.0,4.0,3.6,4.0,4.0,5.0,4.0,4.25,High
470,49,Male,Nurse,Bachelor's (ongoing),24,Private,Dhaka,2.0,2.0,1.0,2.0,1.75,4.0,3.0,4.0,4.0,3.75,4.0,2.0,4.0,4.0,3.5,5.0,5.0,5.0,5.0,5.0,5.0,2.0,1.0,2.0,2.0,1.75,Low
471,22,Male,Nurse,Postgraduate/Doctoral,1,Public,Semi-Urban,5.0,4.0,4.0,4.0,4.25,2.0,2.0,,,2.0,2.0,2.0,2.0,3.0,2.25,2.0,3.0,1.0,2.0,2.0,2.0,3.0,3.0,3.0,3.0,3.0,Medium
472,50,Male,Healthcare Student,Bachelor's (ongoing),1,Not Applicable,Dhaka,1.0,1.0,1.0,1.0,1.0,5.0,5.0,4.0,4.0,4.5,4.0,5.0,4.0,4.0,4.25,2.0,2.0,2.0,1.0,1.0,1.6,1.0,1.0,1.0,1.0,1.0,Low
473,24,Male,Healthcare Student,Bachelor's (completed),1,Not Applicable,Semi-Urban,2.0,2.0,2.0,2.0,2.0,4.0,4.0,3.0,4.0,3.75,4.0,5.0,5.0,3.0,4.25,5.0,4.0,5.0,5.0,4.0,4.6,4.0,4.0,3.0,3.0,3.5,Medium
474,45,Male,Hospital Administrator,Bachelor's (ongoing),18,Private,Other Urban,2.0,4.0,2.0,3.0,2.75,4.0,4.0,2.0,4.0,3.5,4.0,5.0,5.0,5.0,4.75,3.0,3.0,2.0,2.0,2.0,2.4,3.0,2.0,2.0,2.0,2.25,Low
475,35,Male,Nurse,Bachelor's (completed),10,Private,Semi-Urban,4.0,4.0,5.0,5.0,4.5,3.0,3.0,3.0,2.0,2.75,1.0,1.0,1.0,1.0,1.0,,4.0,3.0,4.0,3.0,3.5,5.0,5.0,5.0,5.0,5.0,High
476,55,Male,Doctor,Postgraduate/Doctoral,19,Public,Dhaka,1.0,1.0,2.0,1.0,1.25,3.0,2.0,2.0,2.0,2.25,2.0,2.0,1.0,4.0,2.25,4.0,4.0,4.0,4.0,5.0,4.2,3.0,2.0,2.0,3.0,2.5,Low
477,25,Male,Doctor,Postgraduate/Doctoral,0,Public,Dhaka,4.0,4.0,3.0,3.0,3.5,3.0,2.0,2.0,3.0,2.5,,3.0,2.0,2.0,2.3333333333333335,,5.0,5.0,5.0,5.0,5.0,4.0,4.0,5.0,4.0,4.25,High
478,35,Female,Doctor,Bachelor's (completed),12,Private,Rural,4.0,3.0,3.0,3.0,3.25,1.0,1.0,3.0,2.0,1.75,2.0,1.0,2.0,3.0,2.0,3.0,,5.0,4.0,,4.0,4.0,4.0,3.0,5.0,4.0,High
479,50,Female,Nurse,Bachelor's (completed),25,Public,Other Urban,3.0,2.0,3.0,2.0,2.5,3.0,3.0,3.0,2.0,2.75,1.0,1.0,1.0,1.0,1.0,4.0,2.0,3.0,3.0,3.0,3.0,2.0,4.0,3.0,4.0,3.25,Medium
480,35,Male,Other,Postgraduate/Doctoral,10,Public,Chattogram,4.0,5.0,5.0,4.0,4.5,2.0,,1.0,1.0,1.3333333333333333,2.0,3.0,2.0,2.0,2.25,2.0,,2.0,3.0,2.0,2.25,4.0,5.0,5.0,4.0,4.5,High
481,37,Male,Hospital Administrator,Bachelor's (completed),7,Private,Semi-Urban,,3.0,4.0,3.0,3.3333333333333335,2.0,2.0,2.0,2.0,2.0,2.0,3.0,3.0,4.0,3.0,4.0,3.0,4.0,4.0,3.0,3.6,4.0,4.0,4.0,3.0,3.75,Medium
482,38,Male,Nurse,Bachelor's (completed),18,Public,Rural,2.0,3.0,1.0,3.0,2.25,2.0,3.0,3.0,3.0,2.75,2.0,2.0,2.0,4.0,2.5,4.0,4.0,4.0,4.0,3.0,3.8,1.0,2.0,1.0,1.0,1.25,Low
483,33,Female,Doctor,Postgraduate/Doctoral,8,Private,Dhaka,3.0,4.0,4.0,4.0,3.75,3.0,4.0,4.0,3.0,3.5,1.0,2.0,2.0,2.0,1.75,4.0,3.0,2.0,1.0,3.0,2.6,3.0,3.0,3.0,4.0,3.25,Medium
484,37,Male,Nurse,Bachelor's (ongoing),7,Private,Rural,1.0,1.0,1.0,1.0,1.0,4.0,3.0,3.0,2.0,3.0,3.0,4.0,3.0,3.0,3.25,4.0,4.0,3.0,4.0,4.0,3.8,2.0,1.0,1.0,3.0,1.75,Low
485,36,Male,Healthcare Student,Bachelor's (completed),0,Not Applicable,Dhaka,,2.0,2.0,1.0,1.6666666666666667,1.0,2.0,2.0,3.0,2.0,4.0,3.0,,3.0,3.3333333333333335,1.0,,1.0,1.0,1.0,1.0,1.0,2.0,3.0,2.0,2.0,Low
486,45,Male,Nurse,Bachelor's (ongoing),12,Public,Not Applicable,4.0,3.0,4.0,3.0,3.5,2.0,3.0,3.0,3.0,2.75,4.0,4.0,4.0,3.0,3.75,3.0,5.0,4.0,5.0,5.0,4.4,4.0,4.0,4.0,4.0,4.0,High
487,24,Male,Healthcare Student,Bachelor's (completed),1,Private,Dhaka,3.0,5.0,5.0,4.0,4.25,2.0,3.0,3.0,3.0,2.75,3.0,2.0,4.0,5.0,3.5,4.0,3.0,3.0,2.0,4.0,3.2,4.0,4.0,3.0,4.0,3.75,Medium
488,30,Male,Healthcare Student,Bachelor's (ongoing),1,Not Applicable,Dhaka,4.0,4.0,4.0,4.0,4.0,2.0,2.0,,2.0,2.0,3.0,3.0,2.0,4.0,3.0,3.0,4.0,3.0,4.0,5.0,3.8,4.0,2.0,2.0,3.0,2.75,Medium
489,48,Female,Doctor,Bachelor's (completed),17,Public,Dhaka,3.0,3.0,3.0,2.0,2.75,3.0,4.0,3.0,3.0,3.25,3.0,2.0,,2.0,2.3333333333333335,3.0,,4.0,5.0,4.0,4.0,4.0,4.0,4.0,4.0,4.0,High
490,45,Female,Hospital Administrator,Bachelor's (completed),19,Private,Semi-Urban,1.0,2.0,1.0,1.0,1.25,3.0,1.0,1.0,2.0,1.75,,2.0,2.0,3.0,2.3333333333333335,3.0,3.0,4.0,3.0,3.0,3.2,2.0,3.0,2.0,3.0,2.5,Low
491,33,Female,Other,Bachelor's (ongoing),4,Private,Not Applicable,2.0,1.0,1.0,2.0,1.5,4.0,3.0,4.0,4.0,3.75,3.0,3.0,3.0,4.0,3.25,4.0,2.0,3.0,3.0,4.0,3.2,1.0,1.0,2.0,1.0,1.25,Low
492,37,Female,Nurse,Postgraduate/Doctoral,13,Public,Dhaka,5.0,4.0,5.0,5.0,4.75,3.0,3.0,3.0,2.0,2.75,4.0,3.0,3.0,4.0,3.5,3.0,4.0,3.0,5.0,4.0,3.8,5.0,3.0,5.0,5.0,4.5,High
493,30,Female,Doctor,Postgraduate/Doctoral,3,Public,Dhaka,5.0,4.0,5.0,5.0,4.75,4.0,4.0,4.0,3.0,3.75,2.0,2.0,1.0,,1.6666666666666667,4.0,4.0,4.0,5.0,5.0,4.4,5.0,5.0,5.0,4.0,4.75,High
494,28,Male,Other,Secondary/HSC,5,Private,Dhaka,4.0,3.0,4.0,4.0,3.75,,4.0,3.0,4.0,3.6666666666666665,4.0,4.0,5.0,4.0,4.25,5.0,5.0,5.0,5.0,5.0,5.0,2.0,3.0,3.0,3.0,2.75,Medium
495,34,Female,Healthcare Student,Bachelor's (ongoing),1,Public,Dhaka,2.0,4.0,3.0,,3.0,3.0,4.0,3.0,3.0,3.25,4.0,3.0,4.0,4.0,3.75,2.0,3.0,1.0,2.0,2.0,2.0,1.0,1.0,2.0,1.0,1.25,Low
496,31,Male,Hospital Administrator,Bachelor's (completed),6,NGO/Other,Semi-Urban,1.0,1.0,3.0,2.0,1.75,4.0,4.0,4.0,3.0,3.75,5.0,5.0,3.0,4.0,4.25,1.0,1.0,1.0,1.0,1.0,1.0,2.0,1.0,2.0,2.0,1.75,Low
497,36,Male,Hospital Administrator,Bachelor's (completed),9,Private,Dhaka,3.0,3.0,3.0,3.0,3.0,2.0,1.0,1.0,1.0,1.25,3.0,3.0,2.0,3.0,2.75,3.0,3.0,3.0,3.0,4.0,3.2,5.0,4.0,5.0,5.0,4.75,High
498,25,Female,Doctor,Postgraduate/Doctoral,5,Public,Not Applicable,3.0,4.0,4.0,4.0,3.75,2.0,3.0,2.0,2.0,2.25,2.0,1.0,1.0,2.0,1.5,3.0,3.0,3.0,3.0,3.0,3.0,5.0,5.0,5.0,4.0,4.75,High
499,51,Male,Healthcare Student,Bachelor's (completed),0,Not Applicable,Not Applicable,4.0,3.0,4.0,3.0,3.5,5.0,4.0,,5.0,4.666666666666667,4.0,4.0,3.0,4.0,3.75,2.0,2.0,3.0,2.0,2.0,2.2,3.0,3.0,3.0,2.0,2.75,Medium
500,53,Male,Nurse,Bachelor's (completed),15,Public,Dhaka,2.0,3.0,3.0,2.0,2.5,4.0,4.0,5.0,5.0,4.5,3.0,4.0,4.0,4.0,3.75,3.0,2.0,3.0,4.0,3.0,3.0,3.0,4.0,3.0,2.0,3.0,Medium
501,39,Female,Doctor,Secondary/HSC,15,Public,Other Urban,2.0,3.0,1.0,1.0,1.75,5.0,5.0,5.0,5.0,5.0,4.0,4.0,3.0,3.0,3.5,3.0,4.0,3.0,4.0,4.0,3.6,3.0,1.0,3.0,2.0,2.25,Low
502,35,Female,IT Staff,Bachelor's (completed),11,Not Applicable,Not Applicable,3.0,,4.0,4.0,3.6666666666666665,4.0,5.0,4.0,4.0,4.25,1.0,2.0,2.0,2.0,1.75,1.0,2.0,2.0,2.0,1.0,1.6,2.0,2.0,2.0,1.0,1.75,Low
503,30,Female,Other,Bachelor's (completed),6,Private,Rural,3.0,3.0,3.0,4.0,3.25,3.0,3.0,3.0,3.0,3.0,3.0,3.0,3.0,3.0,3.0,3.0,3.0,,4.0,3.0,3.25,3.0,3.0,4.0,3.0,3.25,Medium
504,42,Male,Healthcare Student,Bachelor's (ongoing),0,Private,Semi-Urban,3.0,,2.0,2.0,2.3333333333333335,4.0,2.0,3.0,3.0,3.0,4.0,4.0,4.0,3.0,3.75,4.0,4.0,3.0,3.0,3.0,3.4,4.0,3.0,4.0,4.0,3.75,Medium
505,38,Male,Nurse,Bachelor's (ongoing),7,Private,Dhaka,2.0,2.0,2.0,1.0,1.75,2.0,1.0,3.0,3.0,2.25,3.0,2.0,3.0,,2.6666666666666665,5.0,,4.0,4.0,3.0,4.0,5.0,3.0,5.0,5.0,4.5,High
506,27,Female,Doctor,Postgraduate/Doctoral,5,Private,Dhaka,4.0,4.0,3.0,4.0,3.75,3.0,,2.0,3.0,2.6666666666666665,3.0,3.0,1.0,3.0,2.5,3.0,4.0,4.0,5.0,5.0,4.2,5.0,4.0,5.0,5.0,4.75,High
507,46,Male,Other,Bachelor's (ongoing),25,Public,Semi-Urban,,3.0,3.0,3.0,3.0,3.0,3.0,3.0,4.0,3.25,3.0,4.0,3.0,3.0,3.25,4.0,3.0,5.0,3.0,3.0,3.6,3.0,2.0,3.0,3.0,2.75,Medium
508,42,Female,Other,Bachelor's (ongoing),9,Public,Dhaka,1.0,2.0,1.0,1.0,1.25,2.0,2.0,3.0,3.0,2.5,2.0,2.0,2.0,3.0,2.25,3.0,4.0,4.0,3.0,3.0,3.4,4.0,4.0,3.0,4.0,3.75,Medium
509,48,Male,Hospital Administrator,Bachelor's (completed),17,Public,Other Urban,5.0,4.0,5.0,2.0,4.0,3.0,2.0,2.0,3.0,2.5,4.0,4.0,2.0,3.0,3.25,3.0,3.0,3.0,2.0,3.0,2.8,3.0,3.0,3.0,3.0,3.0,Medium
510,39,Male,IT Staff,Bachelor's (completed),7,Public,Semi-Urban,2.0,2.0,1.0,1.0,1.5,3.0,3.0,3.0,4.0,3.25,4.0,4.0,4.0,3.0,3.75,4.0,3.0,2.0,4.0,3.0,3.2,3.0,3.0,3.0,4.0,3.25,Medium
511,37,Male,Nurse,Bachelor's (completed),16,Private,Chattogram,2.0,2.0,,2.0,2.0,5.0,5.0,4.0,4.0,4.5,4.0,3.0,4.0,4.0,3.75,5.0,3.0,4.0,4.0,5.0,4.2,1.0,1.0,1.0,1.0,1.0,Low
512,33,Female,Nurse,Bachelor's (completed),8,Private,Dhaka,4.0,4.0,5.0,3.0,4.0,4.0,4.0,4.0,4.0,4.0,4.0,4.0,4.0,4.0,4.0,3.0,3.0,5.0,5.0,5.0,4.2,2.0,2.0,4.0,3.0,2.75,Medium
513,47,Male,Doctor,Postgraduate/Doctoral,23,Public,Chattogram,3.0,3.0,4.0,4.0,3.5,4.0,,3.0,3.0,3.3333333333333335,2.0,2.0,2.0,,2.0,2.0,2.0,2.0,1.0,2.0,1.8,3.0,3.0,2.0,4.0,3.0,Medium
514,44,Male,Doctor,Bachelor's (completed),19,Private,Rural,2.0,1.0,2.0,1.0,1.5,5.0,4.0,5.0,3.0,4.25,4.0,2.0,5.0,,3.6666666666666665,3.0,3.0,4.0,2.0,3.0,3.0,1.0,1.0,1.0,1.0,1.0,Low
515,24,Male,Nurse,Bachelor's (ongoing),6,Private,Dhaka,3.0,3.0,3.0,3.0,3.0,2.0,3.0,2.0,4.0,2.75,2.0,,3.0,3.0,2.6666666666666665,3.0,2.0,3.0,2.0,3.0,2.6,1.0,4.0,4.0,4.0,3.25,Medium
516,23,Male,Healthcare Student,Bachelor's (ongoing),1,Not Applicable,Dhaka,2.0,3.0,3.0,4.0,3.0,2.0,3.0,2.0,3.0,2.5,2.0,2.0,2.0,2.0,2.0,5.0,5.0,3.0,5.0,4.0,4.4,4.0,4.0,4.0,4.0,4.0,High
517,32,Male,Doctor,Postgraduate/Doctoral,8,Public,Rural,2.0,3.0,3.0,4.0,3.0,2.0,3.0,3.0,2.0,2.5,1.0,2.0,1.0,2.0,1.5,3.0,2.0,4.0,5.0,4.0,3.6,5.0,5.0,5.0,5.0,5.0,High
518,42,Female,Nurse,Bachelor's (ongoing),14,NGO/Other,Semi-Urban,1.0,3.0,2.0,2.0,2.0,4.0,,2.0,4.0,3.3333333333333335,3.0,4.0,3.0,4.0,3.5,3.0,2.0,3.0,4.0,2.0,2.8,3.0,3.0,3.0,2.0,2.75,Medium
519,53,Male,Hospital Administrator,Bachelor's (completed),31,Private,Other Urban,3.0,4.0,2.0,2.0,2.75,4.0,4.0,4.0,4.0,4.0,4.0,5.0,4.0,5.0,4.5,3.0,2.0,2.0,2.0,3.0,2.4,3.0,4.0,3.0,3.0,3.25,Medium
520,27,Female,Doctor,Bachelor's (completed),6,Public,Semi-Urban,3.0,1.0,3.0,3.0,2.5,2.0,3.0,4.0,4.0,3.25,3.0,,4.0,4.0,3.6666666666666665,3.0,4.0,3.0,3.0,4.0,3.4,5.0,3.0,4.0,2.0,3.5,Medium
521,36,Female,Doctor,Bachelor's (completed),6,Public,Chattogram,5.0,5.0,5.0,5.0,5.0,4.0,3.0,2.0,3.0,3.0,2.0,2.0,1.0,3.0,2.0,2.0,4.0,4.0,3.0,3.0,3.2,4.0,5.0,4.0,5.0,4.5,High
522,32,Male,Hospital Administrator,Bachelor's (completed),9,Public,Not Applicable,3.0,3.0,3.0,2.0,2.75,2.0,3.0,2.0,2.0,2.25,4.0,2.0,4.0,2.0,3.0,4.0,4.0,4.0,5.0,5.0,4.4,2.0,4.0,3.0,5.0,3.5,Medium
523,50,Male,Nurse,Bachelor's (completed),21,Private,Rural,2.0,2.0,2.0,2.0,2.0,3.0,4.0,3.0,4.0,3.5,2.0,3.0,4.0,5.0,3.5,5.0,3.0,5.0,5.0,4.0,4.4,3.0,2.0,2.0,2.0,2.25,Low
524,43,Female,IT Staff,Postgraduate/Doctoral,9,Private,Dhaka,3.0,4.0,3.0,3.0,3.25,3.0,3.0,3.0,,3.0,3.0,2.0,2.0,3.0,2.5,5.0,4.0,5.0,5.0,4.0,4.6,5.0,5.0,5.0,5.0,5.0,High
525,43,Male,Other,Bachelor's (completed),13,Private,Dhaka,,4.0,5.0,4.0,4.333333333333333,3.0,3.0,3.0,2.0,2.75,2.0,3.0,3.0,4.0,3.0,3.0,4.0,3.0,4.0,4.0,3.6,3.0,3.0,4.0,4.0,3.5,Medium
526,34,Male,Doctor,Postgraduate/Doctoral,11,Private,Dhaka,3.0,,2.0,4.0,3.0,2.0,2.0,2.0,3.0,2.25,4.0,3.0,3.0,3.0,3.25,5.0,5.0,5.0,5.0,5.0,5.0,3.0,5.0,4.0,3.0,3.75,Medium
527,33,Female,Other,Bachelor's (completed),10,Public,Other Urban,4.0,3.0,4.0,4.0,3.75,4.0,4.0,,4.0,4.0,3.0,2.0,2.0,3.0,2.5,4.0,,,3.0,3.0,3.3333333333333335,2.0,3.0,1.0,1.0,1.75,Low
528,30,Other/Prefer not to say,Other,Bachelor's (completed),3,Public,Other Urban,4.0,3.0,3.0,3.0,3.25,4.0,4.0,4.0,5.0,4.25,,,3.0,3.0,3.0,4.0,3.0,3.0,3.0,3.0,3.2,4.0,4.0,2.0,2.0,3.0,Medium
529,24,Female,Healthcare Student,Bachelor's (ongoing),1,Not Applicable,Other Urban,2.0,2.0,2.0,2.0,2.0,1.0,2.0,2.0,1.0,1.5,4.0,3.0,3.0,4.0,3.5,3.0,2.0,3.0,3.0,2.0,2.6,3.0,2.0,3.0,2.0,2.5,Low
530,44,Male,IT Staff,Bachelor's (completed),18,Not Applicable,Not Applicable,2.0,3.0,3.0,3.0,2.75,5.0,4.0,3.0,4.0,4.0,2.0,3.0,1.0,3.0,2.25,3.0,2.0,2.0,2.0,3.0,2.4,2.0,2.0,1.0,2.0,1.75,Low
531,42,Female,IT Staff,Bachelor's (completed),11,Private,Chattogram,3.0,3.0,4.0,3.0,3.25,3.0,2.0,3.0,3.0,2.75,3.0,3.0,3.0,3.0,3.0,3.0,3.0,4.0,4.0,3.0,3.4,3.0,5.0,5.0,4.0,4.25,High
532,60,Female,IT Staff,Bachelor's (completed),27,Public,Semi-Urban,3.0,4.0,,,3.5,3.0,3.0,4.0,3.0,3.25,4.0,5.0,4.0,5.0,4.5,3.0,3.0,4.0,4.0,4.0,3.6,1.0,1.0,1.0,1.0,1.0,Low
533,57,Male,IT Staff,Bachelor's (completed),22,Public,Other Urban,3.0,3.0,1.0,3.0,2.5,4.0,4.0,4.0,4.0,4.0,4.0,4.0,5.0,,4.333333333333333,3.0,2.0,2.0,2.0,4.0,2.6,3.0,2.0,3.0,3.0,2.75,Medium
534,35,Female,Doctor,Postgraduate/Doctoral,11,Public,Chattogram,5.0,5.0,5.0,,5.0,5.0,5.0,4.0,5.0,4.75,1.0,3.0,2.0,1.0,1.75,2.0,3.0,4.0,3.0,3.0,3.0,4.0,3.0,4.0,4.0,3.75,Medium
535,40,Male,Other,Bachelor's (ongoing),11,Public,Dhaka,2.0,2.0,4.0,,2.6666666666666665,5.0,3.0,4.0,4.0,4.0,2.0,2.0,2.0,3.0,2.25,3.0,3.0,3.0,4.0,3.0,3.2,3.0,3.0,3.0,2.0,2.75,Medium
536,48,Male,Hospital Administrator,Bachelor's (ongoing),16,Public,Other Urban,1.0,1.0,1.0,1.0,1.0,3.0,3.0,4.0,3.0,3.25,3.0,3.0,3.0,3.0,3.0,4.0,4.0,4.0,4.0,3.0,3.8,2.0,1.0,1.0,1.0,1.25,Low
537,43,Male,Healthcare Student,Bachelor's (completed),0,Not Applicable,Semi-Urban,,2.0,1.0,1.0,1.3333333333333333,3.0,2.0,4.0,1.0,2.5,5.0,4.0,5.0,4.0,4.5,3.0,2.0,2.0,3.0,4.0,2.8,2.0,2.0,1.0,2.0,1.75,Low
538,29,Male,Nurse,Postgraduate/Doctoral,4,Private,Dhaka,4.0,3.0,4.0,5.0,4.0,1.0,1.0,1.0,1.0,1.0,4.0,2.0,3.0,2.0,2.75,4.0,4.0,5.0,5.0,4.0,4.4,4.0,4.0,5.0,5.0,4.5,High
539,33,Male,Doctor,Bachelor's (completed),4,Public,Semi-Urban,3.0,2.0,3.0,3.0,2.75,3.0,3.0,3.0,4.0,3.25,3.0,4.0,4.0,3.0,3.5,2.0,2.0,2.0,3.0,2.0,2.2,1.0,1.0,2.0,2.0,1.5,Low
540,26,Female,Hospital Administrator,Bachelor's (completed),6,Public,Chattogram,3.0,3.0,,4.0,3.3333333333333335,3.0,3.0,5.0,5.0,4.0,2.0,1.0,1.0,1.0,1.25,2.0,4.0,2.0,3.0,2.0,2.6,2.0,1.0,2.0,2.0,1.75,Low
541,49,Other/Prefer not to say,Hospital Administrator,Bachelor's (ongoing),22,Public,Dhaka,,2.0,2.0,2.0,2.0,4.0,2.0,3.0,3.0,3.0,3.0,4.0,2.0,3.0,3.0,4.0,3.0,3.0,3.0,4.0,3.4,4.0,3.0,4.0,5.0,4.0,High
542,36,Female,Nurse,Secondary/HSC,15,Private,Semi-Urban,4.0,3.0,3.0,4.0,3.5,4.0,3.0,3.0,3.0,3.25,2.0,2.0,2.0,1.0,1.75,4.0,3.0,4.0,4.0,3.0,3.6,4.0,2.0,3.0,4.0,3.25,Medium
543,29,Female,Nurse,Postgraduate/Doctoral,5,Private,Dhaka,4.0,4.0,4.0,4.0,4.0,2.0,2.0,3.0,2.0,2.25,2.0,2.0,2.0,2.0,2.0,4.0,4.0,5.0,4.0,4.0,4.2,4.0,4.0,3.0,3.0,3.5,Medium
544,38,Other/Prefer not to say,Nurse,Bachelor's (completed),10,Public,Other Urban,2.0,3.0,2.0,2.0,2.25,2.0,2.0,2.0,2.0,2.0,1.0,1.0,1.0,2.0,1.25,3.0,3.0,2.0,3.0,2.0,2.6,2.0,1.0,2.0,3.0,2.0,Low
545,37,Male,Hospital Administrator,Bachelor's (completed),13,Private,Other Urban,3.0,4.0,3.0,3.0,3.25,3.0,5.0,4.0,4.0,4.0,4.0,4.0,5.0,4.0,4.25,3.0,3.0,4.0,3.0,3.0,3.2,4.0,3.0,2.0,4.0,3.25,Medium
546,31,Male,Nurse,Bachelor's (ongoing),5,Public,Dhaka,4.0,3.0,4.0,4.0,3.75,4.0,,3.0,3.0,3.3333333333333335,5.0,5.0,5.0,4.0,4.75,5.0,5.0,,5.0,5.0,5.0,1.0,2.0,3.0,3.0,2.25,Low
547,26,Male,Other,Postgraduate/Doctoral,5,Public,Chattogram,5.0,3.0,4.0,3.0,3.75,3.0,2.0,3.0,3.0,2.75,2.0,1.0,2.0,,1.6666666666666667,,5.0,3.0,5.0,4.0,4.25,5.0,5.0,4.0,5.0,4.75,High
548,38,Male,Doctor,Bachelor's (completed),18,Not Applicable,Dhaka,3.0,3.0,,3.0,3.0,5.0,5.0,5.0,,5.0,1.0,1.0,,2.0,1.3333333333333333,3.0,4.0,3.0,4.0,4.0,3.6,4.0,4.0,4.0,4.0,4.0,High
549,35,Female,Nurse,Bachelor's (completed),6,Public,Dhaka,4.0,3.0,4.0,4.0,3.75,2.0,1.0,2.0,,1.6666666666666667,3.0,4.0,2.0,3.0,3.0,3.0,3.0,3.0,2.0,2.0,2.6,4.0,3.0,4.0,3.0,3.5,Medium
550,40,Male,Nurse,Bachelor's (ongoing),13,Public,Other Urban,3.0,3.0,2.0,2.0,2.5,3.0,5.0,4.0,5.0,4.25,4.0,5.0,5.0,5.0,4.75,3.0,4.0,3.0,3.0,2.0,3.0,1.0,1.0,3.0,1.0,1.5,Low
551,35,Male,Hospital Administrator,Bachelor's (ongoing),10,Private,Dhaka,1.0,2.0,1.0,1.0,1.25,3.0,2.0,3.0,2.0,2.5,3.0,4.0,3.0,3.0,3.25,4.0,4.0,4.0,3.0,3.0,3.6,2.0,1.0,3.0,1.0,1.75,Low
552,43,Male,Nurse,Bachelor's (completed),19,Public,Not Applicable,3.0,3.0,4.0,3.0,3.25,2.0,3.0,3.0,2.0,2.5,4.0,5.0,5.0,4.0,4.5,2.0,3.0,3.0,,3.0,2.75,4.0,3.0,4.0,2.0,3.25,Medium
553,35,Male,IT Staff,Secondary/HSC,11,Public,Chattogram,4.0,3.0,3.0,3.0,3.25,3.0,3.0,3.0,3.0,3.0,2.0,3.0,2.0,3.0,2.5,4.0,4.0,4.0,4.0,3.0,3.8,2.0,3.0,3.0,3.0,2.75,Medium
554,35,Female,Other,Bachelor's (completed),9,Public,Dhaka,4.0,4.0,5.0,5.0,4.5,3.0,4.0,3.0,3.0,3.25,3.0,,2.0,1.0,2.0,5.0,4.0,,5.0,4.0,4.5,4.0,4.0,3.0,4.0,3.75,Medium
555,44,Male,Nurse,Bachelor's (ongoing),10,Public,Rural,1.0,1.0,2.0,1.0,1.25,,4.0,3.0,4.0,3.6666666666666665,4.0,4.0,4.0,3.0,3.75,3.0,2.0,3.0,2.0,2.0,2.4,2.0,2.0,4.0,4.0,3.0,Medium
556,32,Male,IT Staff,Bachelor's (completed),9,Private,Chattogram,4.0,4.0,4.0,5.0,4.25,3.0,3.0,3.0,3.0,3.0,1.0,1.0,1.0,2.0,1.25,3.0,3.0,2.0,3.0,3.0,2.8,3.0,5.0,3.0,3.0,3.5,Medium
557,26,Male,Doctor,Postgraduate/Doctoral,0,Public,Other Urban,4.0,4.0,5.0,4.0,4.25,3.0,2.0,2.0,2.0,2.25,4.0,4.0,3.0,4.0,3.75,5.0,4.0,5.0,5.0,5.0,4.8,3.0,3.0,4.0,4.0,3.5,Medium
558,23,Male,Nurse,Bachelor's (completed),1,Private,Semi-Urban,4.0,3.0,4.0,3.0,3.5,1.0,2.0,2.0,1.0,1.5,3.0,,3.0,,3.0,3.0,4.0,3.0,3.0,2.0,3.0,5.0,3.0,4.0,4.0,4.0,High
559,40,Female,Nurse,Secondary/HSC,10,NGO/Other,Rural,2.0,1.0,2.0,2.0,1.75,4.0,4.0,3.0,3.0,3.5,5.0,5.0,4.0,5.0,4.75,3.0,2.0,1.0,1.0,2.0,1.8,2.0,2.0,3.0,2.0,2.25,Low
560,37,Male,Doctor,Postgraduate/Doctoral,11,Public,Dhaka,3.0,,4.0,3.0,3.3333333333333335,4.0,3.0,3.0,4.0,3.5,3.0,1.0,1.0,2.0,1.75,3.0,1.0,1.0,2.0,3.0,2.0,3.0,4.0,3.0,3.0,3.25,Medium
561,39,Male,Hospital Administrator,Postgraduate/Doctoral,20,Public,Dhaka,3.0,4.0,,3.0,3.3333333333333335,4.0,4.0,3.0,5.0,4.0,1.0,2.0,,1.0,1.3333333333333333,3.0,4.0,3.0,3.0,4.0,3.4,3.0,4.0,4.0,5.0,4.0,High
562,28,Male,IT Staff,Bachelor's (completed),5,Public,Not Applicable,4.0,5.0,4.0,5.0,4.5,4.0,3.0,3.0,2.0,3.0,,3.0,4.0,4.0,3.6666666666666665,4.0,4.0,4.0,5.0,5.0,4.4,4.0,4.0,5.0,4.0,4.25,High
563,26,Female,Healthcare Student,Bachelor's (ongoing),1,Public,Dhaka,4.0,5.0,3.0,4.0,4.0,3.0,3.0,3.0,3.0,3.0,,1.0,1.0,3.0,1.6666666666666667,3.0,4.0,3.0,4.0,4.0,3.6,5.0,5.0,4.0,5.0,4.75,High
564,23,Female,Hospital Administrator,Postgraduate/Doctoral,0,Public,Semi-Urban,4.0,3.0,4.0,4.0,3.75,4.0,3.0,3.0,4.0,3.5,2.0,3.0,1.0,3.0,2.25,4.0,5.0,5.0,4.0,4.0,4.4,5.0,5.0,4.0,5.0,4.75,High
565,31,Female,Hospital Administrator,Bachelor's (ongoing),6,Private,Other Urban,2.0,3.0,2.0,3.0,2.5,4.0,4.0,3.0,5.0,4.0,4.0,4.0,3.0,,3.6666666666666665,3.0,4.0,4.0,3.0,4.0,3.6,1.0,1.0,2.0,2.0,1.5,Low
566,36,Female,Nurse,Bachelor's (completed),14,Public,Other Urban,3.0,2.0,3.0,3.0,2.75,4.0,4.0,5.0,3.0,4.0,3.0,2.0,3.0,3.0,2.75,4.0,4.0,4.0,4.0,5.0,4.2,1.0,1.0,1.0,1.0,1.0,Low
567,32,Female,Doctor,Postgraduate/Doctoral,4,Private,Semi-Urban,3.0,4.0,3.0,3.0,3.25,3.0,3.0,4.0,4.0,3.5,1.0,2.0,3.0,2.0,2.0,3.0,3.0,3.0,2.0,2.0,2.6,4.0,3.0,3.0,4.0,3.5,Medium
568,33,Male,Doctor,Bachelor's (ongoing),10,Private,Not Applicable,1.0,2.0,1.0,2.0,1.5,5.0,4.0,5.0,4.0,4.5,3.0,4.0,3.0,3.0,3.25,2.0,2.0,2.0,2.0,,2.0,1.0,1.0,1.0,1.0,1.0,Low
569,45,Male,IT Staff,Bachelor's (completed),17,Private,Dhaka,3.0,4.0,4.0,3.0,3.5,3.0,3.0,4.0,3.0,3.25,3.0,2.0,2.0,2.0,2.25,3.0,4.0,5.0,4.0,4.0,4.0,3.0,5.0,4.0,4.0,4.0,High
570,31,Male,Other,Bachelor's (completed),4,Public,Other Urban,4.0,5.0,4.0,3.0,4.0,2.0,3.0,3.0,,2.6666666666666665,3.0,3.0,3.0,3.0,3.0,3.0,2.0,3.0,3.0,4.0,3.0,3.0,3.0,4.0,3.0,3.25,Medium
571,35,Male,Doctor,Bachelor's (completed),9,Public,Semi-Urban,3.0,3.0,,3.0,3.0,4.0,,4.0,4.0,4.0,3.0,2.0,4.0,3.0,3.0,3.0,2.0,2.0,,3.0,2.5,2.0,2.0,2.0,3.0,2.25,Low
572,41,Female,Hospital Administrator,Postgraduate/Doctoral,14,Not Applicable,Chattogram,4.0,3.0,3.0,3.0,3.25,5.0,4.0,5.0,4.0,4.5,2.0,4.0,3.0,2.0,2.75,3.0,,4.0,3.0,3.0,3.25,2.0,1.0,3.0,3.0,2.25,Low
573,32,Male,Healthcare Student,Bachelor's (ongoing),1,Public,Rural,4.0,2.0,2.0,2.0,2.5,2.0,3.0,4.0,4.0,3.25,3.0,2.0,3.0,3.0,2.75,,3.0,4.0,4.0,4.0,3.75,4.0,3.0,1.0,3.0,2.75,Medium
574,37,Female,Healthcare Student,Bachelor's (ongoing),0,NGO/Other,Chattogram,4.0,3.0,3.0,3.0,3.25,2.0,2.0,3.0,2.0,2.25,5.0,4.0,5.0,4.0,4.5,2.0,2.0,2.0,1.0,1.0,1.6,2.0,2.0,3.0,3.0,2.5,Low
575,43,Female,Hospital Administrator,Postgraduate/Doctoral,14,Private,Dhaka,3.0,3.0,3.0,3.0,3.0,5.0,4.0,4.0,4.0,4.25,1.0,2.0,2.0,2.0,1.75,2.0,4.0,4.0,4.0,4.0,3.6,2.0,4.0,2.0,2.0,2.5,Low
576,48,Male,Hospital Administrator,Bachelor's (ongoing),17,Private,Rural,1.0,1.0,1.0,1.0,1.0,3.0,4.0,2.0,3.0,3.0,2.0,3.0,2.0,2.0,2.25,4.0,2.0,4.0,3.0,2.0,3.0,3.0,2.0,3.0,2.0,2.5,Low
577,27,Female,IT Staff,Postgraduate/Doctoral,1,Public,Rural,5.0,4.0,5.0,5.0,4.75,5.0,4.0,4.0,5.0,4.5,2.0,3.0,2.0,2.0,2.25,2.0,2.0,3.0,3.0,2.0,2.4,5.0,3.0,4.0,3.0,3.75,Medium
578,47,Female,Healthcare Student,Bachelor's (ongoing),0,Public,Dhaka,4.0,3.0,,4.0,3.6666666666666665,5.0,3.0,5.0,3.0,4.0,3.0,3.0,4.0,3.0,3.25,4.0,3.0,3.0,4.0,5.0,3.8,4.0,3.0,3.0,2.0,3.0,Medium
579,34,Female,Doctor,Postgraduate/Doctoral,6,Private,Semi-Urban,,3.0,4.0,2.0,3.0,2.0,2.0,,3.0,2.3333333333333335,4.0,3.0,4.0,4.0,3.75,3.0,3.0,3.0,3.0,3.0,3.0,4.0,2.0,2.0,4.0,3.0,Medium
580,29,Male,Other,Secondary/HSC,5,Private,Dhaka,2.0,3.0,3.0,3.0,2.75,2.0,2.0,1.0,2.0,1.75,4.0,4.0,4.0,,4.0,1.0,2.0,2.0,1.0,1.0,1.4,1.0,1.0,2.0,2.0,1.5,Low
581,33,Male,Doctor,Postgraduate/Doctoral,5,Private,Dhaka,5.0,4.0,4.0,5.0,4.5,4.0,3.0,2.0,2.0,2.75,3.0,3.0,1.0,3.0,2.5,3.0,4.0,3.0,3.0,4.0,3.4,5.0,5.0,5.0,5.0,5.0,High
582,52,Male,Healthcare Student,Bachelor's (completed),1,Not Applicable,Dhaka,1.0,1.0,1.0,1.0,1.0,3.0,2.0,4.0,3.0,3.0,4.0,4.0,4.0,4.0,4.0,2.0,3.0,2.0,3.0,1.0,2.2,3.0,2.0,3.0,3.0,2.75,Medium
583,34,Male,Doctor,Postgraduate/Doctoral,9,NGO/Other,Rural,4.0,3.0,4.0,4.0,3.75,4.0,2.0,3.0,4.0,3.25,3.0,3.0,3.0,,3.0,3.0,4.0,4.0,4.0,4.0,3.8,4.0,4.0,4.0,5.0,4.25,High
584,31,Male,Doctor,Postgraduate/Doctoral,2,Not Applicable,Dhaka,4.0,3.0,4.0,5.0,4.0,4.0,5.0,4.0,4.0,4.25,3.0,5.0,4.0,4.0,4.0,4.0,4.0,5.0,5.0,5.0,4.6,2.0,3.0,1.0,3.0,2.25,Low
585,37,Female,Doctor,Postgraduate/Doctoral,7,Private,Dhaka,4.0,3.0,4.0,3.0,3.5,,2.0,3.0,2.0,2.3333333333333335,3.0,2.0,3.0,2.0,2.5,2.0,2.0,3.0,2.0,4.0,2.6,1.0,2.0,4.0,3.0,2.5,Low
586,29,Female,Nurse,Bachelor's (completed),7,Public,Semi-Urban,2.0,3.0,3.0,3.0,2.75,5.0,4.0,5.0,,4.666666666666667,3.0,2.0,2.0,2.0,2.25,2.0,3.0,3.0,3.0,2.0,2.6,4.0,2.0,3.0,4.0,3.25,Medium
587,25,Male,Nurse,Bachelor's (completed),2,Public,Chattogram,3.0,3.0,4.0,3.0,3.25,2.0,2.0,2.0,1.0,1.75,2.0,3.0,2.0,2.0,2.25,4.0,3.0,4.0,3.0,3.0,3.4,2.0,4.0,3.0,3.0,3.0,Medium
588,26,Male,Doctor,Postgraduate/Doctoral,0,Private,Dhaka,4.0,3.0,3.0,4.0,3.5,2.0,1.0,1.0,2.0,1.5,1.0,1.0,1.0,1.0,1.0,2.0,2.0,2.0,,3.0,2.25,5.0,5.0,5.0,5.0,5.0,High
589,26,Male,Nurse,Bachelor's (completed),1,Private,Dhaka,4.0,5.0,4.0,4.0,4.25,4.0,4.0,5.0,4.0,4.25,2.0,,2.0,3.0,2.3333333333333335,4.0,4.0,5.0,5.0,5.0,4.6,2.0,2.0,3.0,2.0,2.25,Low
590,27,Male,Nurse,Postgraduate/Doctoral,3,Public,Semi-Urban,4.0,3.0,4.0,4.0,3.75,4.0,5.0,4.0,4.0,4.25,,3.0,4.0,3.0,3.3333333333333335,4.0,3.0,3.0,5.0,4.0,3.8,3.0,3.0,4.0,2.0,3.0,Medium
591,26,Female,Healthcare Student,Bachelor's (ongoing),0,Private,Other Urban,3.0,3.0,2.0,2.0,2.5,3.0,2.0,3.0,3.0,2.75,,3.0,4.0,3.0,3.3333333333333335,3.0,4.0,4.0,4.0,4.0,3.8,2.0,3.0,3.0,2.0,2.5,Low
592,37,Male,Healthcare Student,Bachelor's (ongoing),0,Public,Semi-Urban,4.0,3.0,3.0,2.0,3.0,2.0,3.0,4.0,5.0,3.5,4.0,5.0,3.0,3.0,3.75,1.0,2.0,2.0,2.0,3.0,2.0,1.0,1.0,1.0,1.0,1.0,Low
593,28,Male,IT Staff,Bachelor's (completed),4,Public,Dhaka,3.0,2.0,3.0,3.0,2.75,3.0,4.0,4.0,3.0,3.5,3.0,4.0,4.0,3.0,3.5,3.0,2.0,3.0,2.0,2.0,2.4,4.0,3.0,4.0,4.0,3.75,Medium
594,31,Female,Doctor,Bachelor's (completed),9,Private,Chattogram,2.0,2.0,1.0,2.0,1.75,4.0,3.0,,3.0,3.3333333333333335,4.0,4.0,4.0,4.0,4.0,4.0,4.0,4.0,5.0,3.0,4.0,4.0,3.0,4.0,3.0,3.5,Medium
595,45,Male,Nurse,Bachelor's (ongoing),15,Public,Semi-Urban,2.0,3.0,3.0,3.0,2.75,3.0,2.0,3.0,3.0,2.75,5.0,5.0,5.0,5.0,5.0,5.0,5.0,5.0,5.0,4.0,4.8,2.0,2.0,2.0,2.0,2.0,Low
596,34,Male,Other,Postgraduate/Doctoral,11,Private,Dhaka,4.0,3.0,5.0,4.0,4.0,1.0,1.0,1.0,1.0,1.0,2.0,2.0,3.0,3.0,2.5,5.0,4.0,5.0,5.0,4.0,4.6,5.0,5.0,5.0,5.0,5.0,High
597,38,Female,Doctor,Postgraduate/Doctoral,17,Private,Dhaka,3.0,4.0,4.0,4.0,3.75,3.0,2.0,2.0,3.0,2.5,3.0,2.0,3.0,3.0,2.75,3.0,4.0,5.0,3.0,3.0,3.6,3.0,3.0,5.0,5.0,4.0,High
598,27,Female,Nurse,Bachelor's (ongoing),1,Private,Chattogram,3.0,2.0,3.0,3.0,2.75,5.0,4.0,4.0,4.0,4.25,,1.0,1.0,1.0,1.0,2.0,3.0,3.0,3.0,2.0,2.6,4.0,4.0,3.0,4.0,3.75,Medium
599,28,Other/Prefer not to say,Other,Bachelor's (ongoing),1,Public,Dhaka,3.0,3.0,3.0,,3.0,5.0,5.0,5.0,5.0,5.0,4.0,3.0,5.0,4.0,4.0,3.0,4.0,5.0,5.0,5.0,4.4,3.0,4.0,4.0,3.0,3.5,Medium
600,24,Female,Other,Bachelor's (ongoing),0,Private,Dhaka,3.0,3.0,2.0,2.0,2.5,2.0,,,3.0,2.5,3.0,4.0,3.0,,3.3333333333333335,2.0,4.0,4.0,2.0,3.0,3.0,2.0,3.0,2.0,3.0,2.5,Low
601,27,Male,Nurse,Bachelor's (completed),3,Public,Rural,5.0,4.0,3.0,4.0,4.0,2.0,2.0,3.0,2.0,2.25,2.0,3.0,4.0,2.0,2.75,3.0,4.0,3.0,4.0,3.0,3.4,4.0,4.0,5.0,4.0,4.25,High
602,30,Female,IT Staff,Postgraduate/Doctoral,4,Private,Chattogram,3.0,3.0,3.0,3.0,3.0,3.0,4.0,3.0,3.0,3.25,2.0,1.0,1.0,3.0,1.75,4.0,3.0,4.0,4.0,4.0,3.8,5.0,5.0,5.0,4.0,4.75,High
603,27,Female,Nurse,Postgraduate/Doctoral,4,Public,Other Urban,3.0,5.0,4.0,4.0,4.0,3.0,4.0,3.0,3.0,3.25,3.0,2.0,3.0,3.0,2.75,2.0,3.0,3.0,3.0,4.0,3.0,3.0,4.0,5.0,5.0,4.25,High
604,25,Female,Healthcare Student,Bachelor's (completed),1,Not Applicable,Dhaka,2.0,2.0,2.0,2.0,2.0,2.0,3.0,3.0,4.0,3.0,2.0,3.0,2.0,3.0,2.5,4.0,5.0,5.0,5.0,,4.75,4.0,5.0,3.0,3.0,3.75,Medium
605,26,Female,Doctor,Postgraduate/Doctoral,1,Private,Other Urban,5.0,3.0,5.0,4.0,4.25,1.0,1.0,2.0,1.0,1.25,3.0,2.0,3.0,2.0,2.5,5.0,3.0,4.0,5.0,4.0,4.2,5.0,5.0,5.0,5.0,5.0,High
606,33,Female,Doctor,Bachelor's (completed),7,Public,Other Urban,2.0,2.0,3.0,4.0,2.75,5.0,5.0,5.0,5.0,5.0,3.0,2.0,3.0,4.0,3.0,4.0,3.0,,2.0,3.0,3.0,3.0,2.0,4.0,3.0,3.0,Medium
607,28,Female,Hospital Administrator,Postgraduate/Doctoral,0,Public,Rural,,4.0,5.0,4.0,4.333333333333333,5.0,5.0,4.0,4.0,4.5,3.0,,4.0,3.0,3.3333333333333335,2.0,2.0,2.0,2.0,2.0,2.0,1.0,2.0,2.0,3.0,2.0,Low
608,32,Male,Nurse,Bachelor's (ongoing),5,Public,Chattogram,3.0,,4.0,3.0,3.3333333333333335,2.0,3.0,3.0,2.0,2.5,2.0,2.0,3.0,3.0,2.5,3.0,2.0,1.0,1.0,1.0,1.6,3.0,3.0,2.0,4.0,3.0,Medium
609,34,Female,IT Staff,Bachelor's (ongoing),5,Private,Semi-Urban,3.0,4.0,4.0,5.0,4.0,2.0,,2.0,2.0,2.0,2.0,3.0,4.0,3.0,3.0,2.0,2.0,4.0,3.0,3.0,2.8,3.0,3.0,2.0,3.0,2.75,Medium
610,38,Male,Nurse,Postgraduate/Doctoral,13,Private,Dhaka,3.0,3.0,4.0,3.0,3.25,4.0,5.0,,4.0,4.333333333333333,2.0,1.0,1.0,2.0,1.5,2.0,2.0,3.0,2.0,3.0,2.4,5.0,4.0,3.0,5.0,4.25,High
611,24,Female,Healthcare Student,Bachelor's (completed),1,Not Applicable,Other Urban,3.0,3.0,,3.0,3.0,3.0,2.0,2.0,3.0,2.5,2.0,2.0,2.0,2.0,2.0,5.0,3.0,4.0,5.0,3.0,4.0,3.0,3.0,2.0,3.0,2.75,Medium
612,41,Female,Healthcare Student,Bachelor's (ongoing),1,Not Applicable,Not Applicable,1.0,1.0,3.0,1.0,1.5,4.0,3.0,3.0,3.0,3.25,4.0,5.0,3.0,4.0,4.0,2.0,2.0,2.0,3.0,3.0,2.4,5.0,4.0,4.0,3.0,4.0,High
613,37,Female,Nurse,Bachelor's (completed),16,Private,Other Urban,2.0,3.0,2.0,2.0,2.25,3.0,3.0,3.0,4.0,3.25,1.0,2.0,2.0,3.0,2.0,4.0,4.0,3.0,3.0,4.0,3.6,3.0,2.0,2.0,2.0,2.25,Low
614,25,Other/Prefer not to say,Healthcare Student,Bachelor's (ongoing),0,NGO/Other,Semi-Urban,2.0,1.0,2.0,3.0,2.0,2.0,3.0,3.0,2.0,2.5,4.0,4.0,3.0,4.0,3.75,3.0,3.0,3.0,4.0,4.0,3.4,5.0,3.0,2.0,3.0,3.25,Medium
615,44,Male,Nurse,Bachelor's (ongoing),12,Public,Rural,2.0,2.0,2.0,1.0,1.75,4.0,4.0,4.0,4.0,4.0,5.0,4.0,5.0,4.0,4.5,3.0,3.0,3.0,3.0,3.0,3.0,3.0,1.0,1.0,2.0,1.75,Low
616,46,Female,Nurse,Bachelor's (ongoing),20,Private,Rural,5.0,4.0,3.0,3.0,3.75,5.0,4.0,4.0,4.0,4.25,2.0,3.0,2.0,3.0,2.5,2.0,3.0,3.0,3.0,2.0,2.6,3.0,2.0,2.0,2.0,2.25,Low
617,24,Female,Doctor,Bachelor's (completed),4,Private,Dhaka,3.0,4.0,,3.0,3.3333333333333335,3.0,2.0,3.0,4.0,3.0,4.0,3.0,3.0,4.0,3.5,5.0,5.0,5.0,5.0,5.0,5.0,3.0,3.0,4.0,4.0,3.5,Medium
618,30,Male,Healthcare Student,Bachelor's (ongoing),0,Not Applicable,Dhaka,2.0,1.0,2.0,1.0,1.5,3.0,3.0,3.0,2.0,2.75,4.0,4.0,4.0,4.0,4.0,4.0,4.0,5.0,4.0,3.0,4.0,2.0,4.0,2.0,3.0,2.75,Medium
619,41,Male,Healthcare Student,Bachelor's (ongoing),1,Public,Other Urban,2.0,2.0,2.0,2.0,2.0,4.0,5.0,4.0,5.0,4.5,3.0,,4.0,3.0,3.3333333333333335,2.0,2.0,2.0,3.0,2.0,2.2,2.0,1.0,1.0,1.0,1.25,Low
620,40,Male,Other,Bachelor's (ongoing),17,Public,Not Applicable,3.0,2.0,2.0,2.0,2.25,2.0,1.0,2.0,2.0,1.75,4.0,5.0,4.0,4.0,4.25,3.0,2.0,4.0,3.0,2.0,2.8,2.0,2.0,3.0,2.0,2.25,Low
621,28,Female,Healthcare Student,Bachelor's (ongoing),1,Public,Chattogram,3.0,2.0,2.0,4.0,2.75,2.0,2.0,3.0,2.0,2.25,5.0,5.0,4.0,4.0,4.5,4.0,3.0,4.0,5.0,4.0,4.0,3.0,3.0,4.0,4.0,3.5,Medium
622,28,Male,Other,Postgraduate/Doctoral,1,NGO/Other,Dhaka,5.0,5.0,3.0,3.0,4.0,3.0,3.0,3.0,3.0,3.0,2.0,2.0,3.0,2.0,2.25,3.0,4.0,5.0,3.0,5.0,4.0,4.0,5.0,4.0,4.0,4.25,High
623,32,Other/Prefer not to say,Nurse,Bachelor's (completed),7,Private,Other Urban,4.0,3.0,4.0,4.0,3.75,3.0,,3.0,2.0,2.6666666666666665,3.0,3.0,4.0,4.0,3.5,3.0,2.0,2.0,3.0,3.0,2.6,3.0,3.0,3.0,3.0,3.0,Medium
624,34,Male,Other,Bachelor's (completed),12,Public,Dhaka,1.0,1.0,3.0,2.0,1.75,2.0,2.0,2.0,3.0,2.25,4.0,3.0,3.0,4.0,3.5,4.0,4.0,5.0,5.0,5.0,4.6,4.0,4.0,3.0,5.0,4.0,High
625,37,Female,Hospital Administrator,Bachelor's (ongoing),9,Public,Dhaka,1.0,1.0,1.0,1.0,1.0,4.0,5.0,5.0,4.0,4.5,3.0,2.0,3.0,3.0,2.75,4.0,4.0,5.0,4.0,4.0,4.2,2.0,1.0,1.0,2.0,1.5,Low
626,32,Male,Nurse,Bachelor's (completed),8,Private,Dhaka,3.0,3.0,3.0,3.0,3.0,4.0,2.0,4.0,3.0,3.25,2.0,1.0,1.0,3.0,1.75,3.0,3.0,4.0,5.0,,3.75,3.0,3.0,5.0,2.0,3.25,Medium
627,33,Female,Hospital Administrator,Postgraduate/Doctoral,12,NGO/Other,Dhaka,5.0,5.0,3.0,5.0,4.5,1.0,,1.0,2.0,1.3333333333333333,2.0,2.0,3.0,2.0,2.25,4.0,4.0,5.0,5.0,5.0,4.6,4.0,4.0,5.0,5.0,4.5,High
628,40,Male,Nurse,Bachelor's (ongoing),19,Not Applicable,Semi-Urban,3.0,2.0,1.0,3.0,2.25,2.0,2.0,3.0,3.0,2.5,5.0,5.0,5.0,4.0,4.75,5.0,4.0,4.0,4.0,4.0,4.2,2.0,2.0,2.0,2.0,2.0,Low
629,23,Female,Nurse,Bachelor's (ongoing),0,Private,Dhaka,3.0,4.0,4.0,4.0,3.75,3.0,3.0,3.0,3.0,3.0,4.0,4.0,3.0,3.0,3.5,5.0,5.0,5.0,3.0,5.0,4.6,4.0,4.0,4.0,4.0,4.0,High
630,29,Female,Nurse,Bachelor's (ongoing),5,Private,Dhaka,4.0,3.0,2.0,4.0,3.25,3.0,3.0,3.0,3.0,3.0,2.0,3.0,1.0,1.0,1.75,4.0,4.0,4.0,3.0,5.0,4.0,3.0,2.0,2.0,3.0,2.5,Low
631,39,Female,Doctor,Bachelor's (completed),18,Public,Chattogram,5.0,4.0,3.0,5.0,4.25,3.0,4.0,4.0,,3.6666666666666665,4.0,4.0,5.0,3.0,4.0,3.0,4.0,3.0,3.0,3.0,3.2,2.0,2.0,3.0,2.0,2.25,Low
632,45,Female,Nurse,Bachelor's (completed),15,Public,Dhaka,4.0,4.0,3.0,5.0,4.0,4.0,4.0,2.0,4.0,3.5,3.0,2.0,2.0,4.0,2.75,1.0,2.0,1.0,2.0,2.0,1.6,3.0,3.0,2.0,3.0,2.75,Medium
633,34,Male,Healthcare Student,Bachelor's (ongoing),1,Private,Chattogram,,3.0,3.0,3.0,3.0,4.0,3.0,3.0,2.0,3.0,1.0,1.0,2.0,2.0,1.5,3.0,2.0,3.0,4.0,3.0,3.0,4.0,5.0,5.0,4.0,4.5,High
634,35,Male,IT Staff,Bachelor's (completed),17,Private,Dhaka,3.0,3.0,3.0,3.0,3.0,3.0,2.0,3.0,1.0,2.25,5.0,4.0,4.0,3.0,4.0,5.0,,5.0,4.0,4.0,4.5,4.0,4.0,4.0,3.0,3.75,Medium
635,26,Male,Hospital Administrator,Bachelor's (completed),3,Public,Dhaka,2.0,3.0,4.0,3.0,3.0,2.0,2.0,3.0,2.0,2.25,2.0,2.0,2.0,,2.0,3.0,4.0,4.0,3.0,4.0,3.6,3.0,3.0,2.0,4.0,3.0,Medium
636,33,Male,Nurse,Bachelor's (ongoing),6,Private,Semi-Urban,4.0,4.0,5.0,3.0,4.0,2.0,2.0,2.0,1.0,1.75,4.0,5.0,4.0,5.0,4.5,2.0,2.0,,,1.0,1.6666666666666667,4.0,5.0,2.0,4.0,3.75,Medium
637,35,Female,Nurse,Bachelor's (ongoing),6,Public,Dhaka,4.0,3.0,3.0,4.0,3.5,2.0,,3.0,2.0,2.3333333333333335,4.0,4.0,4.0,3.0,3.75,2.0,3.0,4.0,3.0,4.0,3.2,2.0,2.0,2.0,1.0,1.75,Low
638,29,Female,Doctor,Postgraduate/Doctoral,0,Public,Dhaka,4.0,5.0,5.0,4.0,4.5,5.0,,3.0,4.0,4.0,,2.0,2.0,3.0,2.3333333333333335,4.0,3.0,5.0,5.0,4.0,4.2,4.0,3.0,3.0,4.0,3.5,Medium
639,30,Female,Healthcare Student,Bachelor's (ongoing),1,Public,Dhaka,2.0,3.0,2.0,1.0,2.0,4.0,4.0,,4.0,4.0,3.0,4.0,3.0,4.0,3.5,2.0,3.0,1.0,3.0,3.0,2.4,2.0,2.0,3.0,2.0,2.25,Low
640,32,Female,Doctor,Bachelor's (completed),4,Private,Dhaka,5.0,4.0,4.0,,4.333333333333333,5.0,4.0,3.0,4.0,4.0,4.0,5.0,4.0,5.0,4.5,4.0,4.0,5.0,3.0,4.0,4.0,4.0,5.0,4.0,4.0,4.25,High
641,23,Female,IT Staff,Bachelor's (completed),0,Private,Dhaka,3.0,5.0,2.0,3.0,3.25,3.0,2.0,2.0,2.0,2.25,4.0,4.0,4.0,4.0,4.0,4.0,3.0,4.0,4.0,4.0,3.8,3.0,3.0,5.0,4.0,3.75,Medium
642,31,Female,Healthcare Student,Secondary/HSC,1,Private,Dhaka,1.0,1.0,1.0,1.0,1.0,3.0,4.0,4.0,4.0,3.75,3.0,4.0,4.0,2.0,3.25,3.0,5.0,4.0,5.0,5.0,4.4,1.0,1.0,2.0,2.0,1.5,Low
643,28,Male,Hospital Administrator,Bachelor's (completed),3,Private,Dhaka,4.0,3.0,4.0,3.0,3.5,3.0,,3.0,3.0,3.0,,5.0,5.0,5.0,5.0,4.0,5.0,5.0,5.0,4.0,4.6,4.0,3.0,3.0,4.0,3.5,Medium
644,31,Male,Healthcare Student,Secondary/HSC,0,Not Applicable,Dhaka,1.0,1.0,1.0,1.0,1.0,3.0,3.0,2.0,1.0,2.25,4.0,4.0,4.0,4.0,4.0,3.0,3.0,3.0,2.0,2.0,2.6,1.0,1.0,1.0,1.0,1.0,Low
645,26,Female,Nurse,Bachelor's (ongoing),4,Public,Rural,,2.0,1.0,2.0,1.6666666666666667,3.0,3.0,3.0,3.0,3.0,3.0,4.0,5.0,3.0,3.75,2.0,3.0,3.0,3.0,3.0,2.8,4.0,4.0,3.0,4.0,3.75,Medium
646,45,Female,Healthcare Student,Postgraduate/Doctoral,1,Not Applicable,Chattogram,5.0,5.0,5.0,5.0,5.0,2.0,3.0,3.0,3.0,2.75,1.0,2.0,2.0,3.0,2.0,3.0,4.0,4.0,4.0,4.0,3.8,5.0,4.0,4.0,4.0,4.25,High
647,36,Male,Healthcare Student,Bachelor's (completed),1,Public,Dhaka,2.0,3.0,2.0,2.0,2.25,1.0,1.0,3.0,1.0,1.5,2.0,1.0,1.0,2.0,1.5,4.0,3.0,4.0,4.0,4.0,3.8,5.0,5.0,5.0,4.0,4.75,High
648,38,Male,Healthcare Student,Bachelor's (ongoing),0,Private,Other Urban,1.0,1.0,1.0,2.0,1.25,3.0,2.0,3.0,2.0,2.5,4.0,3.0,,4.0,3.6666666666666665,3.0,3.0,4.0,3.0,4.0,3.4,2.0,2.0,3.0,2.0,2.25,Low
649,41,Female,IT Staff,Bachelor's (completed),15,Public,Dhaka,3.0,5.0,4.0,4.0,4.0,,4.0,3.0,3.0,3.3333333333333335,2.0,3.0,3.0,3.0,2.75,5.0,5.0,4.0,5.0,5.0,4.8,3.0,2.0,2.0,3.0,2.5,Low
650,34,Male,Healthcare Student,Bachelor's (ongoing),1,Private,Semi-Urban,2.0,2.0,1.0,2.0,1.75,4.0,3.0,3.0,3.0,3.25,3.0,4.0,,4.0,3.6666666666666665,1.0,2.0,1.0,1.0,2.0,1.4,1.0,1.0,1.0,1.0,1.0,Low
651,25,Male,Other,Bachelor's (completed),1,Private,Dhaka,4.0,4.0,5.0,3.0,4.0,3.0,3.0,3.0,3.0,3.0,2.0,1.0,2.0,1.0,1.5,3.0,4.0,4.0,3.0,4.0,3.6,5.0,5.0,5.0,5.0,5.0,High
652,35,Female,Nurse,Bachelor's (completed),7,Public,Chattogram,2.0,2.0,2.0,3.0,2.25,2.0,1.0,2.0,2.0,1.75,4.0,4.0,4.0,4.0,4.0,3.0,,4.0,3.0,3.0,3.25,4.0,3.0,4.0,4.0,3.75,Medium
653,36,Female,Healthcare Student,Bachelor's (ongoing),1,Private,Rural,3.0,3.0,3.0,3.0,3.0,1.0,1.0,2.0,2.0,1.5,3.0,,2.0,3.0,2.6666666666666665,3.0,2.0,4.0,3.0,4.0,3.2,2.0,2.0,3.0,2.0,2.25,Low
654,40,Male,Healthcare Student,Bachelor's (ongoing),0,NGO/Other,Dhaka,2.0,2.0,1.0,1.0,1.5,4.0,4.0,4.0,4.0,4.0,4.0,5.0,4.0,4.0,4.25,3.0,1.0,1.0,1.0,2.0,1.6,1.0,1.0,1.0,1.0,1.0,Low
655,33,Female,Nurse,Bachelor's (completed),12,Private,Dhaka,5.0,5.0,5.0,,5.0,1.0,2.0,3.0,3.0,2.25,4.0,3.0,4.0,4.0,3.75,3.0,,4.0,3.0,3.0,3.25,4.0,3.0,2.0,2.0,2.75,Medium
656,26,Male,Other,Bachelor's (completed),4,Public,Other Urban,5.0,3.0,4.0,4.0,4.0,3.0,1.0,1.0,2.0,1.75,3.0,1.0,2.0,2.0,2.0,3.0,3.0,3.0,2.0,2.0,2.6,5.0,4.0,5.0,5.0,4.75,High
657,30,Female,Nurse,Postgraduate/Doctoral,6,Public,Not Applicable,3.0,4.0,4.0,4.0,3.75,3.0,2.0,3.0,2.0,2.5,2.0,2.0,2.0,2.0,2.0,5.0,4.0,4.0,5.0,5.0,4.6,5.0,5.0,5.0,5.0,5.0,High
658,31,Male,Hospital Administrator,Bachelor's (ongoing),7,Public,Chattogram,3.0,4.0,3.0,3.0,3.25,4.0,5.0,4.0,,4.333333333333333,3.0,5.0,5.0,5.0,4.5,4.0,4.0,3.0,3.0,3.0,3.4,2.0,3.0,3.0,2.0,2.5,Low
659,37,Female,Doctor,Postgraduate/Doctoral,6,Private,Other Urban,3.0,3.0,3.0,3.0,3.0,4.0,4.0,4.0,4.0,4.0,3.0,3.0,4.0,3.0,3.25,3.0,1.0,,3.0,3.0,2.5,4.0,3.0,3.0,3.0,3.25,Medium
660,36,Male,Nurse,Bachelor's (ongoing),6,NGO/Other,Dhaka,,3.0,2.0,3.0,2.6666666666666665,1.0,2.0,2.0,2.0,1.75,3.0,4.0,4.0,4.0,3.75,2.0,2.0,1.0,1.0,1.0,1.4,3.0,3.0,2.0,3.0,2.75,Medium
661,31,Male,Healthcare Student,Bachelor's (completed),0,Public,Other Urban,3.0,3.0,2.0,3.0,2.75,,4.0,3.0,2.0,3.0,4.0,4.0,4.0,5.0,4.25,4.0,4.0,3.0,5.0,4.0,4.0,2.0,2.0,2.0,1.0,1.75,Low
662,53,Female,Nurse,Postgraduate/Doctoral,15,Private,Dhaka,5.0,5.0,4.0,4.0,4.5,4.0,2.0,3.0,4.0,3.25,3.0,4.0,3.0,4.0,3.5,4.0,5.0,3.0,5.0,3.0,4.0,5.0,4.0,4.0,3.0,4.0,High
663,36,Male,Nurse,Bachelor's (completed),10,Private,Other Urban,3.0,3.0,3.0,2.0,2.75,3.0,3.0,2.0,3.0,2.75,2.0,2.0,3.0,2.0,2.25,4.0,3.0,2.0,4.0,3.0,3.2,4.0,5.0,4.0,4.0,4.25,High
664,29,Male,Nurse,Bachelor's (ongoing),2,Not Applicable,Dhaka,1.0,1.0,1.0,1.0,1.0,3.0,2.0,2.0,2.0,2.25,,2.0,2.0,2.0,2.0,4.0,3.0,5.0,4.0,4.0,4.0,3.0,4.0,3.0,3.0,3.25,Medium
665,25,Male,Nurse,Bachelor's (completed),0,Public,Other Urban,3.0,3.0,2.0,3.0,2.75,2.0,2.0,2.0,2.0,2.0,3.0,2.0,2.0,,2.3333333333333335,3.0,3.0,3.0,3.0,4.0,3.2,5.0,5.0,3.0,3.0,4.0,High
666,27,Female,Healthcare Student,Bachelor's (ongoing),0,Private,Dhaka,4.0,3.0,3.0,2.0,3.0,1.0,2.0,2.0,1.0,1.5,3.0,4.0,4.0,3.0,3.5,4.0,5.0,4.0,5.0,4.0,4.4,2.0,4.0,3.0,3.0,3.0,Medium
667,29,Female,Healthcare Student,Bachelor's (completed),1,Private,Semi-Urban,2.0,3.0,2.0,2.0,2.25,4.0,3.0,3.0,2.0,3.0,4.0,4.0,5.0,4.0,4.25,4.0,4.0,4.0,4.0,5.0,4.2,2.0,3.0,2.0,1.0,2.0,Low
668,27,Other/Prefer not to say,Doctor,Bachelor's (completed),11,Public,Semi-Urban,,4.0,2.0,2.0,2.6666666666666665,2.0,3.0,2.0,4.0,2.75,2.0,3.0,3.0,2.0,2.5,2.0,1.0,2.0,1.0,1.0,1.4,2.0,3.0,4.0,4.0,3.25,Medium
669,28,Male,Hospital Administrator,Postgraduate/Doctoral,5,Public,Rural,5.0,5.0,5.0,4.0,4.75,3.0,4.0,3.0,3.0,3.25,,3.0,3.0,3.0,3.0,2.0,2.0,2.0,2.0,1.0,1.8,3.0,4.0,3.0,4.0,3.5,Medium
670,30,Male,Nurse,Bachelor's (ongoing),9,Public,Not Applicable,2.0,2.0,2.0,3.0,2.25,4.0,3.0,3.0,3.0,3.25,3.0,3.0,4.0,2.0,3.0,5.0,4.0,5.0,4.0,5.0,4.6,3.0,2.0,3.0,2.0,2.5,Low
671,27,Male,Hospital Administrator,Bachelor's (ongoing),2,Private,Chattogram,2.0,3.0,3.0,,2.6666666666666665,3.0,4.0,2.0,3.0,3.0,3.0,2.0,,3.0,2.6666666666666665,4.0,3.0,5.0,4.0,4.0,4.0,2.0,3.0,3.0,1.0,2.25,Low
672,45,Female,Nurse,Bachelor's (ongoing),12,Private,Other Urban,2.0,2.0,2.0,1.0,1.75,1.0,1.0,2.0,1.0,1.25,3.0,1.0,3.0,4.0,2.75,3.0,1.0,3.0,3.0,3.0,2.6,3.0,3.0,5.0,4.0,3.75,Medium
673,25,Other/Prefer not to say,Nurse,Secondary/HSC,4,Private,Dhaka,4.0,3.0,3.0,3.0,3.25,2.0,2.0,1.0,2.0,1.75,,3.0,4.0,4.0,3.6666666666666665,2.0,4.0,2.0,2.0,2.0,2.4,2.0,3.0,3.0,2.0,2.5,Low
674,35,Female,Nurse,Bachelor's (ongoing),6,Public,Rural,2.0,3.0,2.0,3.0,2.5,3.0,3.0,3.0,3.0,3.0,2.0,1.0,3.0,2.0,2.0,4.0,3.0,3.0,2.0,3.0,3.0,3.0,2.0,2.0,3.0,2.5,Low
675,32,Female,Hospital Administrator,Bachelor's (completed),8,NGO/Other,Other Urban,3.0,3.0,3.0,2.0,2.75,2.0,2.0,1.0,3.0,2.0,3.0,4.0,5.0,4.0,4.0,2.0,3.0,,2.0,3.0,2.5,2.0,1.0,2.0,2.0,1.75,Low
676,52,Male,Hospital Administrator,Bachelor's (ongoing),26,Public,Chattogram,3.0,,3.0,3.0,3.0,3.0,4.0,3.0,5.0,3.75,5.0,4.0,4.0,4.0,4.25,3.0,3.0,2.0,3.0,3.0,2.8,2.0,2.0,1.0,1.0,1.5,Low
677,26,Female,Nurse,Bachelor's (ongoing),3,Not Applicable,Chattogram,4.0,3.0,3.0,5.0,3.75,2.0,1.0,2.0,2.0,1.75,2.0,3.0,3.0,3.0,2.75,4.0,4.0,4.0,4.0,3.0,3.8,4.0,5.0,4.0,5.0,4.5,High
678,32,Male,Healthcare Student,Bachelor's (ongoing),1,Public,Semi-Urban,1.0,3.0,2.0,2.0,2.0,3.0,4.0,3.0,3.0,3.25,5.0,5.0,5.0,4.0,4.75,3.0,2.0,3.0,3.0,3.0,2.8,2.0,2.0,3.0,2.0,2.25,Low
679,50,Male,Healthcare Student,Bachelor's (ongoing),1,Not Applicable,Rural,1.0,2.0,1.0,2.0,1.5,5.0,5.0,3.0,5.0,4.5,3.0,3.0,2.0,4.0,3.0,,4.0,3.0,4.0,3.0,3.5,2.0,1.0,1.0,2.0,1.5,Low
680,44,Male,Nurse,Postgraduate/Doctoral,13,NGO/Other,Semi-Urban,4.0,5.0,,4.0,4.333333333333333,4.0,4.0,3.0,5.0,4.0,3.0,3.0,3.0,3.0,3.0,4.0,5.0,4.0,5.0,5.0,4.6,5.0,5.0,5.0,5.0,5.0,High
681,42,Male,Healthcare Student,Bachelor's (completed),0,Not Applicable,Other Urban,3.0,3.0,3.0,4.0,3.25,,2.0,2.0,,2.0,5.0,5.0,5.0,4.0,4.75,3.0,2.0,3.0,2.0,2.0,2.4,2.0,2.0,3.0,1.0,2.0,Low
682,29,Male,Healthcare Student,Secondary/HSC,0,Not Applicable,Chattogram,3.0,2.0,2.0,2.0,2.25,4.0,3.0,3.0,3.0,3.25,3.0,5.0,4.0,3.0,3.75,2.0,2.0,1.0,3.0,2.0,2.0,1.0,1.0,1.0,1.0,1.0,Low
683,27,Male,Doctor,Postgraduate/Doctoral,6,Public,Rural,4.0,3.0,4.0,3.0,3.5,4.0,5.0,4.0,4.0,4.25,5.0,4.0,3.0,4.0,4.0,2.0,3.0,3.0,2.0,4.0,2.8,3.0,2.0,3.0,2.0,2.5,Low
684,38,Male,Hospital Administrator,Bachelor's (completed),13,Private,Other Urban,3.0,3.0,4.0,3.0,3.25,5.0,5.0,5.0,5.0,5.0,3.0,3.0,3.0,3.0,3.0,4.0,4.0,5.0,4.0,5.0,4.4,3.0,3.0,3.0,3.0,3.0,Medium
685,47,Female,Nurse,Postgraduate/Doctoral,13,Private,Other Urban,3.0,3.0,4.0,3.0,3.25,4.0,5.0,4.0,,4.333333333333333,4.0,3.0,4.0,4.0,3.75,2.0,3.0,4.0,4.0,3.0,3.2,3.0,4.0,2.0,3.0,3.0,Medium
686,35,Male,Healthcare Student,Bachelor's (ongoing),1,Private,Other Urban,3.0,3.0,2.0,1.0,2.25,2.0,1.0,1.0,2.0,1.5,4.0,5.0,5.0,5.0,4.75,4.0,3.0,5.0,5.0,5.0,4.4,3.0,3.0,3.0,4.0,3.25,Medium
687,36,Male,Nurse,Bachelor's (ongoing),13,Not Applicable,Semi-Urban,2.0,3.0,3.0,3.0,2.75,4.0,5.0,3.0,4.0,4.0,3.0,2.0,4.0,3.0,3.0,3.0,3.0,2.0,2.0,3.0,2.6,3.0,1.0,2.0,1.0,1.75,Low
688,30,Female,IT Staff,Bachelor's (completed),9,Public,Semi-Urban,4.0,5.0,4.0,4.0,4.25,4.0,5.0,4.0,5.0,4.5,2.0,1.0,2.0,2.0,1.75,4.0,4.0,1.0,2.0,3.0,2.8,4.0,4.0,4.0,5.0,4.25,High
689,40,Female,Nurse,Postgraduate/Doctoral,14,Public,Other Urban,4.0,3.0,3.0,4.0,3.5,3.0,2.0,4.0,3.0,3.0,3.0,2.0,3.0,4.0,3.0,3.0,2.0,2.0,3.0,3.0,2.6,2.0,3.0,3.0,2.0,2.5,Low
690,28,Male,Hospital Administrator,Bachelor's (completed),6,NGO/Other,Rural,5.0,4.0,5.0,4.0,4.5,5.0,5.0,4.0,4.0,4.5,2.0,2.0,2.0,2.0,2.0,3.0,3.0,5.0,2.0,,3.25,4.0,4.0,3.0,3.0,3.5,Medium
691,31,Male,Other,Bachelor's (ongoing),8,Public,Rural,4.0,3.0,3.0,4.0,3.5,2.0,2.0,2.0,1.0,1.75,3.0,4.0,3.0,3.0,3.25,3.0,,3.0,2.0,2.0,2.5,4.0,2.0,4.0,3.0,3.25,Medium
692,33,Female,Nurse,Bachelor's (ongoing),11,Public,Chattogram,4.0,,3.0,3.0,3.3333333333333335,3.0,3.0,3.0,4.0,3.25,4.0,3.0,4.0,4.0,3.75,3.0,4.0,2.0,4.0,4.0,3.4,4.0,5.0,4.0,4.0,4.25,High
693,34,Male,Healthcare Student,Bachelor's (completed),1,Public,Dhaka,4.0,3.0,5.0,4.0,4.0,,1.0,1.0,1.0,1.0,5.0,5.0,4.0,4.0,4.5,,4.0,5.0,5.0,5.0,4.75,4.0,4.0,4.0,3.0,3.75,Medium
694,29,Male,Other,Bachelor's (completed),5,Private,Other Urban,5.0,2.0,3.0,3.0,3.25,2.0,2.0,2.0,2.0,2.0,3.0,2.0,4.0,3.0,3.0,3.0,,2.0,3.0,2.0,2.5,4.0,3.0,3.0,4.0,3.5,Medium
695,26,Female,Healthcare Student,Bachelor's (ongoing),1,Not Applicable,Semi-Urban,3.0,2.0,4.0,4.0,3.25,3.0,3.0,3.0,3.0,3.0,5.0,5.0,5.0,4.0,4.75,2.0,2.0,1.0,2.0,1.0,1.6,1.0,3.0,2.0,2.0,2.0,Low
696,37,Male,Doctor,Postgraduate/Doctoral,11,Public,Other Urban,,,4.0,5.0,4.5,3.0,3.0,3.0,3.0,3.0,2.0,1.0,1.0,1.0,1.25,3.0,3.0,2.0,4.0,2.0,2.8,5.0,5.0,5.0,4.0,4.75,High
697,30,Female,Healthcare Student,Bachelor's (ongoing),0,NGO/Other,Rural,3.0,3.0,4.0,3.0,3.25,2.0,3.0,3.0,1.0,2.25,,2.0,2.0,3.0,2.3333333333333335,2.0,2.0,4.0,2.0,3.0,2.6,3.0,3.0,1.0,3.0,2.5,Low
698,36,Female,Doctor,Postgraduate/Doctoral,13,Private,Dhaka,5.0,4.0,5.0,5.0,4.75,3.0,2.0,3.0,4.0,3.0,,3.0,2.0,2.0,2.3333333333333335,4.0,4.0,3.0,4.0,4.0,3.8,5.0,4.0,3.0,5.0,4.25,High
699,27,Female,Nurse,Bachelor's (completed),3,Private,Dhaka,4.0,4.0,5.0,,4.333333333333333,4.0,1.0,4.0,3.0,3.0,5.0,2.0,4.0,3.0,3.5,4.0,1.0,3.0,3.0,4.0,3.0,4.0,5.0,3.0,3.0,3.75,Medium
700,34,Male,Healthcare Student,Bachelor's (completed),0,NGO/Other,Rural,4.0,3.0,5.0,4.0,4.0,2.0,3.0,3.0,3.0,2.75,3.0,2.0,4.0,3.0,3.0,4.0,4.0,5.0,4.0,4.0,4.2,4.0,4.0,4.0,5.0,4.25,High
701,35,Male,IT Staff,Postgraduate/Doctoral,7,Not Applicable,Not Applicable,3.0,4.0,3.0,3.0,3.25,3.0,3.0,3.0,4.0,3.25,2.0,1.0,1.0,2.0,1.5,5.0,4.0,3.0,4.0,3.0,3.8,5.0,5.0,5.0,5.0,5.0,High
702,24,Male,Hospital Administrator,Bachelor's (completed),2,Public,Chattogram,3.0,4.0,3.0,3.0,3.25,4.0,5.0,3.0,3.0,3.75,3.0,2.0,3.0,2.0,2.5,3.0,3.0,4.0,2.0,4.0,3.2,3.0,3.0,4.0,3.0,3.25,Medium
703,31,Male,Nurse,Bachelor's (ongoing),4,Public,Dhaka,3.0,3.0,3.0,4.0,3.25,3.0,3.0,2.0,3.0,2.75,2.0,2.0,3.0,2.0,2.25,3.0,3.0,3.0,1.0,3.0,2.6,3.0,2.0,1.0,3.0,2.25,Low
704,26,Female,Healthcare Student,Bachelor's (ongoing),1,Private,Chattogram,1.0,3.0,2.0,3.0,2.25,4.0,4.0,4.0,4.0,4.0,2.0,2.0,2.0,2.0,2.0,1.0,2.0,2.0,1.0,2.0,1.6,4.0,4.0,4.0,3.0,3.75,Medium
705,24,Male,IT Staff,Bachelor's (ongoing),0,Public,Chattogram,1.0,2.0,2.0,1.0,1.5,1.0,1.0,,2.0,1.3333333333333333,4.0,4.0,5.0,5.0,4.5,4.0,,3.0,5.0,4.0,4.0,4.0,4.0,3.0,4.0,3.75,Medium
706,54,Female,Nurse,Bachelor's (ongoing),19,Private,Chattogram,4.0,3.0,2.0,4.0,3.25,5.0,5.0,5.0,5.0,5.0,3.0,3.0,4.0,3.0,3.25,3.0,3.0,3.0,,4.0,3.25,4.0,1.0,3.0,2.0,2.5,Low
707,31,Female,Healthcare Student,Bachelor's (ongoing),0,Public,Dhaka,1.0,2.0,2.0,2.0,1.75,4.0,4.0,4.0,4.0,4.0,5.0,5.0,,4.0,4.666666666666667,3.0,2.0,2.0,,3.0,2.5,2.0,1.0,1.0,2.0,1.5,Low
708,42,Female,Nurse,Bachelor's (completed),20,Public,Dhaka,4.0,4.0,4.0,3.0,3.75,3.0,,4.0,3.0,3.3333333333333335,4.0,2.0,1.0,4.0,2.75,4.0,3.0,4.0,3.0,4.0,3.6,3.0,4.0,3.0,5.0,3.75,Medium
709,29,Male,Doctor,Bachelor's (completed),6,NGO/Other,Other Urban,1.0,2.0,3.0,2.0,2.0,3.0,3.0,3.0,2.0,2.75,3.0,2.0,3.0,2.0,2.5,3.0,3.0,4.0,3.0,3.0,3.2,2.0,2.0,1.0,1.0,1.5,Low
710,38,Male,IT Staff,Bachelor's (completed),9,Public,Other Urban,3.0,4.0,4.0,3.0,3.5,3.0,4.0,2.0,4.0,3.25,1.0,,1.0,1.0,1.0,2.0,3.0,3.0,2.0,3.0,2.6,5.0,5.0,5.0,5.0,5.0,High
711,40,Other/Prefer not to say,Other,Bachelor's (completed),12,Private,Other Urban,2.0,3.0,4.0,1.0,2.5,3.0,3.0,4.0,,3.3333333333333335,3.0,2.0,3.0,3.0,2.75,2.0,3.0,3.0,2.0,3.0,2.6,3.0,2.0,3.0,4.0,3.0,Medium
712,36,Female,Nurse,Bachelor's (ongoing),17,Private,Dhaka,3.0,2.0,1.0,2.0,2.0,4.0,3.0,5.0,3.0,3.75,3.0,5.0,3.0,4.0,3.75,4.0,3.0,3.0,4.0,4.0,3.6,2.0,2.0,2.0,2.0,2.0,Low
713,34,Female,Nurse,Bachelor's (completed),10,Public,Dhaka,3.0,4.0,3.0,3.0,3.25,2.0,2.0,1.0,2.0,1.75,4.0,5.0,5.0,4.0,4.5,3.0,3.0,3.0,2.0,3.0,2.8,3.0,5.0,4.0,4.0,4.0,High
714,32,Female,Doctor,Postgraduate/Doctoral,6,Public,Dhaka,2.0,3.0,2.0,2.0,2.25,3.0,3.0,,4.0,3.3333333333333335,2.0,3.0,3.0,4.0,3.0,3.0,2.0,3.0,3.0,3.0,2.8,4.0,4.0,3.0,3.0,3.5,Medium
715,31,Female,Healthcare Student,Bachelor's (ongoing),1,Private,Rural,1.0,2.0,1.0,1.0,1.25,2.0,1.0,1.0,2.0,1.5,3.0,2.0,2.0,1.0,2.0,2.0,3.0,2.0,2.0,2.0,2.2,2.0,3.0,3.0,3.0,2.75,Medium
716,47,Male,Nurse,Bachelor's (ongoing),30,Private,Chattogram,3.0,3.0,3.0,3.0,3.0,4.0,3.0,4.0,,3.6666666666666665,4.0,4.0,5.0,5.0,4.5,4.0,3.0,4.0,3.0,3.0,3.4,2.0,2.0,4.0,2.0,2.5,Low
717,42,Female,Hospital Administrator,Bachelor's (completed),21,Public,Other Urban,3.0,2.0,3.0,4.0,3.0,4.0,4.0,3.0,,3.6666666666666665,2.0,4.0,4.0,2.0,3.0,5.0,4.0,3.0,4.0,4.0,4.0,3.0,2.0,3.0,3.0,2.75,Medium
718,50,Male,Other,Bachelor's (completed),23,Private,Other Urban,3.0,2.0,1.0,2.0,2.0,2.0,2.0,3.0,2.0,2.25,3.0,2.0,3.0,4.0,3.0,4.0,3.0,4.0,4.0,3.0,3.6,3.0,3.0,4.0,3.0,3.25,Medium
719,26,Female,Doctor,Postgraduate/Doctoral,8,Public,Rural,3.0,3.0,4.0,3.0,3.25,1.0,,1.0,2.0,1.3333333333333333,2.0,2.0,2.0,3.0,2.25,2.0,3.0,3.0,2.0,3.0,2.6,2.0,4.0,3.0,4.0,3.25,Medium
720,39,Female,Hospital Administrator,Bachelor's (ongoing),11,Public,Dhaka,3.0,1.0,3.0,2.0,2.25,4.0,,4.0,4.0,4.0,4.0,4.0,3.0,4.0,3.75,4.0,3.0,4.0,3.0,4.0,3.6,2.0,3.0,4.0,3.0,3.0,Medium
721,47,Male,Hospital Administrator,Bachelor's (completed),18,Public,Chattogram,3.0,3.0,4.0,4.0,3.5,3.0,5.0,3.0,5.0,4.0,4.0,4.0,4.0,2.0,3.5,5.0,3.0,4.0,5.0,5.0,4.4,3.0,3.0,3.0,4.0,3.25,Medium
722,28,Male,Healthcare Student,Bachelor's (ongoing),0,Public,Rural,3.0,4.0,4.0,4.0,3.75,3.0,4.0,2.0,3.0,3.0,4.0,3.0,4.0,3.0,3.5,3.0,3.0,2.0,3.0,3.0,2.8,5.0,5.0,4.0,5.0,4.75,High
723,24,Male,Nurse,Bachelor's (ongoing),2,Public,Dhaka,2.0,2.0,1.0,2.0,1.75,1.0,1.0,2.0,1.0,1.25,3.0,2.0,2.0,3.0,2.5,4.0,3.0,4.0,4.0,4.0,3.8,4.0,3.0,4.0,2.0,3.25,Medium
724,40,Female,Nurse,Bachelor's (completed),12,NGO/Other,Other Urban,2.0,3.0,3.0,3.0,2.75,2.0,2.0,3.0,1.0,2.0,4.0,4.0,5.0,5.0,4.5,3.0,,3.0,4.0,3.0,3.25,4.0,3.0,3.0,4.0,3.5,Medium
725,36,Male,Doctor,Bachelor's (completed),9,Public,Chattogram,5.0,4.0,5.0,5.0,4.75,3.0,3.0,3.0,3.0,3.0,2.0,1.0,1.0,3.0,1.75,3.0,4.0,3.0,3.0,3.0,3.2,3.0,4.0,4.0,3.0,3.5,Medium
726,43,Male,Healthcare Student,Bachelor's (ongoing),0,Private,Not Applicable,3.0,3.0,4.0,3.0,3.25,3.0,2.0,4.0,1.0,2.5,3.0,4.0,,4.0,3.6666666666666665,3.0,3.0,3.0,4.0,3.0,3.2,4.0,4.0,4.0,3.0,3.75,Medium
727,26,Male,Healthcare Student,Bachelor's (completed),0,Private,Semi-Urban,3.0,3.0,3.0,3.0,3.0,4.0,3.0,2.0,3.0,3.0,3.0,3.0,3.0,4.0,3.25,2.0,3.0,3.0,2.0,4.0,2.8,3.0,1.0,1.0,2.0,1.75,Low
728,41,Male,Doctor,Bachelor's (completed),12,Private,Dhaka,2.0,3.0,2.0,3.0,2.5,3.0,3.0,3.0,4.0,3.25,3.0,4.0,4.0,2.0,3.25,2.0,2.0,2.0,2.0,2.0,2.0,3.0,3.0,3.0,2.0,2.75,Medium
729,28,Male,Nurse,Bachelor's (completed),4,Private,Semi-Urban,3.0,4.0,,4.0,3.6666666666666665,2.0,4.0,2.0,4.0,3.0,3.0,2.0,1.0,2.0,2.0,4.0,4.0,,3.0,3.0,3.5,5.0,4.0,4.0,5.0,4.5,High
730,27,Male,Healthcare Student,Bachelor's (ongoing),0,Public,Semi-Urban,2.0,3.0,2.0,3.0,2.5,3.0,5.0,4.0,4.0,4.0,4.0,4.0,5.0,3.0,4.0,3.0,3.0,3.0,3.0,4.0,3.2,2.0,1.0,3.0,2.0,2.0,Low
731,27,Male,Doctor,Bachelor's (completed),2,Private,Other Urban,5.0,2.0,2.0,2.0,2.75,4.0,3.0,4.0,4.0,3.75,3.0,2.0,4.0,3.0,3.0,2.0,3.0,3.0,4.0,4.0,3.2,3.0,2.0,2.0,3.0,2.5,Low
732,42,Male,Nurse,Postgraduate/Doctoral,14,Public,Dhaka,4.0,3.0,4.0,4.0,3.75,3.0,4.0,4.0,4.0,3.75,2.0,2.0,1.0,1.0,1.5,4.0,3.0,5.0,4.0,5.0,4.2,3.0,4.0,4.0,5.0,4.0,High
733,38,Male,Hospital Administrator,Bachelor's (completed),12,Private,Dhaka,4.0,5.0,4.0,4.0,4.25,4.0,4.0,4.0,4.0,4.0,3.0,2.0,2.0,,2.3333333333333335,2.0,3.0,3.0,4.0,3.0,3.0,4.0,4.0,2.0,3.0,3.25,Medium
734,35,Male,Nurse,Bachelor's (ongoing),13,Public,Other Urban,1.0,2.0,2.0,2.0,1.75,3.0,2.0,3.0,3.0,2.75,2.0,3.0,4.0,4.0,3.25,2.0,2.0,1.0,2.0,1.0,1.6,2.0,2.0,3.0,1.0,2.0,Low
735,31,Male,Nurse,Postgraduate/Doctoral,9,Private,Chattogram,4.0,5.0,5.0,5.0,4.75,3.0,2.0,4.0,2.0,2.75,1.0,1.0,1.0,1.0,1.0,3.0,3.0,3.0,3.0,3.0,3.0,3.0,3.0,4.0,5.0,3.75,Medium
736,44,Female,Nurse,Bachelor's (completed),21,Private,Rural,2.0,2.0,2.0,2.0,2.0,2.0,3.0,3.0,2.0,2.5,4.0,5.0,4.0,5.0,4.5,3.0,2.0,2.0,2.0,2.0,2.2,1.0,1.0,1.0,1.0,1.0,Low
737,32,Male,Doctor,Postgraduate/Doctoral,9,Private,Dhaka,5.0,5.0,3.0,5.0,4.5,,3.0,4.0,3.0,3.3333333333333335,2.0,3.0,3.0,3.0,2.75,4.0,4.0,5.0,4.0,4.0,4.2,5.0,5.0,5.0,5.0,5.0,High
738,42,Male,Hospital Administrator,Bachelor's (ongoing),14,Public,Other Urban,4.0,3.0,3.0,3.0,3.25,3.0,3.0,3.0,2.0,2.75,4.0,5.0,5.0,,4.666666666666667,2.0,4.0,2.0,3.0,2.0,2.6,1.0,2.0,1.0,1.0,1.25,Low
739,33,Male,IT Staff,Bachelor's (ongoing),7,Private,Dhaka,4.0,4.0,3.0,4.0,3.75,4.0,4.0,4.0,4.0,4.0,5.0,5.0,4.0,4.0,4.5,4.0,5.0,5.0,5.0,5.0,4.8,2.0,2.0,1.0,2.0,1.75,Low
740,32,Male,Hospital Administrator,Bachelor's (completed),9,Private,Other Urban,2.0,3.0,3.0,3.0,2.75,2.0,2.0,2.0,2.0,2.0,3.0,,4.0,3.0,3.3333333333333335,3.0,4.0,5.0,5.0,,4.25,4.0,5.0,4.0,4.0,4.25,High
741,33,Male,Doctor,Bachelor's (completed),7,Private,Dhaka,,4.0,4.0,,4.0,3.0,3.0,2.0,3.0,2.75,,2.0,2.0,3.0,2.3333333333333335,3.0,3.0,3.0,3.0,4.0,3.2,2.0,3.0,2.0,4.0,2.75,Medium
742,30,Male,Healthcare Student,Bachelor's (ongoing),0,Public,Chattogram,3.0,3.0,3.0,2.0,2.75,3.0,2.0,3.0,,2.6666666666666665,2.0,1.0,1.0,1.0,1.25,3.0,2.0,1.0,2.0,2.0,2.0,3.0,3.0,4.0,4.0,3.5,Medium
743,40,Female,Doctor,Postgraduate/Doctoral,9,Public,Dhaka,4.0,4.0,5.0,5.0,4.5,2.0,3.0,3.0,4.0,3.0,2.0,2.0,2.0,3.0,2.25,4.0,4.0,4.0,4.0,3.0,3.8,5.0,5.0,4.0,5.0,4.75,High
744,34,Male,Healthcare Student,Bachelor's (ongoing),1,Public,Other Urban,2.0,3.0,2.0,2.0,2.25,5.0,5.0,5.0,5.0,5.0,5.0,4.0,5.0,5.0,4.75,4.0,3.0,5.0,3.0,4.0,3.8,2.0,2.0,1.0,1.0,1.5,Low
745,29,Male,Nurse,Bachelor's (ongoing),4,Private,Dhaka,4.0,3.0,4.0,3.0,3.5,4.0,3.0,2.0,2.0,2.75,3.0,2.0,3.0,,2.6666666666666665,2.0,3.0,1.0,1.0,,1.75,4.0,4.0,2.0,2.0,3.0,Medium
746,45,Male,Healthcare Student,Secondary/HSC,0,Private,Semi-Urban,1.0,1.0,1.0,1.0,1.0,4.0,4.0,2.0,3.0,3.25,4.0,4.0,5.0,3.0,4.0,5.0,2.0,5.0,4.0,3.0,3.8,2.0,1.0,2.0,2.0,1.75,Low
747,32,Male,Doctor,Postgraduate/Doctoral,5,Private,Dhaka,3.0,1.0,3.0,4.0,2.75,3.0,2.0,3.0,2.0,2.5,2.0,,1.0,2.0,1.6666666666666667,1.0,2.0,1.0,2.0,1.0,1.4,2.0,3.0,3.0,4.0,3.0,Medium
748,35,Male,Doctor,Postgraduate/Doctoral,9,Private,Other Urban,3.0,2.0,3.0,3.0,2.75,4.0,4.0,3.0,3.0,3.5,3.0,3.0,3.0,2.0,2.75,3.0,4.0,3.0,3.0,3.0,3.2,3.0,2.0,3.0,2.0,2.5,Low
749,45,Female,Nurse,Postgraduate/Doctoral,27,Private,Other Urban,3.0,4.0,3.0,2.0,3.0,3.0,3.0,4.0,3.0,3.25,3.0,4.0,4.0,5.0,4.0,4.0,5.0,5.0,4.0,5.0,4.6,4.0,4.0,3.0,3.0,3.5,Medium
750,37,Female,Doctor,Bachelor's (completed),14,Private,Dhaka,2.0,2.0,2.0,,2.0,2.0,1.0,1.0,,1.3333333333333333,2.0,1.0,1.0,2.0,1.5,,5.0,5.0,5.0,5.0,5.0,4.0,5.0,5.0,5.0,4.75,High
751,26,Male,Nurse,Bachelor's (ongoing),2,Private,Dhaka,3.0,3.0,2.0,1.0,2.25,2.0,3.0,2.0,2.0,2.25,3.0,2.0,1.0,2.0,2.0,3.0,4.0,3.0,4.0,2.0,3.2,4.0,2.0,2.0,2.0,2.5,Low
752,47,Male,Healthcare Student,Bachelor's (ongoing),1,Private,Dhaka,1.0,1.0,1.0,1.0,1.0,4.0,4.0,3.0,,3.6666666666666665,5.0,4.0,5.0,5.0,4.75,3.0,2.0,2.0,1.0,2.0,2.0,1.0,1.0,2.0,1.0,1.25,Low
753,37,Male,Healthcare Student,Bachelor's (ongoing),1,Public,Other Urban,3.0,4.0,3.0,3.0,3.25,4.0,4.0,4.0,4.0,4.0,4.0,4.0,4.0,4.0,4.0,3.0,2.0,2.0,4.0,3.0,2.8,4.0,4.0,4.0,3.0,3.75,Medium
754,31,Male,Doctor,Postgraduate/Doctoral,7,Private,Not Applicable,2.0,3.0,2.0,3.0,2.5,2.0,4.0,4.0,3.0,3.25,4.0,2.0,4.0,1.0,2.75,3.0,4.0,4.0,4.0,3.0,3.6,3.0,5.0,4.0,4.0,4.0,High
755,26,Female,Healthcare Student,Bachelor's (completed),0,Not Applicable,Dhaka,2.0,2.0,2.0,3.0,2.25,3.0,,4.0,3.0,3.3333333333333335,5.0,5.0,5.0,3.0,4.5,2.0,3.0,2.0,4.0,,2.75,2.0,1.0,2.0,2.0,1.75,Low
756,41,Male,Healthcare Student,Bachelor's (ongoing),0,Private,Semi-Urban,3.0,3.0,2.0,3.0,2.75,3.0,3.0,3.0,3.0,3.0,3.0,2.0,3.0,2.0,2.5,2.0,3.0,3.0,2.0,2.0,2.4,3.0,4.0,3.0,3.0,3.25,Medium
757,37,Male,Healthcare Student,Bachelor's (ongoing),1,Not Applicable,Semi-Urban,3.0,4.0,4.0,4.0,3.75,3.0,,3.0,2.0,2.6666666666666665,,4.0,5.0,4.0,4.333333333333333,2.0,3.0,2.0,2.0,3.0,2.4,4.0,3.0,4.0,3.0,3.5,Medium
758,35,Female,IT Staff,Postgraduate/Doctoral,14,Not Applicable,Semi-Urban,5.0,4.0,4.0,4.0,4.25,2.0,2.0,2.0,2.0,2.0,1.0,1.0,3.0,2.0,1.75,4.0,4.0,,4.0,4.0,4.0,4.0,5.0,4.0,4.0,4.25,High
759,45,Male,IT Staff,Bachelor's (ongoing),23,Private,Chattogram,3.0,2.0,4.0,2.0,2.75,1.0,2.0,2.0,1.0,1.5,4.0,4.0,4.0,4.0,4.0,3.0,4.0,4.0,3.0,4.0,3.6,4.0,5.0,5.0,3.0,4.25,High
760,41,Male,Hospital Administrator,Postgraduate/Doctoral,15,Private,Not Applicable,5.0,4.0,4.0,4.0,4.25,3.0,2.0,3.0,2.0,2.5,,1.0,1.0,2.0,1.3333333333333333,3.0,3.0,5.0,2.0,4.0,3.4,5.0,4.0,5.0,4.0,4.5,High
761,27,Female,IT Staff,Bachelor's (completed),1,Private,Chattogram,4.0,5.0,4.0,5.0,4.5,4.0,5.0,4.0,3.0,4.0,2.0,3.0,2.0,3.0,2.5,2.0,4.0,4.0,3.0,3.0,3.2,4.0,5.0,4.0,4.0,4.25,High
762,30,Male,Other,Bachelor's (ongoing),6,Public,Semi-Urban,4.0,3.0,3.0,3.0,3.25,3.0,1.0,4.0,2.0,2.5,3.0,4.0,5.0,4.0,4.0,2.0,2.0,2.0,2.0,3.0,2.2,1.0,2.0,2.0,1.0,1.5,Low
763,29,Male,Doctor,Postgraduate/Doctoral,8,Public,Dhaka,3.0,3.0,4.0,4.0,3.5,3.0,2.0,3.0,2.0,2.5,2.0,2.0,2.0,2.0,2.0,2.0,3.0,4.0,3.0,3.0,3.0,3.0,2.0,4.0,3.0,3.0,Medium
764,40,Male,Nurse,Bachelor's (completed),17,Private,Semi-Urban,2.0,3.0,4.0,4.0,3.25,3.0,2.0,3.0,2.0,2.5,4.0,4.0,3.0,5.0,4.0,3.0,3.0,1.0,3.0,3.0,2.6,1.0,1.0,1.0,1.0,1.0,Low
765,23,Female,Doctor,Postgraduate/Doctoral,0,Private,Not Applicable,4.0,3.0,3.0,2.0,3.0,4.0,5.0,4.0,4.0,4.25,3.0,2.0,2.0,,2.3333333333333335,3.0,4.0,4.0,3.0,4.0,3.6,3.0,3.0,3.0,5.0,3.5,Medium
766,36,Male,Other,Bachelor's (ongoing),10,Public,Rural,2.0,2.0,2.0,2.0,2.0,2.0,2.0,2.0,3.0,2.25,4.0,3.0,,3.0,3.3333333333333335,3.0,3.0,3.0,2.0,3.0,2.8,4.0,3.0,3.0,4.0,3.5,Medium
767,40,Male,Nurse,Bachelor's (completed),16,Private,Dhaka,5.0,3.0,4.0,4.0,4.0,3.0,4.0,3.0,4.0,3.5,4.0,3.0,4.0,4.0,3.75,1.0,1.0,2.0,1.0,3.0,1.6,3.0,2.0,1.0,3.0,2.25,Low
768,44,Male,IT Staff,Bachelor's (completed),21,Private,Rural,5.0,5.0,4.0,5.0,4.75,3.0,3.0,3.0,3.0,3.0,3.0,2.0,3.0,2.0,2.5,4.0,5.0,4.0,5.0,4.0,4.4,5.0,5.0,5.0,4.0,4.75,High
769,31,Male,Healthcare Student,Bachelor's (ongoing),0,NGO/Other,Dhaka,3.0,2.0,4.0,3.0,3.0,3.0,2.0,4.0,2.0,2.75,3.0,3.0,3.0,3.0,3.0,3.0,4.0,4.0,4.0,,3.75,3.0,2.0,4.0,3.0,3.0,Medium
770,42,Female,Other,Bachelor's (completed),20,Public,Other Urban,2.0,1.0,1.0,2.0,1.5,3.0,4.0,4.0,4.0,3.75,4.0,4.0,3.0,,3.6666666666666665,1.0,2.0,3.0,1.0,3.0,2.0,3.0,2.0,3.0,2.0,2.5,Low
771,26,Male,Doctor,Postgraduate/Doctoral,5,Private,Dhaka,3.0,2.0,3.0,3.0,2.75,2.0,3.0,4.0,2.0,2.75,1.0,,3.0,1.0,1.6666666666666667,4.0,3.0,3.0,4.0,3.0,3.4,4.0,4.0,5.0,5.0,4.5,High
772,43,Female,Healthcare Student,Bachelor's (ongoing),0,Public,Other Urban,2.0,2.0,2.0,3.0,2.25,4.0,4.0,4.0,4.0,4.0,4.0,4.0,4.0,4.0,4.0,1.0,2.0,2.0,3.0,2.0,2.0,2.0,2.0,3.0,1.0,2.0,Low
773,26,Female,Healthcare Student,Secondary/HSC,0,Public,Chattogram,2.0,2.0,3.0,3.0,2.5,3.0,3.0,3.0,2.0,2.75,3.0,3.0,3.0,,3.0,3.0,4.0,5.0,4.0,3.0,3.8,3.0,2.0,2.0,1.0,2.0,Low
774,32,Female,Doctor,Postgraduate/Doctoral,10,Public,Dhaka,3.0,3.0,2.0,3.0,2.75,5.0,5.0,5.0,3.0,4.5,1.0,2.0,2.0,2.0,1.75,4.0,3.0,4.0,3.0,3.0,3.4,4.0,5.0,3.0,4.0,4.0,High
775,41,Male,Healthcare Student,Secondary/HSC,0,Public,Dhaka,,2.0,1.0,2.0,1.6666666666666667,4.0,2.0,3.0,4.0,3.25,5.0,,4.0,4.0,4.333333333333333,2.0,4.0,3.0,3.0,4.0,3.2,2.0,2.0,2.0,2.0,2.0,Low
776,27,Female,Nurse,Bachelor's (ongoing),3,Public,Dhaka,4.0,5.0,4.0,4.0,4.25,1.0,1.0,2.0,1.0,1.25,1.0,2.0,3.0,3.0,2.25,4.0,4.0,3.0,3.0,2.0,3.2,4.0,3.0,5.0,4.0,4.0,High
777,29,Female,IT Staff,Bachelor's (completed),3,Private,Chattogram,4.0,4.0,3.0,3.0,3.5,3.0,3.0,2.0,3.0,2.75,1.0,1.0,2.0,2.0,1.5,2.0,3.0,4.0,3.0,2.0,2.8,3.0,5.0,4.0,4.0,4.0,High
778,39,Male,Hospital Administrator,Bachelor's (ongoing),12,Public,Rural,3.0,1.0,2.0,3.0,2.25,3.0,4.0,4.0,4.0,3.75,5.0,4.0,5.0,4.0,4.5,3.0,3.0,3.0,4.0,4.0,3.4,3.0,4.0,3.0,3.0,3.25,Medium
779,39,Female,Nurse,Bachelor's (ongoing),11,Public,Semi-Urban,2.0,1.0,2.0,1.0,1.5,3.0,5.0,4.0,3.0,3.75,4.0,3.0,,4.0,3.6666666666666665,4.0,3.0,3.0,3.0,3.0,3.2,3.0,2.0,3.0,2.0,2.5,Low
780,37,Female,Doctor,Postgraduate/Doctoral,9,NGO/Other,Semi-Urban,3.0,1.0,3.0,3.0,2.5,3.0,3.0,4.0,3.0,3.25,2.0,1.0,1.0,1.0,1.25,2.0,3.0,2.0,3.0,3.0,2.6,2.0,3.0,3.0,1.0,2.25,Low
781,38,Male,Doctor,Bachelor's (completed),15,Private,Semi-Urban,3.0,2.0,2.0,,2.3333333333333335,3.0,1.0,2.0,1.0,1.75,3.0,3.0,3.0,4.0,3.25,4.0,,4.0,3.0,4.0,3.75,3.0,3.0,2.0,3.0,2.75,Medium
782,35,Female,Doctor,Postgraduate/Doctoral,14,NGO/Other,Dhaka,3.0,3.0,,2.0,2.6666666666666665,2.0,1.0,2.0,2.0,1.75,2.0,2.0,2.0,3.0,2.25,4.0,5.0,5.0,4.0,4.0,4.4,3.0,3.0,3.0,4.0,3.25,Medium
783,29,Male,IT Staff,Postgraduate/Doctoral,5,Private,Chattogram,4.0,5.0,4.0,5.0,4.5,5.0,4.0,4.0,4.0,4.25,1.0,1.0,1.0,1.0,1.0,4.0,2.0,4.0,5.0,4.0,3.8,5.0,3.0,4.0,4.0,4.0,High
784,31,Female,Nurse,Bachelor's (completed),8,Public,Chattogram,4.0,3.0,4.0,4.0,3.75,3.0,,2.0,2.0,2.3333333333333335,2.0,1.0,1.0,1.0,1.25,5.0,4.0,4.0,4.0,4.0,4.2,5.0,5.0,5.0,5.0,5.0,High
785,28,Other/Prefer not to say,Doctor,Postgraduate/Doctoral,5,NGO/Other,Dhaka,4.0,4.0,4.0,3.0,3.75,,3.0,3.0,4.0,3.3333333333333335,3.0,3.0,2.0,3.0,2.75,5.0,5.0,5.0,5.0,5.0,5.0,5.0,5.0,5.0,5.0,5.0,High
786,45,Male,IT Staff,Postgraduate/Doctoral,13,NGO/Other,Other Urban,3.0,3.0,4.0,4.0,3.5,2.0,1.0,1.0,1.0,1.25,3.0,1.0,1.0,2.0,1.75,3.0,3.0,3.0,4.0,3.0,3.2,3.0,4.0,4.0,4.0,3.75,Medium
787,36,Female,IT Staff,Bachelor's (completed),10,Private,Semi-Urban,5.0,5.0,5.0,4.0,4.75,3.0,3.0,3.0,1.0,2.5,2.0,3.0,2.0,1.0,2.0,3.0,3.0,3.0,3.0,2.0,2.8,5.0,4.0,5.0,5.0,4.75,High
788,32,Male,Hospital Administrator,Bachelor's (completed),12,Private,Other Urban,5.0,5.0,4.0,5.0,4.75,4.0,4.0,4.0,4.0,4.0,3.0,4.0,4.0,3.0,3.5,2.0,2.0,1.0,2.0,2.0,1.8,4.0,4.0,3.0,3.0,3.5,Medium
789,33,Female,Other,Secondary/HSC,8,Private,Semi-Urban,3.0,4.0,3.0,3.0,3.25,3.0,3.0,3.0,3.0,3.0,3.0,5.0,4.0,4.0,4.0,1.0,2.0,1.0,1.0,,1.25,1.0,1.0,2.0,3.0,1.75,Low
790,48,Female,Nurse,Bachelor's (completed),22,Private,Dhaka,3.0,3.0,3.0,4.0,3.25,3.0,5.0,4.0,4.0,4.0,3.0,3.0,2.0,3.0,2.75,5.0,4.0,4.0,5.0,5.0,4.6,1.0,2.0,2.0,3.0,2.0,Low
791,27,Male,Healthcare Student,Bachelor's (ongoing),1,Not Applicable,Rural,3.0,3.0,4.0,3.0,3.25,3.0,2.0,3.0,3.0,2.75,4.0,4.0,4.0,4.0,4.0,3.0,3.0,2.0,2.0,2.0,2.4,1.0,2.0,2.0,2.0,1.75,Low
792,36,Male,Doctor,Secondary/HSC,14,Private,Dhaka,2.0,3.0,3.0,3.0,2.75,2.0,3.0,3.0,2.0,2.5,5.0,5.0,5.0,5.0,5.0,4.0,5.0,5.0,4.0,5.0,4.6,4.0,3.0,4.0,4.0,3.75,Medium
793,34,Male,Healthcare Student,Bachelor's (ongoing),0,Public,Rural,1.0,1.0,1.0,1.0,1.0,3.0,2.0,1.0,3.0,2.25,5.0,4.0,5.0,4.0,4.5,2.0,4.0,3.0,3.0,4.0,3.2,3.0,3.0,3.0,3.0,3.0,Medium
794,37,Male,Other,Postgraduate/Doctoral,11,Public,Dhaka,4.0,4.0,5.0,5.0,4.5,3.0,,2.0,,2.5,3.0,4.0,3.0,4.0,3.5,2.0,3.0,3.0,2.0,3.0,2.6,4.0,5.0,3.0,4.0,4.0,High
795,23,Male,Healthcare Student,Bachelor's (ongoing),0,Public,Chattogram,1.0,3.0,3.0,2.0,2.25,,3.0,4.0,4.0,3.6666666666666665,3.0,2.0,3.0,3.0,2.75,2.0,2.0,3.0,2.0,2.0,2.2,3.0,2.0,2.0,2.0,2.25,Low
796,44,Male,Hospital Administrator,Bachelor's (ongoing),13,Public,Chattogram,3.0,3.0,2.0,2.0,2.5,4.0,5.0,5.0,5.0,4.75,4.0,3.0,4.0,3.0,3.5,4.0,4.0,5.0,5.0,5.0,4.6,3.0,2.0,2.0,3.0,2.5,Low
797,47,Male,IT Staff,Bachelor's (completed),12,Public,Dhaka,4.0,3.0,4.0,3.0,3.5,2.0,3.0,3.0,3.0,2.75,3.0,3.0,3.0,3.0,3.0,3.0,5.0,4.0,3.0,5.0,4.0,3.0,3.0,3.0,4.0,3.25,Medium
798,36,Male,Nurse,Bachelor's (completed),16,NGO/Other,Dhaka,3.0,3.0,3.0,3.0,3.0,2.0,2.0,2.0,2.0,2.0,3.0,4.0,3.0,2.0,3.0,3.0,3.0,4.0,3.0,3.0,3.2,3.0,3.0,3.0,2.0,2.75,Medium
799,38,Female,IT Staff,Postgraduate/Doctoral,8,Public,Dhaka,4.0,2.0,3.0,4.0,3.25,2.0,1.0,2.0,4.0,2.25,1.0,1.0,,1.0,1.0,3.0,3.0,3.0,2.0,3.0,2.8,4.0,3.0,3.0,4.0,3.5,Medium
800,46,Female,Healthcare Student,Bachelor's (completed),1,Public,Other Urban,3.0,3.0,1.0,2.0,2.25,3.0,4.0,3.0,5.0,3.75,3.0,3.0,4.0,2.0,3.0,4.0,3.0,4.0,3.0,3.0,3.4,3.0,3.0,3.0,3.0,3.0,Medium
801,39,Female,Other,Bachelor's (ongoing),24,Public,Rural,3.0,3.0,3.0,3.0,3.0,3.0,3.0,2.0,3.0,2.75,3.0,2.0,2.0,3.0,2.5,4.0,4.0,4.0,4.0,4.0,4.0,2.0,2.0,3.0,3.0,2.5,Low
802,27,Male,Nurse,Bachelor's (ongoing),5,Private,Dhaka,4.0,,,4.0,4.0,4.0,4.0,3.0,3.0,3.5,4.0,2.0,3.0,3.0,3.0,4.0,4.0,4.0,3.0,3.0,3.6,3.0,3.0,3.0,2.0,2.75,Medium
803,36,Female,Doctor,Bachelor's (ongoing),10,Private,Chattogram,3.0,4.0,5.0,3.0,3.75,3.0,4.0,3.0,3.0,3.25,3.0,3.0,4.0,4.0,3.5,4.0,4.0,4.0,3.0,3.0,3.6,4.0,3.0,3.0,3.0,3.25,Medium
804,36,Female,Hospital Administrator,Bachelor's (completed),9,Private,Rural,3.0,3.0,3.0,2.0,2.75,4.0,4.0,2.0,3.0,3.25,2.0,2.0,3.0,3.0,2.5,5.0,4.0,5.0,5.0,4.0,4.6,3.0,4.0,4.0,4.0,3.75,Medium
805,33,Male,Doctor,Postgraduate/Doctoral,7,Not Applicable,Other Urban,4.0,4.0,5.0,4.0,4.25,5.0,5.0,5.0,5.0,5.0,3.0,3.0,3.0,2.0,2.75,4.0,4.0,4.0,5.0,4.0,4.2,2.0,2.0,3.0,2.0,2.25,Low
806,39,Male,Nurse,Bachelor's (completed),10,Not Applicable,Rural,3.0,4.0,,3.0,3.3333333333333335,3.0,2.0,2.0,3.0,2.5,3.0,2.0,2.0,2.0,2.25,3.0,,3.0,3.0,4.0,3.25,3.0,3.0,4.0,4.0,3.5,Medium
807,47,Female,Nurse,Bachelor's (completed),23,Private,Chattogram,4.0,3.0,3.0,,3.3333333333333335,5.0,4.0,3.0,4.0,4.0,2.0,2.0,3.0,2.0,2.25,5.0,5.0,5.0,5.0,5.0,5.0,4.0,4.0,4.0,4.0,4.0,High
808,46,Male,Healthcare Student,Bachelor's (ongoing),1,Not Applicable,Chattogram,3.0,2.0,2.0,2.0,2.25,4.0,4.0,4.0,5.0,4.25,4.0,4.0,4.0,5.0,4.25,3.0,3.0,2.0,3.0,4.0,3.0,1.0,1.0,2.0,2.0,1.5,Low
809,33,Male,Doctor,Postgraduate/Doctoral,6,Public,Dhaka,5.0,5.0,5.0,5.0,5.0,,4.0,3.0,4.0,3.6666666666666665,,3.0,2.0,3.0,2.6666666666666665,4.0,5.0,4.0,5.0,5.0,4.6,3.0,3.0,3.0,3.0,3.0,Medium
810,26,Other/Prefer not to say,Doctor,Postgraduate/Doctoral,2,Private,Dhaka,5.0,4.0,4.0,5.0,4.5,1.0,1.0,2.0,1.0,1.25,1.0,1.0,2.0,1.0,1.25,4.0,5.0,4.0,4.0,3.0,4.0,5.0,5.0,5.0,5.0,5.0,High
811,53,Male,Doctor,Postgraduate/Doctoral,19,Public,Other Urban,5.0,5.0,5.0,5.0,5.0,4.0,3.0,4.0,4.0,3.75,3.0,3.0,3.0,2.0,2.75,3.0,4.0,4.0,5.0,5.0,4.2,3.0,3.0,4.0,4.0,3.5,Medium
812,43,Male,Healthcare Student,Bachelor's (completed),1,Not Applicable,Rural,4.0,,4.0,4.0,4.0,4.0,3.0,,3.0,3.3333333333333335,2.0,4.0,3.0,,3.0,2.0,4.0,3.0,3.0,2.0,2.8,3.0,3.0,3.0,3.0,3.0,Medium
813,26,Other/Prefer not to say,IT Staff,Bachelor's (completed),0,Public,Dhaka,3.0,4.0,5.0,5.0,4.25,,2.0,3.0,3.0,2.6666666666666665,3.0,2.0,3.0,1.0,2.25,3.0,3.0,4.0,3.0,5.0,3.6,5.0,5.0,5.0,5.0,5.0,High
814,46,Female,Doctor,Postgraduate/Doctoral,21,Public,Rural,2.0,3.0,2.0,2.0,2.25,2.0,3.0,3.0,2.0,2.5,3.0,2.0,3.0,2.0,2.5,4.0,5.0,5.0,5.0,5.0,4.8,4.0,4.0,4.0,4.0,4.0,High
815,44,Male,Doctor,Postgraduate/Doctoral,17,Public,Dhaka,3.0,4.0,3.0,4.0,3.5,4.0,4.0,4.0,4.0,4.0,,4.0,3.0,3.0,3.3333333333333335,4.0,5.0,4.0,4.0,5.0,4.4,2.0,1.0,2.0,3.0,2.0,Low
816,35,Female,Hospital Administrator,Secondary/HSC,13,Private,Chattogram,2.0,2.0,2.0,3.0,2.25,4.0,4.0,5.0,5.0,4.5,3.0,5.0,,4.0,4.0,3.0,4.0,4.0,4.0,4.0,3.8,3.0,4.0,3.0,3.0,3.25,Medium
817,36,Female,Nurse,Bachelor's (ongoing),6,Private,Rural,2.0,4.0,3.0,2.0,2.75,3.0,4.0,3.0,,3.3333333333333335,4.0,5.0,5.0,4.0,4.5,3.0,3.0,2.0,3.0,3.0,2.8,1.0,1.0,1.0,1.0,1.0,Low
818,32,Male,Hospital Administrator,Bachelor's (completed),4,Public,Rural,2.0,2.0,2.0,3.0,2.25,2.0,2.0,3.0,2.0,2.25,1.0,2.0,2.0,1.0,1.5,3.0,3.0,2.0,3.0,3.0,2.8,2.0,3.0,2.0,2.0,2.25,Low
819,24,Female,Nurse,Bachelor's (completed),0,Private,Other Urban,3.0,4.0,4.0,5.0,4.0,2.0,2.0,2.0,2.0,2.0,2.0,2.0,,3.0,2.3333333333333335,3.0,3.0,3.0,3.0,4.0,3.2,5.0,4.0,5.0,5.0,4.75,High
820,31,Male,Other,Bachelor's (completed),9,Public,Dhaka,,4.0,2.0,2.0,2.6666666666666665,4.0,,3.0,3.0,3.3333333333333335,3.0,3.0,3.0,4.0,3.25,3.0,3.0,4.0,5.0,4.0,3.8,2.0,2.0,2.0,3.0,2.25,Low
821,41,Male,Nurse,Bachelor's (completed),22,Private,Dhaka,1.0,3.0,1.0,2.0,1.75,4.0,5.0,,4.0,4.333333333333333,4.0,4.0,3.0,4.0,3.75,5.0,5.0,5.0,5.0,4.0,4.8,3.0,2.0,1.0,1.0,1.75,Low
822,22,Female,IT Staff,Bachelor's (completed),1,Public,Dhaka,4.0,3.0,4.0,4.0,3.75,3.0,2.0,2.0,2.0,2.25,1.0,2.0,1.0,2.0,1.5,3.0,,3.0,4.0,4.0,3.5,4.0,5.0,5.0,4.0,4.5,High
823,31,Male,Doctor,Postgraduate/Doctoral,6,Public,Semi-Urban,3.0,3.0,4.0,4.0,3.5,4.0,4.0,3.0,4.0,3.75,3.0,3.0,3.0,3.0,3.0,,5.0,5.0,5.0,5.0,5.0,3.0,3.0,3.0,2.0,2.75,Medium
824,32,Female,Other,Bachelor's (completed),11,Private,Dhaka,2.0,2.0,2.0,3.0,2.25,2.0,3.0,2.0,3.0,2.5,3.0,1.0,2.0,2.0,2.0,4.0,,5.0,5.0,5.0,4.75,3.0,4.0,4.0,4.0,3.75,Medium
825,35,Female,Other,Bachelor's (ongoing),9,Private,Semi-Urban,1.0,2.0,2.0,3.0,2.0,3.0,,3.0,2.0,2.6666666666666665,4.0,3.0,2.0,3.0,3.0,4.0,4.0,3.0,3.0,3.0,3.4,3.0,2.0,3.0,2.0,2.5,Low
826,46,Male,Healthcare Student,Bachelor's (ongoing),0,Not Applicable,Dhaka,1.0,2.0,2.0,2.0,1.75,4.0,4.0,4.0,4.0,4.0,3.0,3.0,4.0,4.0,3.5,3.0,5.0,4.0,4.0,4.0,4.0,2.0,4.0,3.0,3.0,3.0,Medium
827,31,Female,Nurse,Bachelor's (ongoing),4,Private,Chattogram,2.0,4.0,,2.0,2.6666666666666665,3.0,3.0,2.0,3.0,2.75,3.0,2.0,2.0,3.0,2.5,4.0,4.0,3.0,2.0,3.0,3.2,3.0,3.0,4.0,2.0,3.0,Medium
828,31,Male,Doctor,Postgraduate/Doctoral,2,NGO/Other,Dhaka,4.0,3.0,5.0,3.0,3.75,3.0,4.0,4.0,3.0,3.5,2.0,2.0,2.0,2.0,2.0,4.0,2.0,3.0,5.0,3.0,3.4,4.0,3.0,4.0,4.0,3.75,Medium
829,40,Female,Healthcare Student,Bachelor's (completed),1,Public,Chattogram,2.0,3.0,2.0,3.0,2.5,3.0,5.0,4.0,4.0,4.0,2.0,4.0,2.0,4.0,3.0,3.0,3.0,2.0,,2.0,2.5,2.0,1.0,3.0,2.0,2.0,Low
830,33,Male,Healthcare Student,Bachelor's (completed),0,Private,Other Urban,3.0,3.0,2.0,4.0,3.0,4.0,3.0,3.0,2.0,3.0,1.0,1.0,1.0,1.0,1.0,3.0,2.0,3.0,4.0,4.0,3.2,4.0,4.0,5.0,4.0,4.25,High
831,29,Female,Nurse,Bachelor's (completed),6,Not Applicable,Not Applicable,4.0,4.0,4.0,4.0,4.0,3.0,3.0,3.0,3.0,3.0,2.0,2.0,3.0,2.0,2.25,4.0,3.0,2.0,3.0,4.0,3.2,4.0,4.0,4.0,4.0,4.0,High
832,33,Female,Nurse,Bachelor's (ongoing),7,Public,Rural,4.0,,3.0,5.0,4.0,2.0,2.0,3.0,2.0,2.25,1.0,2.0,2.0,1.0,1.5,3.0,1.0,1.0,1.0,2.0,1.6,3.0,3.0,2.0,2.0,2.5,Low
833,27,Male,Nurse,Bachelor's (completed),6,Private,Semi-Urban,4.0,4.0,3.0,3.0,3.5,2.0,2.0,2.0,3.0,2.25,4.0,3.0,4.0,4.0,3.75,3.0,4.0,3.0,3.0,3.0,3.2,3.0,4.0,3.0,4.0,3.5,Medium
834,27,Female,Healthcare Student,Bachelor's (completed),1,Public,Dhaka,4.0,4.0,4.0,4.0,4.0,3.0,2.0,3.0,4.0,3.0,2.0,3.0,2.0,2.0,2.25,4.0,4.0,4.0,4.0,4.0,4.0,5.0,5.0,5.0,5.0,5.0,High
835,34,Female,IT Staff,Bachelor's (completed),11,Private,Rural,4.0,3.0,3.0,4.0,3.5,4.0,2.0,3.0,3.0,3.0,3.0,2.0,3.0,2.0,2.5,4.0,3.0,,4.0,3.0,3.5,3.0,2.0,3.0,3.0,2.75,Medium
836,33,Female,IT Staff,Postgraduate/Doctoral,11,Public,Rural,4.0,,4.0,4.0,4.0,2.0,2.0,3.0,2.0,2.25,3.0,2.0,2.0,3.0,2.5,1.0,1.0,1.0,1.0,2.0,1.2,2.0,3.0,3.0,3.0,2.75,Medium
837,46,Female,IT Staff,Bachelor's (ongoing),22,Private,Rural,3.0,4.0,3.0,3.0,3.25,3.0,3.0,4.0,2.0,3.0,4.0,4.0,5.0,4.0,4.25,4.0,4.0,2.0,4.0,3.0,3.4,3.0,2.0,2.0,3.0,2.5,Low
838,31,Other/Prefer not to say,Nurse,Secondary/HSC,4,Private,Chattogram,3.0,3.0,3.0,5.0,3.5,3.0,4.0,4.0,,3.6666666666666665,4.0,5.0,4.0,4.0,4.25,3.0,2.0,2.0,2.0,2.0,2.2,1.0,1.0,2.0,1.0,1.25,Low
839,36,Male,Nurse,Bachelor's (ongoing),11,Public,Dhaka,1.0,1.0,1.0,1.0,1.0,5.0,5.0,4.0,4.0,4.5,2.0,2.0,2.0,2.0,2.0,2.0,4.0,3.0,3.0,3.0,3.0,1.0,1.0,1.0,1.0,1.0,Low
840,37,Male,Doctor,Bachelor's (completed),5,Public,Semi-Urban,3.0,2.0,2.0,3.0,2.5,5.0,4.0,5.0,5.0,4.75,3.0,5.0,4.0,3.0,3.75,3.0,4.0,4.0,5.0,5.0,4.2,2.0,1.0,1.0,1.0,1.25,Low
841,23,Male,Healthcare Student,Bachelor's (completed),0,Public,Chattogram,3.0,4.0,4.0,3.0,3.5,1.0,1.0,1.0,1.0,1.0,4.0,4.0,4.0,4.0,4.0,2.0,2.0,2.0,1.0,2.0,1.8,4.0,3.0,2.0,3.0,3.0,Medium
842,38,Female,Nurse,Bachelor's (completed),7,Public,Dhaka,3.0,4.0,3.0,3.0,3.25,2.0,1.0,3.0,3.0,2.25,4.0,2.0,2.0,2.0,2.5,2.0,3.0,5.0,4.0,4.0,3.6,2.0,1.0,2.0,1.0,1.5,Low
843,27,Male,Nurse,Bachelor's (ongoing),5,Public,Chattogram,2.0,2.0,2.0,1.0,1.75,3.0,2.0,2.0,3.0,2.5,3.0,1.0,3.0,2.0,2.25,3.0,4.0,4.0,4.0,5.0,4.0,2.0,3.0,2.0,3.0,2.5,Low
844,49,Male,Nurse,Bachelor's (completed),16,Not Applicable,Other Urban,1.0,2.0,1.0,2.0,1.5,3.0,3.0,4.0,4.0,3.5,1.0,1.0,1.0,1.0,1.0,3.0,3.0,3.0,3.0,3.0,3.0,1.0,1.0,1.0,1.0,1.0,Low
845,27,Male,Doctor,Postgraduate/Doctoral,4,Public,Dhaka,5.0,5.0,5.0,4.0,4.75,3.0,2.0,4.0,,3.0,,1.0,1.0,2.0,1.3333333333333333,,2.0,3.0,3.0,2.0,2.5,5.0,5.0,4.0,5.0,4.75,High
846,33,Female,Hospital Administrator,Bachelor's (completed),11,Public,Semi-Urban,2.0,3.0,1.0,3.0,2.25,3.0,1.0,2.0,3.0,2.25,2.0,3.0,3.0,3.0,2.75,4.0,3.0,,5.0,4.0,4.0,3.0,4.0,4.0,4.0,3.75,Medium
847,25,Male,Nurse,Bachelor's (ongoing),1,Private,Other Urban,2.0,1.0,2.0,1.0,1.5,3.0,1.0,2.0,3.0,2.25,3.0,4.0,3.0,4.0,3.5,4.0,4.0,3.0,4.0,3.0,3.6,2.0,2.0,2.0,3.0,2.25,Low
848,57,Female,Doctor,Postgraduate/Doctoral,21,Public,Chattogram,5.0,4.0,4.0,4.0,4.25,4.0,4.0,4.0,3.0,3.75,4.0,3.0,4.0,5.0,4.0,4.0,4.0,3.0,4.0,4.0,3.8,5.0,5.0,5.0,4.0,4.75,High
849,34,Male,Healthcare Student,Bachelor's (ongoing),0,Public,Dhaka,3.0,3.0,3.0,3.0,3.0,1.0,1.0,,1.0,1.0,4.0,3.0,4.0,4.0,3.75,3.0,4.0,2.0,4.0,3.0,3.2,4.0,3.0,4.0,5.0,4.0,High
850,36,Female,Nurse,Bachelor's (completed),9,Private,Rural,3.0,3.0,3.0,2.0,2.75,5.0,4.0,5.0,5.0,4.75,4.0,4.0,4.0,5.0,4.25,3.0,2.0,3.0,3.0,4.0,3.0,1.0,2.0,2.0,1.0,1.5,Low
851,24,Male,Nurse,Bachelor's (ongoing),1,Private,Chattogram,3.0,2.0,3.0,2.0,2.5,3.0,3.0,3.0,2.0,2.75,4.0,4.0,4.0,4.0,4.0,5.0,5.0,5.0,3.0,5.0,4.6,2.0,2.0,2.0,2.0,2.0,Low
852,40,Male,Nurse,Bachelor's (completed),18,Private,Chattogram,3.0,2.0,4.0,3.0,3.0,4.0,5.0,5.0,4.0,4.5,3.0,2.0,3.0,3.0,2.75,4.0,5.0,5.0,5.0,5.0,4.8,4.0,4.0,4.0,4.0,4.0,High
853,28,Female,Healthcare Student,Bachelor's (completed),0,Private,Chattogram,4.0,4.0,4.0,5.0,4.25,2.0,2.0,2.0,,2.0,,5.0,5.0,4.0,4.666666666666667,3.0,2.0,2.0,1.0,3.0,2.2,2.0,4.0,4.0,4.0,3.5,Medium
854,45,Female,Nurse,Bachelor's (ongoing),16,Private,Dhaka,2.0,2.0,1.0,1.0,1.5,4.0,4.0,4.0,4.0,4.0,3.0,2.0,3.0,3.0,2.75,3.0,4.0,4.0,5.0,3.0,3.8,1.0,1.0,3.0,3.0,2.0,Low
855,28,Male,Healthcare Student,Bachelor's (ongoing),1,Not Applicable,Semi-Urban,2.0,2.0,1.0,1.0,1.5,2.0,3.0,3.0,3.0,2.75,2.0,2.0,2.0,3.0,2.25,3.0,3.0,3.0,4.0,2.0,3.0,1.0,1.0,1.0,1.0,1.0,Low
856,28,Male,Other,Postgraduate/Doctoral,4,NGO/Other,Dhaka,,4.0,3.0,,3.5,3.0,2.0,3.0,3.0,2.75,2.0,1.0,1.0,1.0,1.25,3.0,3.0,2.0,2.0,3.0,2.6,4.0,4.0,4.0,4.0,4.0,High
857,23,Female,IT Staff,Bachelor's (completed),5,NGO/Other,Rural,5.0,3.0,4.0,5.0,4.25,2.0,3.0,2.0,2.0,2.25,2.0,2.0,1.0,2.0,1.75,4.0,4.0,4.0,3.0,4.0,3.8,4.0,5.0,4.0,5.0,4.5,High
858,34,Female,Nurse,Bachelor's (completed),9,Public,Dhaka,3.0,2.0,3.0,2.0,2.5,4.0,5.0,5.0,4.0,4.5,2.0,3.0,3.0,3.0,2.75,4.0,3.0,4.0,3.0,5.0,3.8,2.0,3.0,2.0,2.0,2.25,Low
859,36,Male,Healthcare Student,Secondary/HSC,1,Not Applicable,Not Applicable,2.0,2.0,1.0,1.0,1.5,1.0,3.0,2.0,1.0,1.75,4.0,4.0,5.0,5.0,4.5,3.0,3.0,5.0,5.0,5.0,4.2,1.0,2.0,1.0,1.0,1.25,Low
860,24,Male,Nurse,Bachelor's (ongoing),0,Private,Other Urban,3.0,4.0,4.0,4.0,3.75,4.0,3.0,3.0,4.0,3.5,3.0,3.0,3.0,3.0,3.0,3.0,4.0,4.0,4.0,4.0,3.8,5.0,4.0,3.0,4.0,4.0,High
861,41,Female,Nurse,Bachelor's (completed),16,Private,Dhaka,3.0,4.0,3.0,3.0,3.25,4.0,3.0,4.0,4.0,3.75,3.0,4.0,3.0,2.0,3.0,4.0,4.0,5.0,5.0,5.0,4.6,3.0,3.0,3.0,4.0,3.25,Medium
862,33,Female,Hospital Administrator,Postgraduate/Doctoral,9,Private,Other Urban,5.0,4.0,4.0,5.0,4.5,4.0,3.0,3.0,3.0,3.25,2.0,3.0,2.0,3.0,2.5,3.0,2.0,2.0,2.0,2.0,2.2,3.0,2.0,4.0,3.0,3.0,Medium
863,35,Female,Nurse,Bachelor's (ongoing),11,Not Applicable,Chattogram,3.0,3.0,2.0,2.0,2.5,5.0,5.0,5.0,5.0,5.0,2.0,1.0,1.0,2.0,1.5,2.0,2.0,4.0,3.0,3.0,2.8,3.0,1.0,3.0,4.0,2.75,Medium
864,33,Female,Doctor,Postgraduate/Doctoral,16,Public,Rural,4.0,5.0,,4.0,4.333333333333333,5.0,5.0,4.0,5.0,4.75,1.0,1.0,1.0,2.0,1.25,2.0,2.0,2.0,1.0,3.0,2.0,3.0,3.0,3.0,3.0,3.0,Medium
865,32,Male,Nurse,Bachelor's (completed),5,Private,Semi-Urban,3.0,3.0,3.0,2.0,2.75,1.0,1.0,1.0,1.0,1.0,3.0,2.0,2.0,2.0,2.25,4.0,4.0,5.0,5.0,5.0,4.6,5.0,3.0,5.0,4.0,4.25,High
866,35,Female,Doctor,Bachelor's (completed),12,Private,Chattogram,2.0,2.0,2.0,3.0,2.25,3.0,3.0,3.0,4.0,3.25,2.0,2.0,2.0,3.0,2.25,,3.0,3.0,4.0,2.0,3.0,3.0,2.0,2.0,2.0,2.25,Low
867,27,Female,Nurse,Bachelor's (ongoing),0,Private,Chattogram,2.0,3.0,2.0,1.0,2.0,4.0,3.0,4.0,,3.6666666666666665,2.0,2.0,3.0,2.0,2.25,3.0,3.0,4.0,4.0,3.0,3.4,3.0,3.0,3.0,1.0,2.5,Low
868,28,Female,Hospital Administrator,Bachelor's (completed),8,Private,Not Applicable,3.0,2.0,3.0,2.0,2.5,4.0,3.0,3.0,4.0,3.5,3.0,4.0,4.0,3.0,3.5,2.0,1.0,3.0,3.0,3.0,2.4,2.0,1.0,2.0,2.0,1.75,Low
869,43,Male,Other,Bachelor's (ongoing),13,Public,Other Urban,4.0,2.0,2.0,3.0,2.75,5.0,4.0,4.0,4.0,4.25,4.0,3.0,3.0,4.0,3.5,5.0,4.0,5.0,5.0,5.0,4.8,3.0,2.0,4.0,2.0,2.75,Medium
870,48,Male,Doctor,Postgraduate/Doctoral,19,Public,Chattogram,2.0,2.0,2.0,2.0,2.0,4.0,5.0,4.0,5.0,4.5,2.0,,3.0,3.0,2.6666666666666665,4.0,2.0,3.0,4.0,3.0,3.2,3.0,4.0,3.0,3.0,3.25,Medium
871,32,Female,IT Staff,Bachelor's (completed),10,Public,Chattogram,4.0,4.0,3.0,3.0,3.5,3.0,3.0,2.0,,2.6666666666666665,1.0,1.0,2.0,1.0,1.25,3.0,4.0,5.0,4.0,4.0,4.0,3.0,4.0,3.0,3.0,3.25,Medium
872,30,Male,Nurse,Bachelor's (ongoing),12,Private,Dhaka,2.0,3.0,,,2.5,4.0,4.0,5.0,5.0,4.5,5.0,5.0,4.0,4.0,4.5,1.0,2.0,3.0,2.0,2.0,2.0,4.0,3.0,3.0,3.0,3.25,Medium
873,37,Female,Doctor,Postgraduate/Doctoral,9,Private,Semi-Urban,3.0,3.0,3.0,3.0,3.0,4.0,4.0,4.0,,4.0,3.0,,4.0,3.0,3.3333333333333335,4.0,4.0,5.0,5.0,4.0,4.4,3.0,2.0,4.0,3.0,3.0,Medium
874,32,Male,Nurse,Bachelor's (completed),5,Private,Other Urban,2.0,,3.0,3.0,2.6666666666666665,4.0,3.0,2.0,3.0,3.0,3.0,3.0,4.0,3.0,3.25,3.0,3.0,1.0,2.0,1.0,2.0,2.0,2.0,2.0,2.0,2.0,Low
875,23,Female,Doctor,Postgraduate/Doctoral,0,Private,Rural,2.0,3.0,3.0,3.0,2.75,2.0,,2.0,3.0,2.3333333333333335,1.0,1.0,1.0,,1.0,2.0,2.0,2.0,2.0,3.0,2.2,2.0,2.0,2.0,3.0,2.25,Low
876,27,Female,Doctor,Postgraduate/Doctoral,1,Private,Other Urban,5.0,5.0,5.0,5.0,5.0,5.0,,2.0,3.0,3.3333333333333335,2.0,3.0,2.0,3.0,2.5,4.0,3.0,3.0,3.0,4.0,3.4,3.0,5.0,4.0,4.0,4.0,High
877,39,Male,Nurse,Bachelor's (ongoing),11,Public,Other Urban,2.0,2.0,2.0,2.0,2.0,3.0,3.0,2.0,4.0,3.0,4.0,2.0,5.0,3.0,3.5,4.0,3.0,4.0,3.0,3.0,3.4,3.0,3.0,2.0,1.0,2.25,Low
878,38,Male,Nurse,Bachelor's (completed),19,Private,Chattogram,3.0,3.0,3.0,5.0,3.5,2.0,2.0,3.0,3.0,2.5,3.0,3.0,3.0,3.0,3.0,2.0,3.0,3.0,3.0,3.0,2.8,4.0,5.0,5.0,4.0,4.5,High
879,23,Female,Hospital Administrator,Bachelor's (completed),5,NGO/Other,Semi-Urban,3.0,3.0,3.0,3.0,3.0,3.0,3.0,2.0,2.0,2.5,2.0,3.0,3.0,2.0,2.5,4.0,3.0,5.0,4.0,4.0,4.0,4.0,4.0,4.0,4.0,4.0,High
880,28,Female,Doctor,Postgraduate/Doctoral,2,Private,Chattogram,4.0,4.0,5.0,4.0,4.25,3.0,3.0,3.0,3.0,3.0,2.0,2.0,2.0,2.0,2.0,3.0,5.0,4.0,5.0,4.0,4.2,4.0,5.0,5.0,4.0,4.5,High
881,29,Male,Doctor,Bachelor's (completed),6,NGO/Other,Rural,5.0,4.0,5.0,5.0,4.75,2.0,2.0,4.0,3.0,2.75,2.0,2.0,2.0,3.0,2.25,2.0,3.0,2.0,2.0,3.0,2.4,3.0,3.0,3.0,2.0,2.75,Medium
882,38,Female,Doctor,Postgraduate/Doctoral,6,Not Applicable,Chattogram,3.0,2.0,2.0,3.0,2.5,2.0,3.0,2.0,1.0,2.0,1.0,2.0,1.0,1.0,1.25,4.0,5.0,,4.0,5.0,4.5,4.0,4.0,4.0,4.0,4.0,High
883,23,Female,Hospital Administrator,Bachelor's (completed),0,Public,Semi-Urban,5.0,4.0,5.0,4.0,4.5,4.0,4.0,5.0,4.0,4.25,4.0,3.0,4.0,3.0,3.5,3.0,2.0,1.0,2.0,3.0,2.2,4.0,3.0,3.0,3.0,3.25,Medium
884,26,Male,Nurse,Bachelor's (ongoing),3,Private,Rural,5.0,4.0,4.0,4.0,4.25,2.0,2.0,4.0,3.0,2.75,4.0,4.0,5.0,4.0,4.25,3.0,2.0,3.0,2.0,3.0,2.6,3.0,3.0,4.0,3.0,3.25,Medium
885,41,Male,Hospital Administrator,Postgraduate/Doctoral,11,Private,Semi-Urban,4.0,5.0,,4.0,4.333333333333333,5.0,5.0,5.0,5.0,5.0,3.0,3.0,3.0,2.0,2.75,3.0,3.0,5.0,5.0,5.0,4.2,4.0,4.0,5.0,4.0,4.25,High
886,27,Male,Nurse,Bachelor's (completed),2,Private,Dhaka,4.0,4.0,3.0,3.0,3.5,2.0,3.0,4.0,3.0,3.0,2.0,3.0,3.0,3.0,2.75,1.0,2.0,2.0,1.0,2.0,1.6,2.0,1.0,2.0,1.0,1.5,Low
887,37,Male,Doctor,Bachelor's (completed),8,Public,Semi-Urban,4.0,2.0,5.0,4.0,3.75,4.0,4.0,3.0,4.0,3.75,3.0,,4.0,3.0,3.3333333333333335,4.0,4.0,4.0,4.0,4.0,4.0,3.0,3.0,3.0,4.0,3.25,Medium
888,29,Male,Other,Bachelor's (completed),7,Public,Dhaka,3.0,3.0,5.0,2.0,3.25,3.0,3.0,2.0,3.0,2.75,5.0,5.0,5.0,5.0,5.0,3.0,3.0,3.0,4.0,3.0,3.2,2.0,3.0,3.0,2.0,2.5,Low
889,25,Male,Doctor,Postgraduate/Doctoral,1,Public,Dhaka,5.0,4.0,3.0,2.0,3.5,5.0,4.0,3.0,4.0,4.0,3.0,2.0,2.0,3.0,2.5,3.0,3.0,3.0,3.0,,3.0,3.0,2.0,2.0,4.0,2.75,Medium
890,29,Female,Doctor,Postgraduate/Doctoral,6,Private,Semi-Urban,3.0,3.0,4.0,3.0,3.25,4.0,4.0,4.0,4.0,4.0,2.0,3.0,3.0,3.0,2.75,5.0,5.0,5.0,5.0,5.0,5.0,2.0,3.0,2.0,3.0,2.5,Low
891,39,Male,Doctor,Bachelor's (completed),10,Public,Semi-Urban,1.0,3.0,3.0,3.0,2.5,4.0,4.0,3.0,4.0,3.75,3.0,2.0,3.0,4.0,3.0,3.0,2.0,2.0,2.0,2.0,2.2,3.0,1.0,1.0,1.0,1.5,Low
892,43,Female,Other,Bachelor's (ongoing),17,Public,Dhaka,1.0,,1.0,1.0,1.0,4.0,4.0,4.0,4.0,4.0,3.0,3.0,4.0,2.0,3.0,3.0,5.0,4.0,4.0,3.0,3.8,3.0,3.0,2.0,3.0,2.75,Medium
893,42,Male,Hospital Administrator,Bachelor's (completed),15,Private,Rural,2.0,3.0,3.0,5.0,3.25,5.0,5.0,4.0,5.0,4.75,4.0,5.0,4.0,4.0,4.25,2.0,4.0,3.0,3.0,3.0,3.0,2.0,3.0,2.0,2.0,2.25,Low
894,32,Male,Hospital Administrator,Bachelor's (completed),5,Public,Chattogram,2.0,3.0,3.0,2.0,2.5,4.0,3.0,3.0,2.0,3.0,4.0,4.0,4.0,3.0,3.75,3.0,3.0,4.0,3.0,3.0,3.2,3.0,3.0,3.0,2.0,2.75,Medium
895,38,Female,Other,Bachelor's (completed),11,NGO/Other,Rural,2.0,4.0,4.0,3.0,3.25,4.0,4.0,3.0,4.0,3.75,2.0,2.0,2.0,2.0,2.0,2.0,2.0,2.0,2.0,4.0,2.4,3.0,3.0,2.0,3.0,2.75,Medium
896,28,Female,Doctor,Postgraduate/Doctoral,7,Public,Semi-Urban,3.0,2.0,3.0,3.0,2.75,4.0,3.0,2.0,2.0,2.75,3.0,2.0,3.0,2.0,2.5,3.0,2.0,3.0,4.0,2.0,2.8,2.0,2.0,3.0,2.0,2.25,Low
897,30,Male,Other,Bachelor's (ongoing),2,Public,Rural,1.0,3.0,2.0,4.0,2.5,3.0,4.0,3.0,4.0,3.5,4.0,4.0,4.0,,4.0,4.0,3.0,3.0,4.0,4.0,3.6,2.0,2.0,1.0,3.0,2.0,Low
898,45,Male,Doctor,Postgraduate/Doctoral,18,Not Applicable,Rural,3.0,2.0,2.0,,2.3333333333333335,4.0,4.0,4.0,,4.0,1.0,1.0,1.0,1.0,1.0,3.0,4.0,5.0,4.0,,4.0,2.0,3.0,3.0,2.0,2.5,Low
899,23,Male,IT Staff,Postgraduate/Doctoral,0,Private,Not Applicable,2.0,4.0,3.0,,3.0,1.0,1.0,1.0,1.0,1.0,1.0,1.0,1.0,1.0,1.0,4.0,2.0,2.0,3.0,3.0,2.8,5.0,5.0,5.0,4.0,4.75,High
900,25,Male,Nurse,Bachelor's (completed),3,Private,Other Urban,3.0,4.0,3.0,4.0,3.5,2.0,2.0,3.0,3.0,2.5,3.0,2.0,3.0,3.0,2.75,3.0,2.0,3.0,2.0,2.0,2.4,4.0,4.0,5.0,5.0,4.5,High
901,28,Male,Nurse,Bachelor's (completed),6,Private,Dhaka,4.0,4.0,5.0,5.0,4.5,4.0,4.0,3.0,3.0,3.5,1.0,1.0,,1.0,1.0,3.0,4.0,3.0,3.0,2.0,3.0,4.0,4.0,3.0,4.0,3.75,Medium
902,23,Male,Other,Bachelor's (ongoing),0,Public,Chattogram,4.0,3.0,3.0,2.0,3.0,1.0,1.0,2.0,2.0,1.5,2.0,1.0,2.0,1.0,1.5,4.0,4.0,4.0,5.0,4.0,4.2,3.0,3.0,5.0,5.0,4.0,High
903,28,Male,Doctor,Bachelor's (completed),4,Private,Semi-Urban,4.0,3.0,2.0,4.0,3.25,4.0,,4.0,4.0,4.0,2.0,2.0,3.0,3.0,2.5,4.0,5.0,4.0,5.0,4.0,4.4,4.0,3.0,5.0,3.0,3.75,Medium
904,36,Male,Other,Bachelor's (completed),13,Public,Dhaka,4.0,,3.0,4.0,3.6666666666666665,3.0,4.0,3.0,3.0,3.25,4.0,3.0,3.0,2.0,3.0,3.0,3.0,3.0,5.0,4.0,3.6,2.0,3.0,3.0,3.0,2.75,Medium
905,33,Female,Nurse,Bachelor's (completed),3,Private,Rural,3.0,3.0,2.0,3.0,2.75,3.0,2.0,3.0,2.0,2.5,3.0,3.0,5.0,2.0,3.25,3.0,2.0,2.0,2.0,2.0,2.2,1.0,1.0,1.0,1.0,1.0,Low
906,45,Female,IT Staff,Bachelor's (completed),16,Public,Dhaka,4.0,4.0,4.0,3.0,3.75,4.0,4.0,4.0,5.0,4.25,5.0,4.0,5.0,5.0,4.75,3.0,5.0,4.0,4.0,3.0,3.8,3.0,4.0,3.0,3.0,3.25,Medium
907,42,Male,Other,Bachelor's (completed),13,Private,Rural,2.0,,2.0,2.0,2.0,4.0,3.0,3.0,3.0,3.25,3.0,4.0,3.0,3.0,3.25,3.0,4.0,4.0,4.0,5.0,4.0,3.0,3.0,3.0,2.0,2.75,Medium
908,31,Male,Doctor,Bachelor's (completed),10,Public,Chattogram,5.0,4.0,4.0,,4.333333333333333,3.0,,3.0,4.0,3.3333333333333335,4.0,3.0,,2.0,3.0,2.0,3.0,2.0,4.0,3.0,2.8,3.0,4.0,4.0,4.0,3.75,Medium
909,29,Male,Other,Bachelor's (completed),4,Public,Rural,5.0,5.0,4.0,5.0,4.75,5.0,5.0,3.0,3.0,4.0,1.0,2.0,2.0,1.0,1.5,4.0,5.0,5.0,5.0,4.0,4.6,4.0,5.0,4.0,5.0,4.5,High
910,32,Male,Hospital Administrator,Bachelor's (ongoing),2,Public,Rural,,2.0,2.0,2.0,2.0,4.0,4.0,3.0,4.0,3.75,4.0,3.0,3.0,3.0,3.25,2.0,1.0,1.0,1.0,1.0,1.2,1.0,3.0,1.0,2.0,1.75,Low
911,36,Female,IT Staff,Bachelor's (ongoing),10,Private,Chattogram,2.0,3.0,3.0,2.0,2.5,1.0,2.0,1.0,3.0,1.75,4.0,3.0,4.0,4.0,3.75,4.0,4.0,2.0,4.0,3.0,3.4,4.0,5.0,5.0,4.0,4.5,High
912,30,Female,Doctor,Postgraduate/Doctoral,6,Public,Semi-Urban,3.0,3.0,3.0,3.0,3.0,3.0,3.0,3.0,2.0,2.75,2.0,3.0,1.0,3.0,2.25,3.0,1.0,2.0,3.0,1.0,2.0,2.0,2.0,3.0,2.0,2.25,Low
913,37,Female,Hospital Administrator,Bachelor's (completed),18,Private,Dhaka,2.0,1.0,1.0,2.0,1.5,2.0,2.0,2.0,2.0,2.0,3.0,3.0,3.0,2.0,2.75,5.0,3.0,4.0,5.0,4.0,4.2,2.0,3.0,3.0,2.0,2.5,Low
914,32,Other/Prefer not to say,IT Staff,Postgraduate/Doctoral,5,Public,Semi-Urban,5.0,4.0,4.0,4.0,4.25,4.0,4.0,4.0,,4.0,2.0,3.0,3.0,2.0,2.5,3.0,4.0,3.0,4.0,4.0,3.6,3.0,3.0,2.0,3.0,2.75,Medium
915,35,Other/Prefer not to say,Nurse,Bachelor's (ongoing),14,Private,Semi-Urban,3.0,4.0,4.0,3.0,3.5,3.0,,4.0,4.0,3.6666666666666665,4.0,5.0,4.0,5.0,4.5,5.0,4.0,5.0,5.0,4.0,4.6,3.0,4.0,4.0,4.0,3.75,Medium
916,33,Female,Doctor,Postgraduate/Doctoral,8,Public,Dhaka,3.0,2.0,2.0,3.0,2.5,5.0,,4.0,4.0,4.333333333333333,3.0,3.0,3.0,3.0,3.0,4.0,4.0,5.0,4.0,3.0,4.0,3.0,3.0,4.0,3.0,3.25,Medium
917,30,Male,Nurse,Bachelor's (completed),11,NGO/Other,Dhaka,4.0,4.0,5.0,4.0,4.25,4.0,4.0,4.0,4.0,4.0,3.0,4.0,4.0,4.0,3.75,3.0,4.0,3.0,2.0,2.0,2.8,4.0,1.0,1.0,3.0,2.25,Low
918,48,Male,Healthcare Student,Bachelor's (completed),1,Public,Chattogram,2.0,2.0,2.0,1.0,1.75,3.0,4.0,4.0,4.0,3.75,3.0,3.0,3.0,3.0,3.0,3.0,3.0,3.0,3.0,3.0,3.0,2.0,4.0,3.0,3.0,3.0,Medium
919,40,Male,Doctor,Postgraduate/Doctoral,9,Public,Dhaka,,5.0,5.0,5.0,5.0,2.0,1.0,2.0,3.0,2.0,3.0,2.0,1.0,3.0,2.25,,3.0,4.0,3.0,4.0,3.5,4.0,4.0,5.0,4.0,4.25,High
920,27,Female,IT Staff,Bachelor's (completed),3,Public,Semi-Urban,3.0,4.0,2.0,,3.0,2.0,2.0,3.0,1.0,2.0,2.0,2.0,1.0,3.0,2.0,4.0,3.0,2.0,2.0,3.0,2.8,4.0,4.0,4.0,4.0,4.0,High
921,44,Male,Other,Bachelor's (ongoing),13,Public,Dhaka,3.0,3.0,2.0,2.0,2.5,2.0,1.0,2.0,2.0,1.75,4.0,4.0,5.0,4.0,4.25,3.0,4.0,5.0,5.0,5.0,4.4,2.0,2.0,2.0,2.0,2.0,Low
922,34,Female,Doctor,Bachelor's (completed),7,Private,Rural,2.0,1.0,2.0,2.0,1.75,2.0,2.0,4.0,3.0,2.75,3.0,1.0,3.0,3.0,2.5,4.0,4.0,5.0,5.0,4.0,4.4,2.0,3.0,3.0,3.0,2.75,Medium
923,45,Female,Doctor,Bachelor's (completed),21,Public,Not Applicable,2.0,3.0,2.0,2.0,2.25,5.0,5.0,5.0,5.0,5.0,3.0,4.0,2.0,4.0,3.25,,2.0,2.0,1.0,2.0,1.75,3.0,3.0,3.0,3.0,3.0,Medium
924,41,Male,IT Staff,Postgraduate/Doctoral,18,NGO/Other,Rural,5.0,4.0,4.0,5.0,4.5,4.0,5.0,4.0,4.0,4.25,1.0,1.0,1.0,1.0,1.0,4.0,2.0,3.0,4.0,3.0,3.2,4.0,4.0,4.0,4.0,4.0,High
925,33,Male,Doctor,Postgraduate/Doctoral,12,Private,Other Urban,4.0,4.0,4.0,4.0,4.0,3.0,4.0,3.0,4.0,3.5,2.0,2.0,2.0,3.0,2.25,4.0,3.0,4.0,3.0,3.0,3.4,2.0,3.0,3.0,4.0,3.0,Medium
926,23,Male,Hospital Administrator,Bachelor's (completed),2,Public,Dhaka,3.0,4.0,4.0,5.0,4.0,3.0,3.0,3.0,3.0,3.0,2.0,5.0,4.0,3.0,3.5,2.0,1.0,2.0,2.0,3.0,2.0,4.0,4.0,4.0,4.0,4.0,High
927,30,Male,IT Staff,Bachelor's (completed),10,Private,Semi-Urban,2.0,2.0,2.0,2.0,2.0,2.0,2.0,3.0,2.0,2.25,4.0,3.0,3.0,3.0,3.25,3.0,4.0,4.0,4.0,4.0,3.8,3.0,1.0,1.0,1.0,1.5,Low
928,35,Female,Hospital Administrator,Bachelor's (completed),14,Public,Semi-Urban,4.0,3.0,4.0,4.0,3.75,3.0,5.0,3.0,4.0,3.75,4.0,4.0,5.0,3.0,4.0,5.0,4.0,4.0,4.0,5.0,4.4,3.0,3.0,4.0,3.0,3.25,Medium
929,37,Female,Nurse,Bachelor's (completed),10,Public,Not Applicable,2.0,2.0,2.0,2.0,2.0,5.0,4.0,4.0,2.0,3.75,3.0,4.0,3.0,4.0,3.5,3.0,3.0,3.0,4.0,,3.25,4.0,4.0,5.0,4.0,4.25,High
930,29,Female,IT Staff,Bachelor's (completed),7,Public,Dhaka,3.0,3.0,4.0,3.0,3.25,3.0,3.0,4.0,4.0,3.5,3.0,3.0,4.0,2.0,3.0,4.0,4.0,5.0,5.0,5.0,4.6,4.0,5.0,4.0,5.0,4.5,High
931,26,Male,Hospital Administrator,Bachelor's (completed),2,Public,Dhaka,4.0,3.0,4.0,,3.6666666666666665,1.0,1.0,2.0,3.0,1.75,4.0,3.0,4.0,3.0,3.5,3.0,2.0,2.0,2.0,3.0,2.4,3.0,3.0,2.0,4.0,3.0,Medium
932,42,Male,Doctor,Postgraduate/Doctoral,22,Public,Not Applicable,4.0,3.0,3.0,3.0,3.25,3.0,3.0,3.0,2.0,2.75,2.0,4.0,3.0,3.0,3.0,3.0,4.0,3.0,3.0,3.0,3.2,3.0,3.0,5.0,2.0,3.25,Medium
933,52,Male,Hospital Administrator,Postgraduate/Doctoral,15,NGO/Other,Semi-Urban,2.0,4.0,2.0,2.0,2.5,1.0,3.0,2.0,2.0,2.0,2.0,3.0,3.0,3.0,2.75,2.0,2.0,3.0,2.0,3.0,2.4,4.0,3.0,3.0,4.0,3.5,Medium
934,35,Female,Healthcare Student,Bachelor's (ongoing),0,NGO/Other,Dhaka,3.0,4.0,3.0,3.0,3.25,4.0,4.0,3.0,5.0,4.0,2.0,3.0,3.0,3.0,2.75,3.0,3.0,3.0,2.0,3.0,2.8,3.0,3.0,3.0,3.0,3.0,Medium
935,27,Female,IT Staff,Bachelor's (completed),6,NGO/Other,Semi-Urban,5.0,5.0,4.0,5.0,4.75,2.0,2.0,3.0,3.0,2.5,3.0,1.0,2.0,3.0,2.25,2.0,3.0,3.0,4.0,,3.0,5.0,5.0,5.0,5.0,5.0,High
936,30,Male,Nurse,Bachelor's (ongoing),4,Public,Dhaka,4.0,4.0,5.0,3.0,4.0,1.0,2.0,2.0,3.0,2.0,3.0,3.0,2.0,3.0,2.75,4.0,4.0,3.0,4.0,4.0,3.8,5.0,5.0,5.0,4.0,4.75,High
937,23,Female,Nurse,Bachelor's (ongoing),3,NGO/Other,Other Urban,2.0,2.0,2.0,2.0,2.0,4.0,4.0,3.0,4.0,3.75,1.0,1.0,1.0,2.0,1.25,4.0,5.0,3.0,5.0,4.0,4.2,3.0,4.0,3.0,4.0,3.5,Medium
938,46,Male,Doctor,Postgraduate/Doctoral,13,Public,Dhaka,3.0,4.0,5.0,5.0,4.25,4.0,3.0,5.0,3.0,3.75,2.0,2.0,1.0,3.0,2.0,4.0,3.0,5.0,4.0,3.0,3.8,3.0,3.0,5.0,4.0,3.75,Medium
939,26,Female,Nurse,Bachelor's (completed),4,Public,Chattogram,5.0,5.0,5.0,5.0,5.0,2.0,4.0,2.0,4.0,3.0,2.0,2.0,2.0,4.0,2.5,3.0,3.0,2.0,3.0,3.0,2.8,3.0,3.0,3.0,4.0,3.25,Medium
940,36,Male,Doctor,Bachelor's (completed),10,Private,Dhaka,3.0,2.0,2.0,3.0,2.5,5.0,5.0,5.0,5.0,5.0,3.0,3.0,4.0,3.0,3.25,2.0,4.0,2.0,2.0,3.0,2.6,2.0,2.0,2.0,4.0,2.5,Low
941,30,Male,Other,Bachelor's (completed),8,Public,Dhaka,2.0,3.0,2.0,1.0,2.0,4.0,2.0,3.0,4.0,3.25,3.0,2.0,3.0,2.0,2.5,4.0,4.0,4.0,5.0,3.0,4.0,4.0,5.0,2.0,4.0,3.75,Medium
942,35,Female,Nurse,Bachelor's (ongoing),8,Public,Chattogram,2.0,2.0,2.0,1.0,1.75,1.0,2.0,2.0,1.0,1.5,5.0,5.0,5.0,5.0,5.0,5.0,4.0,5.0,4.0,4.0,4.4,1.0,2.0,3.0,2.0,2.0,Low
943,37,Male,Healthcare Student,Bachelor's (ongoing),1,Not Applicable,Dhaka,2.0,3.0,2.0,2.0,2.25,5.0,4.0,3.0,3.0,3.75,2.0,1.0,2.0,2.0,1.75,3.0,3.0,3.0,,3.0,3.0,2.0,3.0,2.0,2.0,2.25,Low
944,42,Male,Doctor,Postgraduate/Doctoral,18,Private,Chattogram,5.0,5.0,5.0,5.0,5.0,3.0,4.0,3.0,3.0,3.25,3.0,,3.0,2.0,2.6666666666666665,3.0,,3.0,2.0,2.0,2.5,5.0,5.0,5.0,5.0,5.0,High
945,28,Male,Nurse,Bachelor's (completed),3,Private,Other Urban,4.0,4.0,4.0,4.0,4.0,3.0,4.0,4.0,5.0,4.0,4.0,4.0,,4.0,4.0,5.0,5.0,5.0,5.0,5.0,5.0,5.0,3.0,3.0,3.0,3.5,Medium
946,22,Male,Nurse,Bachelor's (completed),1,Public,Semi-Urban,4.0,2.0,4.0,3.0,3.25,3.0,3.0,3.0,4.0,3.25,4.0,3.0,4.0,4.0,3.75,4.0,4.0,3.0,4.0,,3.75,1.0,1.0,2.0,1.0,1.25,Low
947,26,Female,Nurse,Bachelor's (completed),1,Public,Other Urban,3.0,3.0,3.0,3.0,3.0,4.0,3.0,4.0,3.0,3.5,3.0,3.0,3.0,3.0,3.0,4.0,4.0,3.0,3.0,4.0,3.6,3.0,3.0,3.0,3.0,3.0,Medium
948,45,Female,Healthcare Student,Bachelor's (completed),1,Not Applicable,Dhaka,3.0,2.0,2.0,,2.3333333333333335,,2.0,1.0,2.0,1.6666666666666667,3.0,5.0,4.0,5.0,4.25,3.0,4.0,3.0,1.0,2.0,2.6,2.0,3.0,3.0,2.0,2.5,Low
949,44,Female,Other,Bachelor's (completed),11,Public,Dhaka,3.0,3.0,4.0,4.0,3.5,3.0,3.0,3.0,5.0,3.5,4.0,3.0,3.0,2.0,3.0,2.0,4.0,4.0,3.0,4.0,3.4,3.0,3.0,3.0,3.0,3.0,Medium
950,36,Male,Healthcare Student,Bachelor's (completed),1,Public,Semi-Urban,2.0,4.0,3.0,2.0,2.75,4.0,3.0,3.0,3.0,3.25,4.0,4.0,4.0,5.0,4.25,4.0,3.0,3.0,3.0,4.0,3.4,4.0,3.0,3.0,4.0,3.5,Medium
951,36,Male,Doctor,Bachelor's (completed),8,Public,Rural,5.0,4.0,5.0,5.0,4.75,2.0,2.0,2.0,3.0,2.25,4.0,4.0,5.0,4.0,4.25,2.0,3.0,3.0,5.0,3.0,3.2,4.0,4.0,5.0,3.0,4.0,High
952,38,Male,Healthcare Student,Bachelor's (completed),0,Not Applicable,Not Applicable,3.0,,4.0,4.0,3.6666666666666665,5.0,3.0,3.0,3.0,3.5,2.0,3.0,3.0,3.0,2.75,3.0,4.0,2.0,3.0,3.0,3.0,2.0,3.0,3.0,1.0,2.25,Low
953,27,Male,Doctor,Bachelor's (completed),4,Private,Rural,3.0,5.0,4.0,5.0,4.25,4.0,4.0,3.0,4.0,3.75,4.0,2.0,,3.0,3.0,3.0,3.0,2.0,,3.0,2.75,3.0,3.0,2.0,3.0,2.75,Medium
954,46,Male,Other,Postgraduate/Doctoral,12,Private,Other Urban,3.0,3.0,2.0,3.0,2.75,3.0,4.0,2.0,3.0,3.0,3.0,2.0,3.0,2.0,2.5,3.0,3.0,3.0,4.0,3.0,3.2,4.0,4.0,4.0,4.0,4.0,High
955,33,Female,Hospital Administrator,Bachelor's (ongoing),9,Not Applicable,Not Applicable,2.0,2.0,2.0,2.0,2.0,2.0,2.0,2.0,1.0,1.75,5.0,5.0,5.0,3.0,4.5,3.0,4.0,5.0,5.0,,4.25,1.0,3.0,2.0,2.0,2.0,Low
956,32,Female,Nurse,Bachelor's (ongoing),9,Public,Chattogram,2.0,1.0,1.0,2.0,1.5,2.0,2.0,2.0,2.0,2.0,3.0,3.0,4.0,5.0,3.75,4.0,3.0,4.0,4.0,3.0,3.6,3.0,4.0,3.0,2.0,3.0,Medium
957,35,Female,Doctor,Postgraduate/Doctoral,12,NGO/Other,Semi-Urban,2.0,2.0,2.0,2.0,2.0,3.0,3.0,3.0,2.0,2.75,,3.0,4.0,3.0,3.3333333333333335,3.0,2.0,2.0,2.0,2.0,2.2,3.0,4.0,4.0,3.0,3.5,Medium
958,24,Male,Doctor,Bachelor's (completed),3,Public,Rural,4.0,4.0,5.0,4.0,4.25,3.0,4.0,2.0,,3.0,3.0,1.0,,3.0,2.3333333333333335,2.0,,3.0,2.0,1.0,2.0,2.0,3.0,2.0,2.0,2.25,Low
959,27,Male,Nurse,Bachelor's (ongoing),5,Public,Semi-Urban,3.0,3.0,3.0,3.0,3.0,3.0,3.0,3.0,3.0,3.0,2.0,2.0,2.0,2.0,2.0,3.0,3.0,3.0,3.0,3.0,3.0,3.0,3.0,3.0,2.0,2.75,Medium
960,40,Male,Other,Bachelor's (completed),19,Public,Chattogram,4.0,3.0,4.0,4.0,3.75,2.0,3.0,3.0,4.0,3.0,,5.0,5.0,5.0,5.0,,3.0,3.0,2.0,3.0,2.75,2.0,1.0,2.0,1.0,1.5,Low
961,25,Male,Healthcare Student,Bachelor's (ongoing),0,Not Applicable,Chattogram,2.0,2.0,1.0,3.0,2.0,3.0,2.0,2.0,2.0,2.25,3.0,4.0,3.0,2.0,3.0,3.0,3.0,3.0,2.0,2.0,2.6,4.0,3.0,3.0,2.0,3.0,Medium
962,36,Male,Other,Bachelor's (ongoing),8,NGO/Other,Dhaka,3.0,3.0,3.0,3.0,3.0,4.0,3.0,3.0,3.0,3.25,4.0,2.0,3.0,2.0,2.75,2.0,3.0,3.0,2.0,2.0,2.4,1.0,3.0,1.0,4.0,2.25,Low
963,29,Male,Doctor,Postgraduate/Doctoral,5,Private,Dhaka,2.0,3.0,3.0,3.0,2.75,3.0,5.0,4.0,4.0,4.0,4.0,4.0,3.0,3.0,3.5,3.0,3.0,3.0,3.0,3.0,3.0,3.0,2.0,2.0,3.0,2.5,Low
964,32,Male,Hospital Administrator,Bachelor's (completed),6,Public,Semi-Urban,3.0,3.0,4.0,4.0,3.5,3.0,3.0,3.0,3.0,3.0,4.0,4.0,5.0,5.0,4.5,5.0,3.0,3.0,2.0,3.0,3.2,1.0,1.0,2.0,3.0,1.75,Low
965,30,Female,Nurse,Bachelor's (ongoing),9,Public,Semi-Urban,4.0,3.0,3.0,1.0,2.75,5.0,4.0,5.0,,4.666666666666667,4.0,3.0,4.0,4.0,3.75,2.0,3.0,4.0,2.0,4.0,3.0,1.0,2.0,2.0,3.0,2.0,Low
966,31,Male,Hospital Administrator,Secondary/HSC,17,Public,Dhaka,2.0,3.0,3.0,4.0,3.0,5.0,4.0,3.0,5.0,4.25,,,4.0,4.0,4.0,5.0,5.0,5.0,5.0,5.0,5.0,3.0,3.0,3.0,4.0,3.25,Medium
967,39,Female,Nurse,Bachelor's (ongoing),17,Public,Semi-Urban,1.0,3.0,1.0,1.0,1.5,4.0,5.0,4.0,5.0,4.5,3.0,4.0,4.0,4.0,3.75,2.0,3.0,3.0,3.0,3.0,2.8,3.0,1.0,2.0,2.0,2.0,Low
968,30,Male,Nurse,Bachelor's (ongoing),9,Public,Dhaka,3.0,3.0,3.0,4.0,3.25,5.0,4.0,5.0,4.0,4.5,2.0,3.0,1.0,2.0,2.0,2.0,3.0,1.0,2.0,2.0,2.0,4.0,3.0,4.0,4.0,3.75,Medium
969,36,Female,Hospital Administrator,Bachelor's (ongoing),13,Private,Other Urban,3.0,4.0,4.0,4.0,3.75,5.0,4.0,5.0,4.0,4.5,3.0,3.0,2.0,2.0,2.5,2.0,1.0,2.0,2.0,2.0,1.8,1.0,1.0,1.0,2.0,1.25,Low
970,34,Male,Doctor,Postgraduate/Doctoral,9,Private,Dhaka,4.0,4.0,4.0,4.0,4.0,2.0,2.0,3.0,2.0,2.25,3.0,4.0,4.0,4.0,3.75,4.0,4.0,5.0,4.0,4.0,4.2,4.0,4.0,2.0,4.0,3.5,Medium
971,38,Male,Nurse,Bachelor's (completed),12,NGO/Other,Other Urban,4.0,4.0,4.0,4.0,4.0,3.0,4.0,4.0,3.0,3.5,3.0,3.0,3.0,2.0,2.75,3.0,4.0,3.0,3.0,3.0,3.2,2.0,3.0,2.0,3.0,2.5,Low
972,47,Male,IT Staff,Bachelor's (ongoing),26,Private,Semi-Urban,3.0,2.0,3.0,2.0,2.5,2.0,5.0,3.0,4.0,3.5,2.0,2.0,2.0,3.0,2.25,4.0,5.0,5.0,5.0,4.0,4.6,4.0,4.0,2.0,2.0,3.0,Medium
973,39,Male,Doctor,Bachelor's (completed),8,Public,Semi-Urban,4.0,4.0,4.0,,4.0,4.0,5.0,4.0,5.0,4.5,2.0,3.0,3.0,2.0,2.5,3.0,2.0,4.0,4.0,,3.25,2.0,4.0,3.0,2.0,2.75,Medium
974,28,Female,Other,Bachelor's (completed),3,Private,Semi-Urban,3.0,3.0,3.0,4.0,3.25,2.0,1.0,2.0,2.0,1.75,4.0,3.0,4.0,3.0,3.5,3.0,1.0,1.0,2.0,1.0,1.6,1.0,3.0,2.0,1.0,1.75,Low
975,23,Male,Hospital Administrator,Bachelor's (completed),0,Public,Chattogram,4.0,3.0,4.0,5.0,4.0,3.0,3.0,4.0,3.0,3.25,2.0,1.0,1.0,2.0,1.5,2.0,3.0,1.0,3.0,2.0,2.2,5.0,3.0,4.0,3.0,3.75,Medium
976,29,Female,Healthcare Student,Bachelor's (ongoing),1,NGO/Other,Semi-Urban,2.0,3.0,2.0,,2.3333333333333335,3.0,,3.0,2.0,2.6666666666666665,4.0,3.0,4.0,3.0,3.5,3.0,2.0,2.0,3.0,3.0,2.6,3.0,3.0,2.0,3.0,2.75,Medium
977,36,Male,IT Staff,Bachelor's (completed),7,Private,Dhaka,3.0,3.0,3.0,3.0,3.0,5.0,5.0,4.0,5.0,4.75,5.0,4.0,5.0,4.0,4.5,4.0,4.0,5.0,,5.0,4.5,4.0,3.0,5.0,4.0,4.0,High
978,24,Male,IT Staff,Bachelor's (completed),2,Public,Chattogram,3.0,3.0,2.0,3.0,2.75,1.0,1.0,2.0,1.0,1.25,3.0,3.0,5.0,3.0,3.5,2.0,,3.0,2.0,3.0,2.5,4.0,4.0,4.0,4.0,4.0,High
979,34,Male,IT Staff,Postgraduate/Doctoral,5,Public,Other Urban,5.0,4.0,5.0,5.0,4.75,2.0,2.0,2.0,2.0,2.0,2.0,2.0,2.0,2.0,2.0,3.0,3.0,4.0,4.0,3.0,3.4,4.0,5.0,5.0,5.0,4.75,High
980,36,Male,Healthcare Student,Bachelor's (completed),1,Not Applicable,Semi-Urban,2.0,3.0,1.0,2.0,2.0,1.0,1.0,1.0,1.0,1.0,4.0,4.0,4.0,3.0,3.75,2.0,3.0,1.0,1.0,1.0,1.6,2.0,3.0,3.0,2.0,2.5,Low
981,31,Other/Prefer not to say,Hospital Administrator,Postgraduate/Doctoral,6,Private,Rural,5.0,5.0,5.0,5.0,5.0,2.0,,3.0,3.0,2.6666666666666665,4.0,3.0,4.0,3.0,3.5,4.0,3.0,3.0,4.0,3.0,3.4,4.0,4.0,3.0,3.0,3.5,Medium
982,40,Female,Nurse,Bachelor's (ongoing),14,Private,Dhaka,3.0,4.0,3.0,2.0,3.0,4.0,5.0,5.0,5.0,4.75,3.0,4.0,5.0,3.0,3.75,3.0,3.0,4.0,3.0,4.0,3.4,3.0,2.0,2.0,1.0,2.0,Low
983,26,Female,Doctor,Bachelor's (completed),3,Private,Rural,5.0,5.0,4.0,,4.666666666666667,3.0,2.0,4.0,3.0,3.0,3.0,3.0,4.0,3.0,3.25,,4.0,4.0,4.0,4.0,4.0,2.0,3.0,2.0,3.0,2.5,Low
984,25,Male,Hospital Administrator,Bachelor's (ongoing),1,Private,Dhaka,2.0,3.0,4.0,3.0,3.0,3.0,3.0,2.0,2.0,2.5,5.0,4.0,4.0,5.0,4.5,4.0,3.0,4.0,,3.0,3.5,2.0,3.0,4.0,3.0,3.0,Medium
985,39,Male,Doctor,Bachelor's (completed),10,Public,Other Urban,2.0,2.0,2.0,3.0,2.25,3.0,4.0,3.0,4.0,3.5,2.0,2.0,3.0,2.0,2.25,3.0,2.0,2.0,2.0,3.0,2.4,2.0,3.0,3.0,3.0,2.75,Medium
986,34,Female,Nurse,Bachelor's (ongoing),11,Private,Semi-Urban,3.0,3.0,3.0,3.0,3.0,2.0,2.0,3.0,4.0,2.75,3.0,5.0,5.0,4.0,4.25,5.0,4.0,5.0,4.0,5.0,4.6,3.0,3.0,4.0,3.0,3.25,Medium
987,38,Male,Doctor,Postgraduate/Doctoral,17,NGO/Other,Semi-Urban,4.0,3.0,3.0,3.0,3.25,3.0,4.0,3.0,3.0,3.25,3.0,2.0,2.0,3.0,2.5,2.0,3.0,,3.0,3.0,2.75,2.0,1.0,2.0,1.0,1.5,Low
988,33,Male,Hospital Administrator,Bachelor's (ongoing),6,Public,Rural,1.0,1.0,2.0,1.0,1.25,4.0,4.0,4.0,3.0,3.75,3.0,4.0,4.0,4.0,3.75,4.0,3.0,4.0,4.0,4.0,3.8,2.0,2.0,2.0,2.0,2.0,Low
989,29,Male,Doctor,Postgraduate/Doctoral,2,Public,Semi-Urban,,5.0,5.0,5.0,5.0,2.0,2.0,2.0,1.0,1.75,2.0,2.0,2.0,2.0,2.0,2.0,3.0,3.0,2.0,2.0,2.4,5.0,5.0,5.0,5.0,5.0,High
990,42,Female,Hospital Administrator,Bachelor's (ongoing),8,Private,Dhaka,2.0,2.0,1.0,1.0,1.5,4.0,3.0,2.0,,3.0,4.0,3.0,3.0,4.0,3.5,4.0,4.0,5.0,4.0,4.0,4.2,4.0,2.0,2.0,3.0,2.75,Medium
991,41,Female,Healthcare Student,Secondary/HSC,0,NGO/Other,Not Applicable,2.0,1.0,1.0,1.0,1.25,3.0,4.0,5.0,5.0,4.25,4.0,4.0,4.0,3.0,3.75,2.0,1.0,2.0,2.0,3.0,2.0,1.0,1.0,1.0,1.0,1.0,Low
992,38,Female,Healthcare Student,Bachelor's (completed),0,Private,Rural,2.0,2.0,2.0,2.0,2.0,4.0,4.0,4.0,4.0,4.0,4.0,4.0,4.0,4.0,4.0,3.0,4.0,4.0,3.0,4.0,3.6,2.0,1.0,1.0,1.0,1.25,Low
993,30,Female,Nurse,Bachelor's (completed),9,Private,Chattogram,4.0,4.0,5.0,,4.333333333333333,4.0,3.0,4.0,5.0,4.0,3.0,2.0,3.0,2.0,2.5,5.0,4.0,5.0,5.0,,4.75,3.0,5.0,3.0,4.0,3.75,Medium
994,36,Male,Hospital Administrator,Bachelor's (completed),10,Private,Dhaka,2.0,2.0,2.0,2.0,2.0,3.0,3.0,3.0,4.0,3.25,2.0,3.0,3.0,3.0,2.75,3.0,4.0,5.0,3.0,4.0,3.8,3.0,4.0,3.0,4.0,3.5,Medium
995,31,Female,Hospital Administrator,Bachelor's (completed),7,Private,Dhaka,5.0,4.0,5.0,4.0,4.5,4.0,3.0,4.0,3.0,3.5,3.0,,2.0,3.0,2.6666666666666665,2.0,4.0,3.0,4.0,3.0,3.2,3.0,4.0,4.0,4.0,3.75,Medium
996,25,Male,Nurse,Bachelor's (ongoing),0,Public,Semi-Urban,2.0,3.0,2.0,2.0,2.25,3.0,3.0,5.0,3.0,3.5,2.0,1.0,3.0,3.0,2.25,4.0,3.0,3.0,3.0,4.0,3.4,3.0,3.0,3.0,2.0,2.75,Medium
997,46,Female,IT Staff,Bachelor's (ongoing),17,Public,Rural,1.0,2.0,2.0,2.0,1.75,3.0,3.0,2.0,4.0,3.0,3.0,4.0,4.0,,3.6666666666666665,2.0,2.0,2.0,1.0,2.0,1.8,3.0,3.0,3.0,4.0,3.25,Medium
998,26,Male,Doctor,Postgraduate/Doctoral,2,Public,Semi-Urban,2.0,3.0,3.0,2.0,2.5,2.0,3.0,2.0,2.0,2.25,2.0,2.0,1.0,2.0,1.75,3.0,3.0,1.0,2.0,2.0,2.2,4.0,4.0,3.0,4.0,3.75,Medium
999,48,Other/Prefer not to say,Other,Bachelor's (ongoing),24,NGO/Other,Chattogram,4.0,3.0,4.0,4.0,3.75,3.0,3.0,4.0,3.0,3.25,5.0,4.0,4.0,5.0,4.5,3.0,3.0,4.0,4.0,4.0,3.6,4.0,3.0,3.0,4.0,3.5,Medium
1000,33,Male,Doctor,Postgraduate/Doctoral,14,Private,Dhaka,5.0,5.0,4.0,4.0,4.5,1.0,1.0,2.0,2.0,1.5,3.0,3.0,2.0,2.0,2.5,3.0,5.0,4.0,4.0,5.0,4.2,4.0,5.0,4.0,5.0,4.5,High
1001,28,Male,Healthcare Student,Bachelor's (ongoing),0,Private,Chattogram,1.0,2.0,2.0,2.0,1.75,3.0,3.0,3.0,3.0,3.0,3.0,4.0,3.0,4.0,3.5,4.0,3.0,4.0,4.0,4.0,3.8,1.0,1.0,2.0,3.0,1.75,Low
1002,35,Male,Hospital Administrator,Bachelor's (completed),13,NGO/Other,Dhaka,3.0,3.0,3.0,2.0,2.75,4.0,5.0,3.0,5.0,4.25,2.0,1.0,3.0,2.0,2.0,4.0,3.0,,5.0,4.0,4.0,1.0,2.0,2.0,2.0,1.75,Low
1003,44,Male,Nurse,Bachelor's (completed),12,Public,Dhaka,3.0,4.0,3.0,3.0,3.25,3.0,2.0,2.0,3.0,2.5,2.0,3.0,3.0,3.0,2.75,3.0,5.0,5.0,4.0,5.0,4.4,4.0,4.0,3.0,5.0,4.0,High
1004,39,Male,Healthcare Student,Bachelor's (ongoing),0,Private,Dhaka,4.0,3.0,2.0,3.0,3.0,3.0,3.0,4.0,3.0,3.25,4.0,4.0,,4.0,4.0,3.0,4.0,4.0,4.0,3.0,3.6,2.0,2.0,1.0,2.0,1.75,Low
1005,41,Female,Doctor,Bachelor's (ongoing),19,Public,Dhaka,4.0,4.0,2.0,3.0,3.25,2.0,3.0,2.0,3.0,2.5,4.0,4.0,3.0,4.0,3.75,3.0,3.0,3.0,3.0,3.0,3.0,1.0,2.0,1.0,1.0,1.25,Low
1006,38,Male,Healthcare Student,Bachelor's (ongoing),1,Not Applicable,Dhaka,3.0,1.0,2.0,2.0,2.0,2.0,2.0,2.0,2.0,2.0,4.0,3.0,3.0,3.0,3.25,3.0,3.0,3.0,3.0,3.0,3.0,3.0,4.0,4.0,3.0,3.5,Medium
1007,38,Female,Hospital Administrator,Bachelor's (completed),15,Private,Semi-Urban,2.0,2.0,1.0,2.0,1.75,5.0,5.0,4.0,5.0,4.75,4.0,4.0,3.0,4.0,3.75,4.0,4.0,4.0,3.0,4.0,3.8,3.0,2.0,3.0,2.0,2.5,Low
1008,43,Male,Doctor,Postgraduate/Doctoral,16,Private,Chattogram,4.0,3.0,3.0,3.0,3.25,2.0,2.0,3.0,3.0,2.5,3.0,3.0,3.0,3.0,3.0,4.0,2.0,4.0,3.0,4.0,3.4,4.0,4.0,3.0,4.0,3.75,Medium
1009,29,Female,Doctor,Postgraduate/Doctoral,4,Public,Chattogram,4.0,4.0,5.0,5.0,4.5,1.0,1.0,1.0,2.0,1.25,2.0,1.0,1.0,1.0,1.25,3.0,4.0,2.0,3.0,2.0,2.8,5.0,5.0,5.0,5.0,5.0,High
1010,34,Male,Healthcare Student,Bachelor's (ongoing),0,Private,Other Urban,2.0,2.0,2.0,1.0,1.75,3.0,3.0,4.0,4.0,3.5,4.0,4.0,,4.0,4.0,3.0,3.0,4.0,3.0,4.0,3.4,3.0,3.0,3.0,2.0,2.75,Medium
1011,28,Female,Nurse,Bachelor's (ongoing),4,Public,Not Applicable,3.0,4.0,3.0,4.0,3.5,3.0,3.0,3.0,2.0,2.75,1.0,3.0,3.0,3.0,2.5,3.0,3.0,3.0,3.0,4.0,3.2,3.0,3.0,2.0,2.0,2.5,Low
1012,53,Female,Healthcare Student,Bachelor's (ongoing),1,Not Applicable,Rural,1.0,2.0,1.0,2.0,1.5,4.0,4.0,4.0,5.0,4.25,5.0,5.0,5.0,5.0,5.0,3.0,3.0,2.0,3.0,2.0,2.6,1.0,1.0,1.0,1.0,1.0,Low
1013,48,Male,Healthcare Student,Bachelor's (ongoing),0,Public,Other Urban,2.0,2.0,3.0,2.0,2.25,5.0,5.0,5.0,5.0,5.0,1.0,3.0,3.0,2.0,2.25,3.0,4.0,4.0,5.0,4.0,4.0,1.0,2.0,2.0,4.0,2.25,Low
1014,24,Female,IT Staff,Bachelor's (completed),0,Private,Semi-Urban,5.0,5.0,5.0,5.0,5.0,,2.0,1.0,1.0,1.3333333333333333,2.0,3.0,3.0,1.0,2.25,3.0,,5.0,5.0,4.0,4.25,4.0,5.0,5.0,5.0,4.75,High
1015,39,Male,Nurse,Bachelor's (ongoing),12,Private,Semi-Urban,1.0,3.0,1.0,1.0,1.5,2.0,2.0,2.0,3.0,2.25,3.0,3.0,,4.0,3.3333333333333335,2.0,3.0,3.0,4.0,2.0,2.8,1.0,1.0,1.0,1.0,1.0,Low
1016,46,Male,IT Staff,Bachelor's (completed),17,Public,Semi-Urban,3.0,2.0,3.0,2.0,2.5,4.0,5.0,4.0,5.0,4.5,,1.0,1.0,2.0,1.3333333333333333,4.0,4.0,4.0,4.0,4.0,4.0,4.0,4.0,3.0,4.0,3.75,Medium
1017,28,Female,Other,Bachelor's (ongoing),5,Public,Chattogram,3.0,3.0,4.0,4.0,3.5,4.0,4.0,3.0,5.0,4.0,3.0,4.0,3.0,2.0,3.0,3.0,4.0,5.0,3.0,2.0,3.4,3.0,3.0,3.0,3.0,3.0,Medium
1018,36,Female,Doctor,Postgraduate/Doctoral,11,Public,Other Urban,4.0,5.0,5.0,5.0,4.75,4.0,3.0,3.0,4.0,3.5,1.0,1.0,2.0,1.0,1.25,3.0,3.0,4.0,3.0,4.0,3.4,4.0,5.0,4.0,3.0,4.0,High
1019,46,Male,Nurse,Bachelor's (completed),25,Private,Chattogram,5.0,5.0,4.0,5.0,4.75,3.0,3.0,3.0,2.0,2.75,3.0,3.0,4.0,,3.3333333333333335,3.0,2.0,1.0,1.0,3.0,2.0,2.0,2.0,2.0,3.0,2.25,Low
1020,23,Male,Nurse,Bachelor's (completed),1,Not Applicable,Chattogram,4.0,4.0,4.0,3.0,3.75,4.0,3.0,,4.0,3.6666666666666665,3.0,4.0,4.0,4.0,3.75,2.0,2.0,1.0,2.0,2.0,1.8,5.0,5.0,5.0,5.0,5.0,High
1021,39,Female,Nurse,Postgraduate/Doctoral,13,Public,Dhaka,4.0,4.0,5.0,5.0,4.5,4.0,3.0,4.0,4.0,3.75,3.0,3.0,2.0,,2.6666666666666665,3.0,2.0,3.0,2.0,3.0,2.6,4.0,4.0,3.0,3.0,3.5,Medium
1022,30,Female,Healthcare Student,Bachelor's (completed),0,Not Applicable,Chattogram,4.0,4.0,5.0,4.0,4.25,3.0,3.0,4.0,4.0,3.5,2.0,3.0,2.0,2.0,2.25,3.0,3.0,3.0,2.0,3.0,2.8,5.0,3.0,4.0,3.0,3.75,Medium
1023,46,Other/Prefer not to say,Nurse,Postgraduate/Doctoral,13,Public,Chattogram,5.0,3.0,4.0,4.0,4.0,3.0,4.0,3.0,3.0,3.25,4.0,5.0,4.0,3.0,4.0,4.0,4.0,4.0,4.0,3.0,3.8,3.0,3.0,2.0,3.0,2.75,Medium
1024,50,Male,Hospital Administrator,Bachelor's (completed),18,Public,Other Urban,3.0,4.0,4.0,4.0,3.75,4.0,3.0,3.0,,3.3333333333333335,3.0,3.0,,3.0,3.0,4.0,3.0,3.0,4.0,3.0,3.4,3.0,2.0,1.0,1.0,1.75,Low
1025,48,Female,Nurse,Bachelor's (completed),19,NGO/Other,Chattogram,3.0,3.0,3.0,5.0,3.5,4.0,5.0,5.0,5.0,4.75,4.0,3.0,3.0,4.0,3.5,3.0,3.0,4.0,5.0,4.0,3.8,3.0,4.0,4.0,3.0,3.5,Medium
1026,34,Male,Doctor,Postgraduate/Doctoral,10,NGO/Other,Dhaka,5.0,4.0,5.0,5.0,4.75,2.0,2.0,3.0,2.0,2.25,3.0,3.0,4.0,,3.3333333333333335,3.0,3.0,3.0,3.0,4.0,3.2,4.0,2.0,3.0,2.0,2.75,Medium
1027,43,Female,Nurse,Bachelor's (completed),12,Public,Dhaka,3.0,5.0,3.0,4.0,3.75,2.0,3.0,2.0,3.0,2.5,2.0,3.0,1.0,1.0,1.75,5.0,4.0,3.0,4.0,4.0,4.0,5.0,5.0,5.0,5.0,5.0,High
1028,43,Male,Healthcare Student,Bachelor's (ongoing),1,NGO/Other,Dhaka,1.0,2.0,1.0,1.0,1.25,2.0,4.0,2.0,2.0,2.5,5.0,3.0,4.0,4.0,4.0,4.0,5.0,5.0,5.0,5.0,4.8,3.0,4.0,4.0,5.0,4.0,High
1029,31,Female,Hospital Administrator,Bachelor's (completed),6,NGO/Other,Semi-Urban,3.0,,2.0,3.0,2.6666666666666665,3.0,2.0,3.0,3.0,2.75,2.0,5.0,4.0,3.0,3.5,3.0,,3.0,3.0,3.0,3.0,3.0,2.0,2.0,2.0,2.25,Low
1030,42,Male,Nurse,Secondary/HSC,12,Private,Dhaka,,2.0,1.0,1.0,1.3333333333333333,3.0,4.0,4.0,3.0,3.5,3.0,4.0,4.0,2.0,3.25,2.0,3.0,3.0,4.0,3.0,3.0,1.0,2.0,1.0,2.0,1.5,Low
1031,23,Female,Healthcare Student,Secondary/HSC,1,NGO/Other,Dhaka,1.0,3.0,1.0,1.0,1.5,4.0,4.0,3.0,3.0,3.5,3.0,4.0,5.0,5.0,4.25,3.0,2.0,3.0,2.0,3.0,2.6,1.0,1.0,1.0,1.0,1.0,Low
1032,36,Female,Doctor,Postgraduate/Doctoral,10,Public,Dhaka,4.0,4.0,2.0,3.0,3.25,3.0,4.0,3.0,3.0,3.25,1.0,3.0,2.0,3.0,2.25,3.0,3.0,4.0,4.0,3.0,3.4,3.0,1.0,1.0,1.0,1.5,Low
1033,29,Male,Nurse,Secondary/HSC,6,Public,Chattogram,1.0,3.0,2.0,2.0,2.0,4.0,3.0,3.0,3.0,3.25,3.0,,5.0,3.0,3.6666666666666665,,2.0,2.0,3.0,2.0,2.25,2.0,1.0,2.0,2.0,1.75,Low
1034,26,Female,Nurse,Bachelor's (completed),5,Private,Dhaka,4.0,2.0,4.0,4.0,3.5,4.0,2.0,2.0,3.0,2.75,,3.0,2.0,2.0,2.3333333333333335,3.0,2.0,1.0,2.0,2.0,2.0,4.0,3.0,5.0,4.0,4.0,High
1035,25,Male,Other,Bachelor's (completed),2,Private,Chattogram,4.0,4.0,4.0,5.0,4.25,3.0,3.0,4.0,4.0,3.5,2.0,2.0,2.0,2.0,2.0,3.0,,1.0,2.0,3.0,2.25,3.0,3.0,3.0,3.0,3.0,Medium
1036,38,Female,IT Staff,Bachelor's (completed),15,Public,Other Urban,4.0,3.0,4.0,,3.6666666666666665,2.0,2.0,3.0,2.0,2.25,2.0,2.0,2.0,2.0,2.0,3.0,4.0,4.0,5.0,4.0,4.0,3.0,4.0,4.0,5.0,4.0,High
1037,31,Male,Hospital Administrator,Postgraduate/Doctoral,7,Public,Rural,,5.0,5.0,3.0,4.333333333333333,5.0,4.0,,4.0,4.333333333333333,3.0,3.0,1.0,3.0,2.5,4.0,2.0,4.0,5.0,4.0,3.8,2.0,3.0,3.0,2.0,2.5,Low
1038,39,Male,Doctor,Bachelor's (completed),13,Public,Other Urban,3.0,2.0,3.0,3.0,2.75,2.0,3.0,2.0,3.0,2.5,4.0,5.0,4.0,4.0,4.25,5.0,5.0,4.0,5.0,4.0,4.6,2.0,2.0,2.0,3.0,2.25,Low
1039,24,Male,Doctor,Postgraduate/Doctoral,3,Private,Dhaka,3.0,4.0,3.0,4.0,3.5,2.0,1.0,3.0,2.0,2.0,2.0,1.0,1.0,2.0,1.5,,4.0,5.0,5.0,4.0,4.5,5.0,5.0,5.0,5.0,5.0,High
1040,31,Male,IT Staff,Bachelor's (completed),4,Public,Chattogram,5.0,4.0,5.0,5.0,4.75,3.0,3.0,4.0,2.0,3.0,2.0,1.0,,2.0,1.6666666666666667,1.0,3.0,3.0,3.0,3.0,2.6,5.0,4.0,4.0,4.0,4.25,High
1041,35,Male,Nurse,Bachelor's (ongoing),11,Public,Semi-Urban,2.0,2.0,3.0,3.0,2.5,3.0,4.0,3.0,3.0,3.25,5.0,5.0,5.0,5.0,5.0,3.0,2.0,2.0,2.0,3.0,2.4,1.0,1.0,2.0,1.0,1.25,Low
1042,41,Female,Other,Bachelor's (ongoing),12,Public,Dhaka,3.0,3.0,2.0,2.0,2.5,4.0,,4.0,4.0,4.0,2.0,2.0,3.0,2.0,2.25,2.0,3.0,1.0,1.0,1.0,1.6,3.0,3.0,3.0,3.0,3.0,Medium
1043,31,Female,Healthcare Student,Bachelor's (ongoing),0,Not Applicable,Not Applicable,3.0,2.0,2.0,2.0,2.25,4.0,2.0,3.0,1.0,2.5,4.0,3.0,4.0,3.0,3.5,3.0,2.0,1.0,1.0,2.0,1.8,3.0,5.0,3.0,2.0,3.25,Medium
1044,37,Female,Nurse,Bachelor's (ongoing),13,Private,Other Urban,1.0,3.0,3.0,1.0,2.0,2.0,2.0,2.0,4.0,2.5,3.0,3.0,4.0,2.0,3.0,3.0,,4.0,3.0,4.0,3.5,2.0,3.0,2.0,2.0,2.25,Low
1045,44,Male,Healthcare Student,Bachelor's (ongoing),0,Public,Dhaka,2.0,1.0,2.0,2.0,1.75,4.0,5.0,5.0,5.0,4.75,3.0,4.0,4.0,4.0,3.75,4.0,3.0,5.0,4.0,3.0,3.8,3.0,3.0,2.0,2.0,2.5,Low
1046,37,Male,Other,Postgraduate/Doctoral,11,Public,Dhaka,3.0,3.0,3.0,3.0,3.0,3.0,4.0,3.0,3.0,3.25,3.0,5.0,3.0,4.0,3.75,5.0,,5.0,5.0,5.0,5.0,4.0,3.0,5.0,5.0,4.25,High
1047,29,Male,Nurse,Bachelor's (ongoing),5,Public,Rural,3.0,3.0,2.0,3.0,2.75,3.0,3.0,2.0,3.0,2.75,3.0,3.0,3.0,4.0,3.25,2.0,4.0,3.0,3.0,4.0,3.2,3.0,3.0,3.0,4.0,3.25,Medium
1048,23,Female,IT Staff,Postgraduate/Doctoral,0,Private,Not Applicable,5.0,5.0,5.0,,5.0,3.0,3.0,3.0,4.0,3.25,1.0,1.0,1.0,2.0,1.25,3.0,4.0,3.0,3.0,2.0,3.0,4.0,5.0,5.0,5.0,4.75,High
1049,44,Female,Other,Bachelor's (ongoing),17,Private,Rural,2.0,2.0,2.0,1.0,1.75,1.0,1.0,3.0,,1.6666666666666667,4.0,3.0,4.0,3.0,3.5,2.0,3.0,2.0,3.0,3.0,2.6,3.0,3.0,2.0,3.0,2.75,Medium
1050,23,Male,Nurse,Postgraduate/Doctoral,2,Private,Dhaka,5.0,5.0,5.0,4.0,4.75,5.0,5.0,5.0,4.0,4.75,1.0,2.0,1.0,2.0,1.5,3.0,4.0,,,3.0,3.3333333333333335,4.0,3.0,4.0,3.0,3.5,Medium
1051,44,Female,Healthcare Student,Bachelor's (ongoing),1,NGO/Other,Semi-Urban,4.0,2.0,3.0,3.0,3.0,2.0,2.0,3.0,1.0,2.0,2.0,3.0,3.0,3.0,2.75,2.0,1.0,3.0,3.0,2.0,2.2,1.0,2.0,2.0,1.0,1.5,Low
1052,35,Male,Doctor,Postgraduate/Doctoral,5,Public,Dhaka,5.0,4.0,5.0,5.0,4.75,2.0,3.0,3.0,3.0,2.75,2.0,2.0,1.0,3.0,2.0,3.0,4.0,5.0,3.0,4.0,3.8,4.0,3.0,4.0,4.0,3.75,Medium
1053,47,Male,IT Staff,Bachelor's (completed),27,Public,Chattogram,3.0,4.0,5.0,4.0,4.0,3.0,4.0,3.0,3.0,3.25,,5.0,5.0,4.0,4.666666666666667,2.0,3.0,2.0,3.0,4.0,2.8,3.0,3.0,3.0,2.0,2.75,Medium
1054,41,Male,Healthcare Student,Bachelor's (ongoing),1,Public,Semi-Urban,2.0,3.0,2.0,2.0,2.25,3.0,2.0,3.0,3.0,2.75,4.0,5.0,4.0,4.0,4.25,3.0,3.0,3.0,4.0,2.0,3.0,2.0,3.0,2.0,2.0,2.25,Low
1055,58,Male,Hospital Administrator,Postgraduate/Doctoral,36,Private,Not Applicable,3.0,3.0,2.0,2.0,2.5,4.0,2.0,4.0,3.0,3.25,4.0,3.0,4.0,4.0,3.75,4.0,,4.0,4.0,5.0,4.25,2.0,2.0,3.0,4.0,2.75,Medium
1056,31,Female,Nurse,Bachelor's (ongoing),7,Public,Chattogram,3.0,4.0,2.0,3.0,3.0,2.0,2.0,2.0,2.0,2.0,4.0,3.0,5.0,4.0,4.0,3.0,4.0,5.0,5.0,5.0,4.4,4.0,3.0,4.0,4.0,3.75,Medium
1057,40,Female,Hospital Administrator,Bachelor's (completed),14,Private,Chattogram,2.0,3.0,1.0,3.0,2.25,5.0,4.0,4.0,4.0,4.25,2.0,2.0,1.0,3.0,2.0,4.0,5.0,5.0,5.0,5.0,4.8,3.0,4.0,4.0,3.0,3.5,Medium
1058,32,Male,Doctor,Postgraduate/Doctoral,10,Public,Dhaka,3.0,2.0,3.0,3.0,2.75,2.0,2.0,2.0,3.0,2.25,3.0,3.0,3.0,,3.0,4.0,4.0,,5.0,5.0,4.5,4.0,5.0,4.0,4.0,4.25,High
1059,34,Male,Doctor,Postgraduate/Doctoral,6,Private,Chattogram,5.0,4.0,5.0,5.0,4.75,4.0,4.0,5.0,5.0,4.5,4.0,3.0,3.0,3.0,3.25,3.0,5.0,4.0,3.0,3.0,3.6,4.0,3.0,4.0,5.0,4.0,High
1060,37,Female,Nurse,Bachelor's (ongoing),18,Public,Dhaka,1.0,2.0,2.0,2.0,1.75,3.0,4.0,2.0,5.0,3.5,4.0,5.0,5.0,5.0,4.75,3.0,4.0,2.0,2.0,4.0,3.0,2.0,2.0,2.0,2.0,2.0,Low
1061,44,Female,Hospital Administrator,Bachelor's (ongoing),13,Public,Rural,2.0,3.0,3.0,3.0,2.75,4.0,2.0,3.0,4.0,3.25,5.0,5.0,4.0,5.0,4.75,4.0,3.0,4.0,4.0,4.0,3.8,2.0,3.0,2.0,3.0,2.5,Low
1062,52,Female,Nurse,Bachelor's (ongoing),21,Private,Dhaka,1.0,2.0,1.0,2.0,1.5,4.0,4.0,4.0,5.0,4.25,4.0,5.0,5.0,3.0,4.25,2.0,2.0,3.0,,3.0,2.5,1.0,1.0,1.0,1.0,1.0,Low
1063,40,Male,Nurse,Bachelor's (ongoing),15,Public,Semi-Urban,3.0,3.0,3.0,3.0,3.0,2.0,3.0,3.0,4.0,3.0,5.0,5.0,5.0,4.0,4.75,3.0,2.0,3.0,2.0,3.0,2.6,2.0,3.0,3.0,3.0,2.75,Medium
1064,33,Female,Healthcare Student,Bachelor's (ongoing),1,Public,Dhaka,3.0,4.0,5.0,4.0,4.0,1.0,2.0,1.0,2.0,1.5,2.0,2.0,2.0,2.0,2.0,4.0,5.0,4.0,4.0,3.0,4.0,3.0,3.0,3.0,3.0,3.0,Medium
1065,33,Male,Nurse,Postgraduate/Doctoral,12,Public,Chattogram,4.0,3.0,5.0,5.0,4.25,1.0,2.0,1.0,3.0,1.75,2.0,3.0,1.0,2.0,2.0,,4.0,3.0,2.0,4.0,3.25,5.0,5.0,5.0,5.0,5.0,High
1066,40,Female,Nurse,Bachelor's (completed),18,Private,Dhaka,5.0,4.0,4.0,5.0,4.5,4.0,,4.0,3.0,3.6666666666666665,3.0,3.0,3.0,4.0,3.25,3.0,4.0,1.0,4.0,4.0,3.2,3.0,2.0,3.0,3.0,2.75,Medium
1067,29,Male,Nurse,Bachelor's (completed),9,Public,Chattogram,4.0,,3.0,3.0,3.3333333333333335,2.0,4.0,4.0,5.0,3.75,4.0,4.0,5.0,3.0,4.0,3.0,3.0,2.0,3.0,3.0,2.8,3.0,3.0,3.0,2.0,2.75,Medium
1068,26,Female,Doctor,Postgraduate/Doctoral,2,NGO/Other,Other Urban,5.0,5.0,5.0,5.0,5.0,4.0,4.0,3.0,3.0,3.5,2.0,1.0,1.0,1.0,1.25,3.0,4.0,3.0,4.0,4.0,3.6,4.0,5.0,5.0,5.0,4.75,High
1069,31,Male,Healthcare Student,Bachelor's (ongoing),1,Not Applicable,Semi-Urban,3.0,4.0,3.0,2.0,3.0,3.0,3.0,3.0,3.0,3.0,2.0,2.0,3.0,1.0,2.0,3.0,4.0,4.0,4.0,3.0,3.6,3.0,4.0,4.0,3.0,3.5,Medium
1070,30,Male,Nurse,Bachelor's (completed),5,Private,Rural,3.0,2.0,,3.0,2.6666666666666665,3.0,3.0,2.0,4.0,3.0,3.0,3.0,3.0,2.0,2.75,,5.0,4.0,4.0,4.0,4.25,2.0,3.0,3.0,4.0,3.0,Medium
1071,30,Female,Doctor,Bachelor's (completed),5,Public,Dhaka,4.0,2.0,4.0,3.0,3.25,2.0,3.0,3.0,3.0,2.75,3.0,4.0,3.0,4.0,3.5,3.0,,4.0,4.0,4.0,3.75,3.0,3.0,3.0,3.0,3.0,Medium
1072,29,Female,Other,Bachelor's (ongoing),5,Private,Other Urban,3.0,2.0,4.0,2.0,2.75,2.0,1.0,2.0,1.0,1.5,2.0,2.0,2.0,3.0,2.25,4.0,4.0,5.0,5.0,5.0,4.6,5.0,5.0,5.0,5.0,5.0,High
1073,24,Male,Healthcare Student,Bachelor's (ongoing),0,Public,Rural,3.0,3.0,1.0,2.0,2.25,3.0,2.0,3.0,2.0,2.5,4.0,4.0,3.0,4.0,3.75,2.0,2.0,2.0,4.0,3.0,2.6,2.0,2.0,3.0,3.0,2.5,Low
1074,23,Female,Healthcare Student,Bachelor's (ongoing),1,Not Applicable,Dhaka,1.0,2.0,1.0,1.0,1.25,2.0,3.0,4.0,3.0,3.0,4.0,5.0,5.0,4.0,4.5,3.0,4.0,3.0,4.0,3.0,3.4,3.0,3.0,4.0,2.0,3.0,Medium
1075,53,Female,Healthcare Student,Postgraduate/Doctoral,1,Private,Rural,3.0,4.0,2.0,3.0,3.0,3.0,4.0,2.0,4.0,3.25,4.0,5.0,5.0,4.0,4.5,2.0,2.0,2.0,2.0,1.0,1.8,4.0,4.0,5.0,4.0,4.25,High
1076,33,Male,Other,Bachelor's (ongoing),11,Public,Rural,2.0,2.0,1.0,2.0,1.75,4.0,4.0,4.0,5.0,4.25,4.0,3.0,3.0,4.0,3.5,5.0,4.0,5.0,4.0,5.0,4.6,1.0,2.0,4.0,2.0,2.25,Low
1077,32,Male,Nurse,Bachelor's (completed),8,Public,Rural,1.0,2.0,1.0,1.0,1.25,3.0,2.0,2.0,2.0,2.25,3.0,3.0,3.0,3.0,3.0,2.0,2.0,3.0,4.0,3.0,2.8,4.0,3.0,3.0,5.0,3.75,Medium
1078,38,Male,Hospital Administrator,Bachelor's (ongoing),13,Private,Other Urban,2.0,2.0,2.0,2.0,2.0,3.0,2.0,4.0,2.0,2.75,4.0,5.0,5.0,5.0,4.75,1.0,1.0,1.0,1.0,1.0,1.0,1.0,1.0,1.0,1.0,1.0,Low
1079,28,Female,Hospital Administrator,Bachelor's (completed),4,NGO/Other,Semi-Urban,3.0,2.0,3.0,2.0,2.5,4.0,4.0,3.0,4.0,3.75,2.0,2.0,3.0,,2.3333333333333335,3.0,4.0,4.0,5.0,5.0,4.2,3.0,2.0,4.0,4.0,3.25,Medium
1080,48,Male,Nurse,Bachelor's (completed),27,Private,Chattogram,2.0,3.0,2.0,1.0,2.0,3.0,4.0,3.0,3.0,3.25,4.0,3.0,4.0,4.0,3.75,4.0,4.0,3.0,3.0,3.0,3.4,1.0,1.0,1.0,1.0,1.0,Low
1081,41,Male,Nurse,Bachelor's (ongoing),15,Private,Other Urban,1.0,1.0,1.0,1.0,1.0,1.0,2.0,3.0,2.0,2.0,5.0,5.0,5.0,5.0,5.0,4.0,3.0,2.0,3.0,4.0,3.2,1.0,1.0,1.0,1.0,1.0,Low
1082,25,Female,Doctor,Postgraduate/Doctoral,2,Private,Not Applicable,3.0,3.0,3.0,2.0,2.75,3.0,4.0,3.0,4.0,3.5,2.0,3.0,2.0,2.0,2.25,3.0,2.0,3.0,3.0,3.0,2.8,4.0,4.0,4.0,2.0,3.5,Medium
1083,33,Female,IT Staff,Bachelor's (completed),7,Private,Dhaka,4.0,4.0,3.0,4.0,3.75,2.0,3.0,3.0,2.0,2.5,1.0,1.0,1.0,2.0,1.25,4.0,5.0,4.0,4.0,,4.25,4.0,4.0,4.0,5.0,4.25,High
1084,44,Female,Healthcare Student,Bachelor's (ongoing),0,Not Applicable,Rural,1.0,1.0,1.0,1.0,1.0,1.0,,1.0,1.0,1.0,2.0,2.0,2.0,4.0,2.5,1.0,2.0,2.0,1.0,2.0,1.6,2.0,2.0,1.0,2.0,1.75,Low
1085,48,Female,Healthcare Student,Bachelor's (completed),0,Private,Chattogram,3.0,3.0,3.0,3.0,3.0,4.0,3.0,3.0,3.0,3.25,2.0,4.0,3.0,4.0,3.25,3.0,2.0,3.0,3.0,3.0,2.8,5.0,5.0,3.0,4.0,4.25,High
1086,34,Female,Nurse,Bachelor's (completed),9,Private,Dhaka,4.0,4.0,5.0,4.0,4.25,3.0,2.0,2.0,2.0,2.25,3.0,3.0,4.0,4.0,3.5,3.0,4.0,4.0,3.0,2.0,3.2,4.0,5.0,4.0,4.0,4.25,High
1087,37,Female,Doctor,Postgraduate/Doctoral,7,NGO/Other,Other Urban,5.0,4.0,3.0,4.0,4.0,3.0,2.0,,3.0,2.6666666666666665,3.0,3.0,3.0,4.0,3.25,3.0,3.0,3.0,3.0,3.0,3.0,3.0,4.0,4.0,4.0,3.75,Medium
1088,27,Female,Nurse,Bachelor's (completed),2,Public,Semi-Urban,4.0,4.0,5.0,,4.333333333333333,1.0,1.0,2.0,1.0,1.25,4.0,5.0,5.0,5.0,4.75,3.0,2.0,3.0,3.0,3.0,2.8,3.0,2.0,2.0,2.0,2.25,Low
1089,54,Male,Hospital Administrator,Postgraduate/Doctoral,14,Public,Other Urban,4.0,3.0,4.0,4.0,3.75,3.0,3.0,5.0,4.0,3.75,3.0,3.0,3.0,4.0,3.25,4.0,4.0,4.0,4.0,4.0,4.0,3.0,5.0,3.0,3.0,3.5,Medium
1090,29,Male,Other,Bachelor's (ongoing),1,Public,Semi-Urban,3.0,2.0,2.0,2.0,2.25,5.0,4.0,4.0,4.0,4.25,2.0,4.0,2.0,,2.6666666666666665,4.0,3.0,3.0,3.0,4.0,3.4,1.0,1.0,2.0,2.0,1.5,Low
1091,48,Male,Healthcare Student,Bachelor's (ongoing),0,Private,Dhaka,3.0,3.0,1.0,2.0,2.25,4.0,3.0,2.0,5.0,3.5,3.0,3.0,3.0,3.0,3.0,4.0,4.0,4.0,5.0,3.0,4.0,4.0,4.0,3.0,3.0,3.5,Medium
1092,37,Female,Other,Bachelor's (completed),9,Private,Rural,4.0,4.0,4.0,4.0,4.0,,1.0,1.0,1.0,1.0,3.0,4.0,4.0,4.0,3.75,4.0,4.0,3.0,5.0,4.0,4.0,3.0,5.0,4.0,5.0,4.25,High
1093,36,Male,Healthcare Student,Bachelor's (ongoing),0,Public,Other Urban,2.0,3.0,2.0,1.0,2.0,3.0,2.0,5.0,4.0,3.5,,4.0,3.0,4.0,3.6666666666666665,4.0,3.0,4.0,2.0,3.0,3.2,2.0,2.0,3.0,2.0,2.25,Low
1094,34,Male,Other,Bachelor's (ongoing),7,Private,Semi-Urban,2.0,,2.0,1.0,1.6666666666666667,2.0,3.0,3.0,4.0,3.0,3.0,2.0,2.0,1.0,2.0,3.0,3.0,2.0,2.0,3.0,2.6,3.0,3.0,4.0,4.0,3.5,Medium
1095,29,Female,Nurse,Postgraduate/Doctoral,5,Public,Dhaka,4.0,4.0,4.0,5.0,4.25,1.0,2.0,3.0,1.0,1.75,2.0,3.0,3.0,3.0,2.75,4.0,5.0,5.0,4.0,5.0,4.6,5.0,5.0,5.0,4.0,4.75,High
1096,27,Male,Doctor,Postgraduate/Doctoral,2,NGO/Other,Chattogram,3.0,2.0,3.0,3.0,2.75,5.0,4.0,3.0,3.0,3.75,1.0,1.0,1.0,1.0,1.0,4.0,4.0,4.0,5.0,4.0,4.2,5.0,4.0,5.0,4.0,4.5,High
1097,28,Male,Doctor,Postgraduate/Doctoral,6,Private,Rural,1.0,4.0,4.0,3.0,3.0,5.0,5.0,3.0,3.0,4.0,3.0,2.0,2.0,2.0,2.25,5.0,4.0,5.0,5.0,5.0,4.8,4.0,5.0,3.0,5.0,4.25,High
1098,28,Female,Nurse,Bachelor's (completed),6,Private,Dhaka,3.0,4.0,3.0,4.0,3.5,2.0,2.0,2.0,1.0,1.75,3.0,3.0,3.0,4.0,3.25,5.0,4.0,4.0,5.0,,4.5,3.0,4.0,5.0,5.0,4.25,High
1099,41,Female,Nurse,Bachelor's (completed),19,Private,Chattogram,4.0,4.0,3.0,3.0,3.5,1.0,2.0,3.0,1.0,1.75,4.0,2.0,2.0,3.0,2.75,3.0,3.0,3.0,3.0,4.0,3.2,5.0,5.0,4.0,5.0,4.75,High
1100,31,Male,Doctor,Postgraduate/Doctoral,4,Public,Semi-Urban,4.0,4.0,3.0,4.0,3.75,1.0,1.0,2.0,1.0,1.25,3.0,1.0,2.0,3.0,2.25,1.0,1.0,1.0,1.0,2.0,1.2,3.0,3.0,3.0,4.0,3.25,Medium
1101,24,Male,Other,Bachelor's (completed),2,Private,Semi-Urban,4.0,5.0,,4.0,4.333333333333333,2.0,2.0,,2.0,2.0,1.0,2.0,1.0,3.0,1.75,2.0,3.0,2.0,3.0,2.0,2.4,3.0,3.0,5.0,3.0,3.5,Medium
1102,50,Male,Doctor,Bachelor's (completed),15,Private,Rural,1.0,3.0,2.0,2.0,2.0,4.0,3.0,4.0,3.0,3.5,4.0,3.0,2.0,2.0,2.75,4.0,4.0,3.0,4.0,3.0,3.6,3.0,2.0,3.0,3.0,2.75,Medium
1103,44,Female,Other,Secondary/HSC,11,Public,Semi-Urban,2.0,1.0,1.0,1.0,1.25,3.0,3.0,2.0,,2.6666666666666665,,3.0,4.0,3.0,3.3333333333333335,3.0,1.0,3.0,4.0,3.0,2.8,4.0,4.0,4.0,4.0,4.0,High
1104,47,Female,Healthcare Student,Bachelor's (completed),1,Not Applicable,Not Applicable,3.0,,3.0,2.0,2.6666666666666665,2.0,5.0,2.0,2.0,2.75,3.0,3.0,2.0,3.0,2.75,3.0,4.0,3.0,2.0,2.0,2.8,4.0,4.0,4.0,3.0,3.75,Medium
1105,56,Male,IT Staff,Postgraduate/Doctoral,20,Public,Chattogram,2.0,2.0,4.0,3.0,2.75,5.0,5.0,4.0,4.0,4.5,3.0,3.0,2.0,1.0,2.25,1.0,2.0,1.0,1.0,2.0,1.4,2.0,3.0,2.0,1.0,2.0,Low
1106,27,Female,IT Staff,Bachelor's (completed),8,Private,Other Urban,4.0,,4.0,3.0,3.6666666666666665,3.0,3.0,4.0,4.0,3.5,3.0,2.0,2.0,3.0,2.5,4.0,4.0,,4.0,3.0,3.75,3.0,3.0,3.0,3.0,3.0,Medium
1107,32,Male,Nurse,Bachelor's (ongoing),2,Public,Rural,1.0,2.0,1.0,1.0,1.25,3.0,3.0,4.0,4.0,3.5,4.0,4.0,4.0,3.0,3.75,3.0,2.0,1.0,2.0,1.0,1.8,2.0,2.0,1.0,2.0,1.75,Low
1108,40,Male,IT Staff,Bachelor's (completed),12,Private,Semi-Urban,3.0,4.0,4.0,4.0,3.75,4.0,4.0,4.0,4.0,4.0,3.0,4.0,4.0,3.0,3.5,1.0,2.0,2.0,3.0,3.0,2.2,3.0,4.0,2.0,4.0,3.25,Medium
1109,38,Other/Prefer not to say,Doctor,Postgraduate/Doctoral,11,Public,Dhaka,5.0,5.0,4.0,5.0,4.75,3.0,3.0,3.0,3.0,3.0,3.0,4.0,5.0,3.0,3.75,4.0,3.0,4.0,4.0,3.0,3.6,4.0,5.0,4.0,5.0,4.5,High
1110,27,Male,Other,Bachelor's (completed),1,Public,Dhaka,3.0,1.0,,3.0,2.3333333333333335,1.0,2.0,3.0,1.0,1.75,4.0,3.0,3.0,4.0,3.5,3.0,4.0,2.0,2.0,2.0,2.6,4.0,4.0,3.0,3.0,3.5,Medium
1111,42,Male,Nurse,Bachelor's (ongoing),19,Private,Other Urban,4.0,3.0,3.0,3.0,3.25,3.0,3.0,2.0,2.0,2.5,3.0,4.0,4.0,2.0,3.25,2.0,2.0,2.0,3.0,2.0,2.2,3.0,4.0,4.0,3.0,3.5,Medium
1112,29,Male,Nurse,Bachelor's (completed),4,Not Applicable,Rural,3.0,3.0,2.0,3.0,2.75,2.0,2.0,3.0,3.0,2.5,4.0,4.0,4.0,4.0,4.0,3.0,2.0,3.0,2.0,3.0,2.6,5.0,5.0,4.0,5.0,4.75,High
1113,29,Female,IT Staff,Bachelor's (completed),2,Public,Other Urban,2.0,2.0,3.0,2.0,2.25,1.0,1.0,1.0,,1.0,2.0,2.0,3.0,3.0,2.5,4.0,4.0,4.0,4.0,4.0,4.0,3.0,4.0,4.0,3.0,3.5,Medium
1114,35,Female,IT Staff,Postgraduate/Doctoral,12,Private,Semi-Urban,4.0,3.0,3.0,3.0,3.25,3.0,3.0,3.0,2.0,2.75,2.0,3.0,2.0,,2.3333333333333335,3.0,2.0,4.0,3.0,3.0,3.0,3.0,4.0,4.0,4.0,3.75,Medium
1115,36,Other/Prefer not to say,Nurse,Bachelor's (ongoing),7,Private,Semi-Urban,2.0,2.0,3.0,2.0,2.25,4.0,4.0,4.0,5.0,4.25,3.0,3.0,3.0,4.0,3.25,4.0,5.0,,4.0,4.0,4.25,3.0,3.0,3.0,2.0,2.75,Medium
1116,36,Male,IT Staff,Postgraduate/Doctoral,10,Private,Dhaka,4.0,3.0,3.0,3.0,3.25,3.0,4.0,3.0,3.0,3.25,1.0,2.0,1.0,1.0,1.25,3.0,3.0,2.0,3.0,3.0,2.8,4.0,3.0,4.0,3.0,3.5,Medium
1117,25,Male,Doctor,Postgraduate/Doctoral,0,Public,Other Urban,5.0,4.0,4.0,5.0,4.5,3.0,4.0,4.0,3.0,3.5,2.0,4.0,4.0,2.0,3.0,2.0,2.0,1.0,2.0,2.0,1.8,4.0,4.0,3.0,5.0,4.0,High
1118,44,Female,IT Staff,Bachelor's (completed),16,Private,Other Urban,5.0,4.0,5.0,5.0,4.75,3.0,3.0,3.0,4.0,3.25,3.0,2.0,2.0,3.0,2.5,2.0,2.0,2.0,2.0,3.0,2.2,3.0,3.0,4.0,3.0,3.25,Medium
1119,29,Male,Nurse,Bachelor's (ongoing),2,Not Applicable,Dhaka,1.0,1.0,3.0,1.0,1.5,4.0,4.0,4.0,5.0,4.25,3.0,5.0,4.0,4.0,4.0,2.0,2.0,2.0,1.0,1.0,1.6,3.0,3.0,3.0,3.0,3.0,Medium
1120,26,Female,Nurse,Bachelor's (completed),6,Public,Chattogram,2.0,4.0,4.0,4.0,3.5,2.0,1.0,2.0,2.0,1.75,5.0,3.0,4.0,3.0,3.75,4.0,5.0,4.0,4.0,3.0,4.0,3.0,2.0,4.0,4.0,3.25,Medium
1121,45,Female,Doctor,Postgraduate/Doctoral,18,Public,Other Urban,3.0,2.0,3.0,3.0,2.75,3.0,2.0,4.0,2.0,2.75,2.0,3.0,3.0,2.0,2.5,3.0,2.0,2.0,3.0,3.0,2.6,4.0,3.0,4.0,4.0,3.75,Medium
1122,49,Male,Nurse,Bachelor's (ongoing),23,NGO/Other,Semi-Urban,2.0,1.0,1.0,1.0,1.25,5.0,5.0,5.0,4.0,4.75,4.0,5.0,5.0,4.0,4.5,3.0,3.0,2.0,2.0,2.0,2.4,2.0,1.0,1.0,1.0,1.25,Low
1123,43,Female,Nurse,Bachelor's (completed),22,Public,Chattogram,2.0,4.0,3.0,4.0,3.25,3.0,3.0,4.0,3.0,3.25,2.0,1.0,1.0,1.0,1.25,4.0,4.0,4.0,4.0,2.0,3.6,4.0,4.0,4.0,4.0,4.0,High
1124,42,Male,Nurse,Bachelor's (completed),10,Public,Dhaka,3.0,2.0,5.0,4.0,3.5,2.0,3.0,3.0,3.0,2.75,3.0,4.0,5.0,4.0,4.0,5.0,4.0,4.0,4.0,4.0,4.2,4.0,4.0,5.0,4.0,4.25,High
1125,38,Male,Doctor,Postgraduate/Doctoral,14,Public,Chattogram,2.0,3.0,2.0,2.0,2.25,4.0,4.0,3.0,4.0,3.75,1.0,2.0,1.0,2.0,1.5,4.0,4.0,,4.0,3.0,3.75,3.0,3.0,3.0,4.0,3.25,Medium
1126,35,Female,Doctor,Bachelor's (ongoing),6,Private,Semi-Urban,3.0,2.0,3.0,2.0,2.5,3.0,2.0,3.0,2.0,2.5,4.0,,4.0,3.0,3.6666666666666665,4.0,4.0,5.0,3.0,5.0,4.2,4.0,4.0,4.0,5.0,4.25,High
1127,25,Male,Hospital Administrator,Bachelor's (completed),3,NGO/Other,Other Urban,3.0,,3.0,2.0,2.6666666666666665,2.0,2.0,3.0,2.0,2.25,2.0,3.0,3.0,2.0,2.5,3.0,2.0,1.0,2.0,3.0,2.2,2.0,3.0,3.0,1.0,2.25,Low
1128,32,Female,Doctor,Bachelor's (completed),14,Private,Dhaka,5.0,3.0,3.0,2.0,3.25,2.0,2.0,3.0,2.0,2.25,3.0,3.0,3.0,3.0,3.0,3.0,3.0,5.0,4.0,5.0,4.0,3.0,4.0,2.0,4.0,3.25,Medium
1129,32,Female,IT Staff,Postgraduate/Doctoral,10,Private,Rural,,5.0,5.0,5.0,5.0,3.0,,2.0,2.0,2.3333333333333335,3.0,2.0,2.0,2.0,2.25,3.0,4.0,2.0,4.0,4.0,3.4,4.0,5.0,4.0,4.0,4.25,High
1130,29,Other/Prefer not to say,Other,Postgraduate/Doctoral,6,Public,Dhaka,5.0,4.0,4.0,5.0,4.5,2.0,4.0,4.0,3.0,3.25,1.0,1.0,1.0,1.0,1.0,3.0,2.0,3.0,3.0,2.0,2.6,5.0,4.0,5.0,5.0,4.75,High
1131,39,Other/Prefer not to say,Nurse,Bachelor's (ongoing),16,Public,Dhaka,4.0,2.0,3.0,3.0,3.0,4.0,5.0,5.0,4.0,4.5,3.0,4.0,3.0,4.0,3.5,3.0,3.0,3.0,4.0,3.0,3.2,3.0,2.0,3.0,2.0,2.5,Low
1132,34,Male,Other,Bachelor's (ongoing),10,Public,Chattogram,3.0,2.0,1.0,,2.0,3.0,3.0,2.0,2.0,2.5,3.0,4.0,3.0,3.0,3.25,4.0,2.0,1.0,2.0,2.0,2.2,4.0,4.0,3.0,3.0,3.5,Medium
1133,25,Male,Doctor,Bachelor's (completed),1,Public,Semi-Urban,4.0,3.0,3.0,4.0,3.5,3.0,2.0,3.0,3.0,2.75,1.0,1.0,1.0,1.0,1.0,4.0,3.0,2.0,2.0,,2.75,2.0,2.0,2.0,3.0,2.25,Low
1134,28,Female,Doctor,Postgraduate/Doctoral,2,Public,Semi-Urban,4.0,3.0,4.0,4.0,3.75,5.0,5.0,4.0,,4.666666666666667,2.0,2.0,2.0,2.0,2.0,3.0,3.0,3.0,4.0,2.0,3.0,4.0,3.0,2.0,3.0,3.0,Medium
1135,38,Female,Healthcare Student,Bachelor's (completed),1,NGO/Other,Dhaka,3.0,3.0,2.0,4.0,3.0,3.0,5.0,4.0,4.0,4.0,1.0,2.0,2.0,2.0,1.75,4.0,4.0,5.0,5.0,5.0,4.6,5.0,5.0,4.0,5.0,4.75,High
1136,25,Male,Healthcare Student,Bachelor's (ongoing),1,Public,Semi-Urban,3.0,4.0,2.0,2.0,2.75,1.0,2.0,2.0,2.0,1.75,3.0,5.0,4.0,4.0,4.0,2.0,4.0,4.0,5.0,3.0,3.6,3.0,1.0,3.0,1.0,2.0,Low
1137,43,Male,Healthcare Student,Bachelor's (ongoing),1,Public,Semi-Urban,2.0,1.0,2.0,2.0,1.75,1.0,2.0,2.0,1.0,1.5,3.0,,2.0,3.0,2.6666666666666665,3.0,3.0,4.0,3.0,3.0,3.2,2.0,2.0,3.0,4.0,2.75,Medium
1138,34,Male,Doctor,Bachelor's (ongoing),7,Public,Rural,1.0,2.0,1.0,1.0,1.25,2.0,1.0,2.0,2.0,1.75,4.0,5.0,5.0,4.0,4.5,2.0,2.0,3.0,4.0,4.0,3.0,2.0,1.0,2.0,3.0,2.0,Low
1139,34,Male,Healthcare Student,Bachelor's (ongoing),0,Public,Rural,1.0,2.0,2.0,1.0,1.5,1.0,3.0,2.0,1.0,1.75,4.0,3.0,4.0,4.0,3.75,2.0,3.0,3.0,2.0,3.0,2.6,2.0,2.0,3.0,2.0,2.25,Low
1140,36,Female,Nurse,Bachelor's (completed),10,Public,Semi-Urban,3.0,5.0,4.0,4.0,4.0,4.0,3.0,4.0,4.0,3.75,3.0,3.0,,3.0,3.0,2.0,,2.0,1.0,2.0,1.75,4.0,2.0,3.0,3.0,3.0,Medium
1141,42,Male,Nurse,Bachelor's (completed),17,Public,Dhaka,4.0,3.0,4.0,4.0,3.75,3.0,,3.0,2.0,2.6666666666666665,3.0,3.0,2.0,4.0,3.0,3.0,3.0,3.0,2.0,3.0,2.8,3.0,3.0,3.0,4.0,3.25,Medium
1142,31,Female,Doctor,Postgraduate/Doctoral,6,Public,Dhaka,5.0,4.0,4.0,4.0,4.25,5.0,4.0,4.0,5.0,4.5,2.0,1.0,1.0,,1.3333333333333333,3.0,3.0,2.0,4.0,3.0,3.0,5.0,4.0,4.0,4.0,4.25,High
1143,38,Female,Other,Bachelor's (ongoing),12,Private,Rural,,4.0,3.0,,3.5,1.0,2.0,2.0,1.0,1.5,2.0,3.0,4.0,3.0,3.0,3.0,3.0,3.0,3.0,3.0,3.0,3.0,3.0,3.0,3.0,3.0,Medium
1144,36,Female,Doctor,Postgraduate/Doctoral,9,Private,Other Urban,5.0,4.0,4.0,4.0,4.25,2.0,1.0,2.0,2.0,1.75,2.0,3.0,3.0,2.0,2.5,5.0,5.0,5.0,5.0,3.0,4.6,5.0,4.0,5.0,4.0,4.5,High
1145,29,Male,Healthcare Student,Bachelor's (ongoing),0,Not Applicable,Other Urban,1.0,2.0,3.0,2.0,2.0,3.0,3.0,3.0,3.0,3.0,4.0,3.0,3.0,4.0,3.5,4.0,3.0,3.0,3.0,3.0,3.2,3.0,3.0,4.0,3.0,3.25,Medium
1146,44,Male,IT Staff,Postgraduate/Doctoral,26,Private,Rural,3.0,3.0,2.0,3.0,2.75,4.0,3.0,4.0,,3.6666666666666665,4.0,3.0,2.0,2.0,2.75,5.0,5.0,4.0,5.0,4.0,4.6,5.0,5.0,5.0,4.0,4.75,High
1147,41,Female,Healthcare Student,Bachelor's (completed),1,NGO/Other,Rural,4.0,3.0,4.0,4.0,3.75,1.0,1.0,1.0,1.0,1.0,3.0,2.0,2.0,2.0,2.25,3.0,2.0,1.0,3.0,2.0,2.2,5.0,4.0,4.0,5.0,4.5,High
1148,38,Female,IT Staff,Bachelor's (completed),11,NGO/Other,Semi-Urban,4.0,4.0,4.0,4.0,4.0,1.0,1.0,2.0,2.0,1.5,4.0,3.0,3.0,4.0,3.5,3.0,1.0,2.0,,3.0,2.25,5.0,5.0,3.0,5.0,4.5,High
1149,43,Male,Healthcare Student,Bachelor's (completed),1,Private,Rural,4.0,4.0,4.0,4.0,4.0,3.0,2.0,3.0,4.0,3.0,3.0,4.0,4.0,4.0,3.75,3.0,3.0,3.0,3.0,3.0,3.0,3.0,3.0,3.0,4.0,3.25,Medium
1150,44,Female,Doctor,Bachelor's (completed),22,Private,Dhaka,5.0,5.0,5.0,5.0,5.0,5.0,4.0,4.0,5.0,4.5,3.0,4.0,4.0,4.0,3.75,4.0,3.0,3.0,3.0,3.0,3.2,2.0,2.0,1.0,2.0,1.75,Low
1151,39,Male,Doctor,Postgraduate/Doctoral,15,Public,Semi-Urban,2.0,3.0,1.0,2.0,2.0,5.0,5.0,5.0,5.0,5.0,3.0,1.0,3.0,2.0,2.25,4.0,3.0,4.0,4.0,3.0,3.6,3.0,4.0,3.0,2.0,3.0,Medium
1152,42,Female,Hospital Administrator,Bachelor's (ongoing),15,Public,Not Applicable,1.0,2.0,1.0,1.0,1.25,2.0,3.0,3.0,3.0,2.75,3.0,2.0,2.0,1.0,2.0,3.0,2.0,2.0,2.0,3.0,2.4,3.0,5.0,4.0,4.0,4.0,High
1153,39,Male,Nurse,Bachelor's (completed),10,Public,Dhaka,1.0,2.0,1.0,1.0,1.25,3.0,3.0,3.0,3.0,3.0,4.0,4.0,4.0,4.0,4.0,3.0,4.0,3.0,3.0,4.0,3.4,1.0,1.0,1.0,1.0,1.0,Low
1154,38,Male,Doctor,Bachelor's (completed),16,Public,Dhaka,4.0,5.0,3.0,5.0,4.25,3.0,2.0,3.0,2.0,2.5,4.0,2.0,2.0,2.0,2.5,5.0,3.0,,5.0,3.0,4.0,2.0,2.0,3.0,2.0,2.25,Low
1155,37,Male,Doctor,Bachelor's (ongoing),10,Private,Semi-Urban,4.0,3.0,3.0,2.0,3.0,4.0,4.0,5.0,4.0,4.25,4.0,5.0,5.0,4.0,4.5,2.0,1.0,2.0,2.0,2.0,1.8,2.0,3.0,3.0,1.0,2.25,Low
1156,40,Male,Nurse,Secondary/HSC,11,Public,Other Urban,2.0,3.0,4.0,1.0,2.5,4.0,5.0,4.0,5.0,4.5,4.0,5.0,4.0,3.0,4.0,3.0,3.0,4.0,3.0,4.0,3.4,2.0,2.0,2.0,2.0,2.0,Low
1157,27,Male,Doctor,Bachelor's (completed),4,Private,Dhaka,3.0,2.0,3.0,2.0,2.5,3.0,4.0,3.0,5.0,3.75,2.0,2.0,2.0,2.0,2.0,3.0,4.0,2.0,2.0,3.0,2.8,4.0,5.0,4.0,3.0,4.0,High
1158,44,Male,Doctor,Postgraduate/Doctoral,12,NGO/Other,Dhaka,4.0,2.0,4.0,2.0,3.0,3.0,3.0,3.0,4.0,3.25,3.0,3.0,3.0,3.0,3.0,3.0,3.0,4.0,4.0,4.0,3.6,2.0,4.0,2.0,5.0,3.25,Medium
1159,44,Male,Other,Bachelor's (ongoing),11,Private,Dhaka,2.0,4.0,3.0,2.0,2.75,2.0,3.0,2.0,3.0,2.5,3.0,3.0,3.0,2.0,2.75,3.0,3.0,4.0,4.0,3.0,3.4,4.0,4.0,4.0,4.0,4.0,High
1160,23,Female,Nurse,Bachelor's (ongoing),0,Public,Dhaka,5.0,3.0,4.0,3.0,3.75,3.0,2.0,3.0,2.0,2.5,2.0,,2.0,2.0,2.0,3.0,4.0,3.0,4.0,4.0,3.6,4.0,3.0,4.0,3.0,3.5,Medium
1161,42,Male,Other,Postgraduate/Doctoral,22,Public,Rural,4.0,4.0,4.0,3.0,3.75,4.0,5.0,5.0,4.0,4.5,2.0,3.0,3.0,3.0,2.75,2.0,,1.0,2.0,2.0,1.75,3.0,4.0,4.0,3.0,3.5,Medium
1162,26,Female,Other,Postgraduate/Doctoral,2,Public,Other Urban,5.0,4.0,4.0,4.0,4.25,3.0,2.0,3.0,3.0,2.75,2.0,,2.0,2.0,2.0,2.0,2.0,3.0,2.0,1.0,2.0,3.0,5.0,5.0,4.0,4.25,High
1163,31,Female,Doctor,Bachelor's (completed),8,Not Applicable,Semi-Urban,4.0,2.0,3.0,4.0,3.25,2.0,,1.0,2.0,1.6666666666666667,3.0,2.0,3.0,2.0,2.5,4.0,3.0,3.0,4.0,4.0,3.6,5.0,5.0,5.0,5.0,5.0,High
1164,40,Male,IT Staff,Bachelor's (completed),8,Private,Dhaka,4.0,4.0,5.0,4.0,4.25,2.0,3.0,3.0,3.0,2.75,4.0,4.0,4.0,4.0,4.0,5.0,4.0,3.0,4.0,4.0,4.0,4.0,3.0,2.0,4.0,3.25,Medium
1165,27,Male,Hospital Administrator,Bachelor's (completed),1,Private,Chattogram,4.0,4.0,5.0,5.0,4.5,3.0,3.0,4.0,3.0,3.25,4.0,2.0,3.0,,3.0,4.0,4.0,3.0,3.0,,3.5,3.0,3.0,2.0,4.0,3.0,Medium
1166,42,Female,IT Staff,Bachelor's (completed),13,Private,Dhaka,3.0,2.0,3.0,2.0,2.5,1.0,2.0,2.0,1.0,1.5,4.0,3.0,3.0,3.0,3.25,3.0,4.0,4.0,3.0,3.0,3.4,4.0,4.0,5.0,4.0,4.25,High
1167,42,Female,Doctor,Postgraduate/Doctoral,14,Private,Rural,5.0,4.0,5.0,5.0,4.75,4.0,4.0,4.0,3.0,3.75,4.0,3.0,5.0,4.0,4.0,4.0,3.0,4.0,3.0,5.0,3.8,3.0,3.0,3.0,3.0,3.0,Medium
1168,34,Male,Doctor,Postgraduate/Doctoral,9,Private,Rural,5.0,4.0,5.0,5.0,4.75,4.0,5.0,5.0,,4.666666666666667,2.0,2.0,1.0,2.0,1.75,3.0,3.0,3.0,5.0,3.0,3.4,4.0,5.0,2.0,4.0,3.75,Medium
1169,22,Female,Doctor,Bachelor's (completed),0,Public,Chattogram,4.0,5.0,4.0,5.0,4.5,4.0,4.0,4.0,4.0,4.0,4.0,4.0,5.0,5.0,4.5,3.0,4.0,3.0,5.0,4.0,3.8,2.0,3.0,2.0,3.0,2.5,Low
1170,30,Male,Hospital Administrator,Bachelor's (completed),3,Public,Not Applicable,3.0,4.0,5.0,4.0,4.0,2.0,1.0,1.0,1.0,1.25,2.0,3.0,2.0,3.0,2.5,4.0,2.0,2.0,2.0,3.0,2.6,4.0,3.0,3.0,2.0,3.0,Medium
1171,37,Male,Other,Bachelor's (completed),15,Public,Dhaka,5.0,4.0,5.0,4.0,4.5,4.0,3.0,3.0,4.0,3.5,5.0,5.0,5.0,3.0,4.5,4.0,4.0,4.0,4.0,4.0,4.0,3.0,3.0,3.0,3.0,3.0,Medium
1172,52,Female,IT Staff,Bachelor's (completed),28,Private,Dhaka,2.0,2.0,1.0,,1.6666666666666667,5.0,,4.0,4.0,4.333333333333333,4.0,,5.0,5.0,4.666666666666667,3.0,3.0,3.0,3.0,4.0,3.2,2.0,2.0,2.0,1.0,1.75,Low
1173,37,Male,IT Staff,Postgraduate/Doctoral,15,NGO/Other,Semi-Urban,5.0,5.0,4.0,5.0,4.75,3.0,4.0,3.0,3.0,3.25,,1.0,1.0,1.0,1.0,3.0,3.0,2.0,3.0,3.0,2.8,5.0,5.0,5.0,4.0,4.75,High
1174,29,Female,Other,Secondary/HSC,7,Private,Dhaka,1.0,2.0,1.0,2.0,1.5,2.0,1.0,2.0,2.0,1.75,4.0,5.0,4.0,4.0,4.25,2.0,3.0,,3.0,2.0,2.5,2.0,1.0,3.0,2.0,2.0,Low
1175,37,Male,IT Staff,Bachelor's (completed),7,Private,Rural,5.0,4.0,4.0,4.0,4.25,2.0,2.0,2.0,1.0,1.75,4.0,3.0,2.0,2.0,2.75,3.0,3.0,3.0,2.0,3.0,2.8,5.0,5.0,4.0,5.0,4.75,High
1176,35,Female,Doctor,Bachelor's (ongoing),14,NGO/Other,Dhaka,2.0,3.0,3.0,3.0,2.75,4.0,2.0,3.0,3.0,3.0,3.0,3.0,5.0,3.0,3.5,3.0,5.0,5.0,4.0,4.0,4.2,4.0,4.0,4.0,3.0,3.75,Medium
1177,41,Male,Healthcare Student,Bachelor's (ongoing),1,Public,Semi-Urban,1.0,1.0,1.0,1.0,1.0,3.0,3.0,3.0,3.0,3.0,4.0,4.0,4.0,3.0,3.75,3.0,,3.0,2.0,3.0,2.75,1.0,1.0,2.0,1.0,1.25,Low
1178,26,Male,Nurse,Secondary/HSC,8,Public,Dhaka,3.0,2.0,3.0,2.0,2.5,3.0,3.0,3.0,2.0,2.75,2.0,2.0,4.0,3.0,2.75,2.0,4.0,5.0,2.0,2.0,3.0,3.0,3.0,4.0,2.0,3.0,Medium
1179,40,Male,Doctor,Postgraduate/Doctoral,10,NGO/Other,Dhaka,5.0,5.0,5.0,,5.0,3.0,5.0,5.0,4.0,4.25,,3.0,4.0,2.0,3.0,4.0,4.0,4.0,3.0,3.0,3.6,3.0,4.0,5.0,4.0,4.0,High
1180,35,Male,Hospital Administrator,Bachelor's (completed),6,NGO/Other,Chattogram,3.0,3.0,3.0,3.0,3.0,2.0,3.0,4.0,3.0,3.0,1.0,2.0,1.0,1.0,1.25,4.0,3.0,,2.0,3.0,3.0,4.0,4.0,5.0,5.0,4.5,High
1181,49,Female,Other,Bachelor's (completed),23,Private,Rural,1.0,2.0,1.0,1.0,1.25,2.0,1.0,1.0,2.0,1.5,3.0,3.0,4.0,4.0,3.5,3.0,3.0,3.0,3.0,4.0,3.2,4.0,4.0,2.0,4.0,3.5,Medium
1182,31,Male,Nurse,Bachelor's (ongoing),2,Public,Other Urban,3.0,2.0,2.0,1.0,2.0,,3.0,,3.0,3.0,5.0,4.0,4.0,,4.333333333333333,2.0,3.0,4.0,4.0,3.0,3.2,4.0,4.0,3.0,3.0,3.5,Medium
1183,37,Male,Nurse,Secondary/HSC,15,Not Applicable,Semi-Urban,,3.0,1.0,3.0,2.3333333333333335,3.0,4.0,3.0,2.0,3.0,4.0,4.0,4.0,3.0,3.75,2.0,2.0,2.0,1.0,2.0,1.8,2.0,2.0,2.0,2.0,2.0,Low
1184,47,Male,Doctor,Postgraduate/Doctoral,24,Private,Dhaka,5.0,4.0,5.0,5.0,4.75,4.0,5.0,4.0,,4.333333333333333,2.0,2.0,1.0,3.0,2.0,4.0,5.0,4.0,4.0,5.0,4.4,1.0,1.0,2.0,1.0,1.25,Low
1185,25,Male,Doctor,Bachelor's (ongoing),1,Private,Dhaka,1.0,2.0,1.0,2.0,1.5,3.0,2.0,3.0,4.0,3.0,3.0,3.0,2.0,3.0,2.75,4.0,2.0,2.0,1.0,3.0,2.4,1.0,2.0,2.0,1.0,1.5,Low
1186,47,Female,Doctor,Postgraduate/Doctoral,17,Public,Dhaka,5.0,5.0,5.0,5.0,5.0,5.0,5.0,,5.0,5.0,2.0,2.0,1.0,,1.6666666666666667,5.0,3.0,4.0,4.0,3.0,3.8,3.0,4.0,3.0,4.0,3.5,Medium
1187,38,Male,Healthcare Student,Secondary/HSC,0,Private,Semi-Urban,2.0,2.0,3.0,1.0,2.0,3.0,2.0,3.0,2.0,2.5,3.0,3.0,3.0,2.0,2.75,3.0,2.0,1.0,2.0,3.0,2.2,2.0,2.0,3.0,2.0,2.25,Low
1188,24,Other/Prefer not to say,Healthcare Student,Bachelor's (ongoing),0,Not Applicable,Dhaka,2.0,3.0,4.0,2.0,2.75,2.0,,2.0,3.0,2.3333333333333335,,1.0,,3.0,2.0,4.0,5.0,5.0,4.0,4.0,4.4,5.0,5.0,5.0,5.0,5.0,High
1189,30,Male,Doctor,Postgraduate/Doctoral,4,NGO/Other,Dhaka,3.0,3.0,4.0,3.0,3.25,5.0,5.0,4.0,5.0,4.75,3.0,2.0,2.0,2.0,2.25,2.0,2.0,1.0,2.0,2.0,1.8,2.0,2.0,3.0,3.0,2.5,Low
1190,39,Female,Nurse,Bachelor's (completed),9,Private,Other Urban,3.0,3.0,3.0,3.0,3.0,1.0,2.0,2.0,1.0,1.5,4.0,4.0,4.0,3.0,3.75,5.0,5.0,5.0,5.0,4.0,4.8,3.0,4.0,3.0,3.0,3.25,Medium
1191,24,Male,Doctor,Postgraduate/Doctoral,0,Private,Other Urban,5.0,4.0,5.0,5.0,4.75,3.0,3.0,,4.0,3.3333333333333335,2.0,2.0,3.0,3.0,2.5,3.0,2.0,2.0,1.0,2.0,2.0,2.0,3.0,4.0,4.0,3.25,Medium
1192,36,Male,Doctor,Postgraduate/Doctoral,6,Private,Chattogram,2.0,3.0,3.0,2.0,2.5,5.0,4.0,5.0,4.0,4.5,3.0,3.0,3.0,3.0,3.0,2.0,3.0,3.0,3.0,3.0,2.8,3.0,3.0,4.0,2.0,3.0,Medium
1193,31,Female,Hospital Administrator,Bachelor's (ongoing),5,Private,Dhaka,1.0,2.0,1.0,2.0,1.5,5.0,4.0,5.0,4.0,4.5,2.0,2.0,2.0,3.0,2.25,3.0,3.0,5.0,3.0,4.0,3.6,4.0,3.0,2.0,3.0,3.0,Medium
1194,37,Female,IT Staff,Bachelor's (completed),19,Public,Chattogram,5.0,4.0,5.0,5.0,4.75,4.0,4.0,3.0,4.0,3.75,4.0,4.0,4.0,5.0,4.25,5.0,3.0,5.0,5.0,3.0,4.2,5.0,4.0,4.0,5.0,4.5,High
1195,24,Female,IT Staff,Postgraduate/Doctoral,0,Public,Semi-Urban,2.0,4.0,3.0,4.0,3.25,3.0,3.0,3.0,4.0,3.25,,1.0,1.0,1.0,1.0,3.0,3.0,4.0,2.0,3.0,3.0,3.0,3.0,3.0,3.0,3.0,Medium
1196,44,Male,Nurse,Postgraduate/Doctoral,16,Public,Dhaka,5.0,3.0,5.0,4.0,4.25,3.0,1.0,2.0,2.0,2.0,4.0,3.0,4.0,3.0,3.5,4.0,4.0,3.0,5.0,4.0,4.0,3.0,3.0,4.0,5.0,3.75,Medium
1197,51,Male,Hospital Administrator,Bachelor's (completed),21,Private,Semi-Urban,2.0,1.0,1.0,2.0,1.5,5.0,5.0,4.0,4.0,4.5,4.0,4.0,3.0,4.0,3.75,2.0,2.0,2.0,2.0,3.0,2.2,1.0,1.0,1.0,1.0,1.0,Low
1198,50,Female,Doctor,Bachelor's (completed),25,Public,Dhaka,1.0,2.0,1.0,2.0,1.5,3.0,2.0,3.0,3.0,2.75,4.0,5.0,5.0,4.0,4.5,4.0,3.0,4.0,3.0,4.0,3.6,2.0,1.0,2.0,2.0,1.75,Low
1199,40,Male,Doctor,Postgraduate/Doctoral,14,Public,Rural,4.0,5.0,5.0,5.0,4.75,3.0,2.0,3.0,1.0,2.25,2.0,2.0,3.0,3.0,2.5,,3.0,2.0,2.0,3.0,2.5,5.0,5.0,4.0,5.0,4.75,High
1200,26,Female,Other,Bachelor's (ongoing),4,NGO/Other,Rural,2.0,3.0,1.0,1.0,1.75,3.0,3.0,3.0,4.0,3.25,3.0,4.0,4.0,4.0,3.75,2.0,2.0,2.0,1.0,,1.75,2.0,2.0,1.0,1.0,1.5,Low
1201,40,Female,Healthcare Student,Bachelor's (ongoing),1,Not Applicable,Dhaka,1.0,1.0,1.0,1.0,1.0,2.0,3.0,4.0,2.0,2.75,4.0,4.0,5.0,5.0,4.5,2.0,1.0,2.0,1.0,1.0,1.4,1.0,1.0,1.0,1.0,1.0,Low
1202,23,Female,Other,Bachelor's (ongoing),2,Public,Chattogram,3.0,3.0,3.0,3.0,3.0,4.0,1.0,2.0,3.0,2.5,4.0,4.0,4.0,3.0,3.75,3.0,3.0,3.0,3.0,3.0,3.0,2.0,3.0,2.0,3.0,2.5,Low
1203,23,Female,Other,Bachelor's (ongoing),0,Public,Chattogram,2.0,3.0,3.0,2.0,2.5,,3.0,3.0,3.0,3.0,3.0,3.0,2.0,3.0,2.75,3.0,3.0,2.0,3.0,4.0,3.0,2.0,2.0,3.0,3.0,2.5,Low
1204,31,Female,IT Staff,Bachelor's (completed),5,Private,Rural,4.0,2.0,3.0,3.0,3.0,4.0,5.0,4.0,5.0,4.5,3.0,2.0,,3.0,2.6666666666666665,4.0,4.0,5.0,5.0,4.0,4.4,3.0,3.0,3.0,5.0,3.5,Medium
1205,34,Male,Other,Bachelor's (ongoing),9,Public,Other Urban,3.0,2.0,3.0,2.0,2.5,3.0,5.0,3.0,4.0,3.75,5.0,5.0,5.0,5.0,5.0,2.0,3.0,2.0,,3.0,2.5,2.0,2.0,3.0,2.0,2.25,Low
1206,40,Male,Nurse,Secondary/HSC,14,Private,Other Urban,3.0,2.0,2.0,2.0,2.25,1.0,3.0,3.0,2.0,2.25,2.0,4.0,3.0,3.0,3.0,3.0,2.0,3.0,2.0,2.0,2.4,2.0,1.0,3.0,3.0,2.25,Low
1207,38,Female,Doctor,Bachelor's (ongoing),14,Private,Dhaka,3.0,3.0,2.0,2.0,2.5,4.0,4.0,3.0,4.0,3.75,4.0,5.0,4.0,4.0,4.25,4.0,4.0,,5.0,5.0,4.5,3.0,2.0,3.0,1.0,2.25,Low
1208,33,Male,Doctor,Postgraduate/Doctoral,9,Public,Dhaka,4.0,3.0,3.0,,3.3333333333333335,,2.0,1.0,2.0,1.6666666666666667,3.0,3.0,3.0,3.0,3.0,4.0,4.0,,4.0,3.0,3.75,2.0,3.0,3.0,1.0,2.25,Low
1209,30,Male,Doctor,Bachelor's (completed),4,Private,Semi-Urban,5.0,5.0,5.0,2.0,4.25,4.0,4.0,4.0,4.0,4.0,2.0,2.0,3.0,3.0,2.5,4.0,4.0,5.0,4.0,4.0,4.2,3.0,3.0,2.0,3.0,2.75,Medium
1210,57,Male,Doctor,Bachelor's (completed),28,Public,Other Urban,2.0,2.0,2.0,1.0,1.75,4.0,5.0,4.0,3.0,4.0,3.0,3.0,4.0,5.0,3.75,4.0,3.0,5.0,3.0,4.0,3.8,3.0,3.0,3.0,4.0,3.25,Medium
1211,33,Female,Nurse,Bachelor's (completed),9,Private,Semi-Urban,3.0,1.0,3.0,3.0,2.5,1.0,3.0,3.0,5.0,3.0,2.0,2.0,2.0,3.0,2.25,4.0,5.0,5.0,4.0,4.0,4.4,2.0,3.0,2.0,4.0,2.75,Medium
1212,33,Female,IT Staff,Bachelor's (completed),10,Public,Rural,4.0,5.0,4.0,5.0,4.5,2.0,1.0,1.0,2.0,1.5,4.0,2.0,3.0,3.0,3.0,5.0,4.0,5.0,5.0,4.0,4.6,5.0,4.0,4.0,5.0,4.5,High
1213,27,Female,Healthcare Student,Bachelor's (completed),1,Public,Other Urban,3.0,3.0,3.0,3.0,3.0,1.0,1.0,1.0,1.0,1.0,3.0,4.0,3.0,2.0,3.0,4.0,3.0,3.0,2.0,3.0,3.0,3.0,2.0,2.0,3.0,2.5,Low
1214,41,Male,Hospital Administrator,Postgraduate/Doctoral,24,Public,Other Urban,5.0,5.0,5.0,4.0,4.75,2.0,2.0,1.0,3.0,2.0,5.0,5.0,5.0,4.0,4.75,3.0,3.0,2.0,2.0,3.0,2.6,4.0,3.0,3.0,3.0,3.25,Medium
1215,38,Male,Doctor,Postgraduate/Doctoral,8,NGO/Other,Rural,5.0,5.0,4.0,5.0,4.75,5.0,5.0,,5.0,5.0,3.0,3.0,4.0,3.0,3.25,4.0,5.0,4.0,4.0,3.0,4.0,5.0,4.0,4.0,5.0,4.5,High
1216,28,Male,Healthcare Student,Bachelor's (ongoing),1,Public,Semi-Urban,4.0,4.0,4.0,3.0,3.75,2.0,2.0,2.0,2.0,2.0,4.0,4.0,3.0,4.0,3.75,,2.0,2.0,3.0,1.0,2.0,3.0,4.0,4.0,5.0,4.0,High
1217,25,Male,Nurse,Bachelor's (ongoing),6,Public,Rural,3.0,3.0,5.0,3.0,3.5,4.0,4.0,4.0,,4.0,3.0,3.0,4.0,3.0,3.25,3.0,2.0,3.0,3.0,2.0,2.6,1.0,1.0,1.0,1.0,1.0,Low
1218,38,Female,Doctor,Bachelor's (ongoing),12,Public,Not Applicable,3.0,2.0,3.0,1.0,2.25,3.0,3.0,3.0,2.0,2.75,5.0,5.0,5.0,5.0,5.0,,3.0,3.0,3.0,4.0,3.25,5.0,4.0,5.0,4.0,4.5,High
1219,38,Female,Nurse,Bachelor's (ongoing),10,Private,Chattogram,2.0,2.0,2.0,2.0,2.0,,2.0,,4.0,3.0,2.0,2.0,2.0,3.0,2.25,3.0,4.0,3.0,2.0,3.0,3.0,1.0,2.0,2.0,2.0,1.75,Low
1220,30,Male,Nurse,Bachelor's (ongoing),3,Public,Semi-Urban,2.0,2.0,2.0,4.0,2.5,3.0,3.0,3.0,,3.0,3.0,3.0,4.0,3.0,3.25,3.0,3.0,2.0,2.0,2.0,2.4,3.0,4.0,4.0,5.0,4.0,High
1221,48,Male,Nurse,Bachelor's (ongoing),25,NGO/Other,Semi-Urban,1.0,1.0,1.0,1.0,1.0,5.0,5.0,5.0,5.0,5.0,2.0,2.0,2.0,2.0,2.0,3.0,3.0,3.0,3.0,3.0,3.0,1.0,1.0,1.0,2.0,1.25,Low
1222,27,Male,Healthcare Student,Bachelor's (ongoing),0,NGO/Other,Dhaka,4.0,3.0,4.0,4.0,3.75,3.0,4.0,3.0,2.0,3.0,3.0,2.0,2.0,3.0,2.5,3.0,3.0,3.0,2.0,3.0,2.8,1.0,2.0,1.0,2.0,1.5,Low
1223,33,Female,Healthcare Student,Bachelor's (ongoing),1,Private,Other Urban,2.0,3.0,2.0,3.0,2.5,3.0,3.0,3.0,4.0,3.25,4.0,4.0,5.0,3.0,4.0,4.0,3.0,4.0,4.0,3.0,3.6,2.0,2.0,2.0,2.0,2.0,Low
1224,48,Female,IT Staff,Bachelor's (ongoing),25,Private,Chattogram,3.0,2.0,3.0,3.0,2.75,5.0,4.0,4.0,4.0,4.25,3.0,2.0,2.0,3.0,2.5,2.0,2.0,2.0,2.0,3.0,2.2,2.0,3.0,2.0,2.0,2.25,Low
1225,33,Male,Doctor,Postgraduate/Doctoral,13,Public,Chattogram,5.0,2.0,4.0,3.0,3.5,2.0,3.0,2.0,3.0,2.5,4.0,3.0,3.0,3.0,3.25,,2.0,2.0,2.0,,2.0,5.0,3.0,3.0,2.0,3.25,Medium
1226,37,Female,Healthcare Student,Bachelor's (ongoing),0,Not Applicable,Dhaka,4.0,3.0,2.0,4.0,3.25,5.0,4.0,5.0,3.0,4.25,2.0,2.0,2.0,2.0,2.0,3.0,4.0,5.0,5.0,5.0,4.4,3.0,4.0,3.0,4.0,3.5,Medium
1227,32,Male,IT Staff,Bachelor's (ongoing),6,Not Applicable,Semi-Urban,1.0,,1.0,2.0,1.3333333333333333,,5.0,4.0,3.0,4.0,3.0,3.0,,3.0,3.0,2.0,2.0,2.0,2.0,1.0,1.8,3.0,1.0,2.0,2.0,2.0,Low
1228,30,Male,Doctor,Secondary/HSC,5,Public,Semi-Urban,1.0,1.0,1.0,1.0,1.0,4.0,,2.0,4.0,3.3333333333333335,4.0,4.0,5.0,5.0,4.5,3.0,1.0,2.0,3.0,4.0,2.6,3.0,2.0,2.0,2.0,2.25,Low
1229,52,Female,IT Staff,Bachelor's (completed),25,Private,Other Urban,1.0,1.0,1.0,1.0,1.0,4.0,3.0,3.0,4.0,3.5,5.0,4.0,5.0,4.0,4.5,5.0,5.0,5.0,5.0,5.0,5.0,3.0,3.0,3.0,3.0,3.0,Medium
1230,32,Male,Nurse,Bachelor's (ongoing),8,Public,Dhaka,3.0,4.0,2.0,,3.0,3.0,2.0,2.0,2.0,2.25,2.0,2.0,3.0,3.0,2.5,3.0,4.0,3.0,4.0,3.0,3.4,3.0,3.0,4.0,3.0,3.25,Medium
1231,45,Male,Nurse,Bachelor's (completed),19,Private,Other Urban,3.0,1.0,2.0,1.0,1.75,2.0,2.0,3.0,2.0,2.25,3.0,4.0,4.0,2.0,3.25,4.0,4.0,4.0,4.0,5.0,4.2,2.0,2.0,2.0,2.0,2.0,Low
1232,29,Female,Doctor,Postgraduate/Doctoral,7,Private,Dhaka,,3.0,4.0,3.0,3.3333333333333335,2.0,1.0,1.0,3.0,1.75,3.0,4.0,2.0,3.0,3.0,4.0,,4.0,5.0,5.0,4.5,5.0,3.0,4.0,5.0,4.25,High
1233,28,Male,Hospital Administrator,Bachelor's (completed),4,NGO/Other,Dhaka,,3.0,3.0,4.0,3.3333333333333335,2.0,1.0,1.0,1.0,1.25,3.0,2.0,4.0,4.0,3.25,4.0,4.0,4.0,3.0,3.0,3.6,2.0,4.0,4.0,3.0,3.25,Medium
1234,23,Female,Doctor,Postgraduate/Doctoral,0,Public,Dhaka,3.0,5.0,5.0,3.0,4.0,4.0,3.0,4.0,2.0,3.25,2.0,2.0,3.0,3.0,2.5,3.0,5.0,2.0,3.0,2.0,3.0,4.0,3.0,3.0,3.0,3.25,Medium
1235,37,Male,Doctor,Postgraduate/Doctoral,13,Private,Rural,2.0,3.0,2.0,2.0,2.25,4.0,3.0,4.0,3.0,3.5,2.0,3.0,4.0,3.0,3.0,3.0,2.0,1.0,1.0,2.0,1.8,4.0,4.0,4.0,4.0,4.0,High
1236,32,Male,Doctor,Postgraduate/Doctoral,9,Private,Chattogram,5.0,5.0,5.0,5.0,5.0,5.0,3.0,2.0,5.0,3.75,2.0,1.0,1.0,2.0,1.5,3.0,3.0,4.0,4.0,3.0,3.4,4.0,5.0,5.0,4.0,4.5,High
1237,43,Male,Other,Bachelor's (ongoing),18,Public,Other Urban,,2.0,3.0,2.0,2.3333333333333335,4.0,5.0,3.0,3.0,3.75,5.0,5.0,5.0,5.0,5.0,4.0,3.0,4.0,3.0,4.0,3.6,2.0,2.0,2.0,1.0,1.75,Low
1238,34,Male,Nurse,Bachelor's (ongoing),6,Private,Rural,2.0,2.0,1.0,2.0,1.75,2.0,3.0,3.0,2.0,2.5,2.0,3.0,3.0,5.0,3.25,3.0,3.0,4.0,4.0,4.0,3.6,5.0,3.0,3.0,4.0,3.75,Medium
1239,50,Male,Nurse,Bachelor's (completed),14,Private,Chattogram,1.0,1.0,2.0,2.0,1.5,3.0,2.0,2.0,2.0,2.25,4.0,3.0,4.0,4.0,3.75,5.0,5.0,5.0,5.0,5.0,5.0,1.0,1.0,2.0,2.0,1.5,Low
1240,28,Male,Nurse,Bachelor's (completed),7,Private,Rural,2.0,3.0,3.0,3.0,2.75,2.0,2.0,3.0,2.0,2.25,4.0,3.0,4.0,3.0,3.5,4.0,3.0,4.0,3.0,3.0,3.4,4.0,5.0,5.0,4.0,4.5,High
1241,44,Female,Healthcare Student,Bachelor's (ongoing),0,Not Applicable,Dhaka,2.0,2.0,2.0,2.0,2.0,4.0,3.0,3.0,1.0,2.75,2.0,4.0,4.0,3.0,3.25,4.0,4.0,,4.0,4.0,4.0,3.0,2.0,2.0,2.0,2.25,Low
1242,41,Male,Hospital Administrator,Bachelor's (completed),15,Public,Dhaka,4.0,4.0,4.0,5.0,4.25,3.0,1.0,2.0,,2.0,,2.0,4.0,3.0,3.0,4.0,4.0,4.0,5.0,5.0,4.4,4.0,3.0,4.0,4.0,3.75,Medium
1243,40,Male,Other,Bachelor's (ongoing),15,Public,Dhaka,2.0,,2.0,4.0,2.6666666666666665,5.0,4.0,4.0,5.0,4.5,3.0,3.0,3.0,2.0,2.75,4.0,3.0,4.0,4.0,3.0,3.6,3.0,2.0,2.0,2.0,2.25,Low
1244,43,Male,Nurse,Bachelor's (ongoing),12,Public,Other Urban,4.0,3.0,4.0,4.0,3.75,2.0,2.0,1.0,2.0,1.75,4.0,5.0,5.0,5.0,4.75,3.0,3.0,3.0,4.0,3.0,3.2,4.0,4.0,3.0,4.0,3.75,Medium
1245,40,Male,Doctor,Postgraduate/Doctoral,15,Public,Rural,3.0,2.0,3.0,3.0,2.75,5.0,4.0,5.0,5.0,4.75,5.0,4.0,5.0,4.0,4.5,3.0,3.0,,3.0,3.0,3.0,3.0,3.0,4.0,4.0,3.5,Medium
1246,37,Male,Hospital Administrator,Bachelor's (completed),10,Private,Other Urban,3.0,3.0,4.0,4.0,3.5,3.0,3.0,3.0,4.0,3.25,3.0,4.0,2.0,2.0,2.75,2.0,2.0,4.0,2.0,4.0,2.8,5.0,5.0,5.0,4.0,4.75,High
1247,26,Female,Nurse,Bachelor's (completed),1,NGO/Other,Other Urban,5.0,3.0,4.0,5.0,4.25,2.0,3.0,4.0,,3.0,,2.0,3.0,,2.5,2.0,3.0,3.0,4.0,3.0,3.0,2.0,3.0,2.0,4.0,2.75,Medium
1248,23,Male,Healthcare Student,Bachelor's (ongoing),0,Private,Dhaka,3.0,4.0,4.0,3.0,3.5,4.0,4.0,4.0,3.0,3.75,2.0,3.0,3.0,3.0,2.75,2.0,3.0,4.0,3.0,3.0,3.0,3.0,2.0,3.0,2.0,2.5,Low
1249,46,Female,Healthcare Student,Bachelor's (ongoing),1,NGO/Other,Rural,3.0,3.0,,2.0,2.6666666666666665,4.0,5.0,5.0,5.0,4.75,4.0,4.0,5.0,3.0,4.0,3.0,3.0,3.0,4.0,3.0,3.2,2.0,3.0,2.0,3.0,2.5,Low
1250,37,Female,Nurse,Bachelor's (completed),9,Public,Chattogram,3.0,,3.0,3.0,3.0,5.0,4.0,5.0,3.0,4.25,3.0,3.0,3.0,3.0,3.0,2.0,3.0,3.0,2.0,2.0,2.4,2.0,1.0,1.0,1.0,1.25,Low
1251,41,Male,Other,Bachelor's (ongoing),14,Public,Dhaka,3.0,2.0,3.0,3.0,2.75,2.0,2.0,2.0,2.0,2.0,3.0,2.0,,3.0,2.6666666666666665,3.0,4.0,3.0,4.0,4.0,3.6,3.0,2.0,1.0,1.0,1.75,Low
1252,34,Male,Hospital Administrator,Bachelor's (ongoing),11,Private,Not Applicable,1.0,2.0,1.0,1.0,1.25,3.0,2.0,3.0,3.0,2.75,2.0,2.0,2.0,2.0,2.0,4.0,5.0,5.0,4.0,4.0,4.4,2.0,4.0,4.0,4.0,3.5,Medium
1253,26,Male,Nurse,Bachelor's (ongoing),6,Private,Chattogram,3.0,3.0,3.0,3.0,3.0,2.0,1.0,2.0,2.0,1.75,3.0,3.0,4.0,,3.3333333333333335,3.0,4.0,3.0,2.0,3.0,3.0,4.0,2.0,4.0,2.0,3.0,Medium
1254,26,Female,Nurse,Bachelor's (completed),4,Public,Dhaka,4.0,5.0,4.0,4.0,4.25,1.0,1.0,1.0,,1.0,3.0,,2.0,3.0,2.6666666666666665,4.0,5.0,5.0,5.0,4.0,4.6,5.0,5.0,5.0,5.0,5.0,High
1255,38,Male,Doctor,Postgraduate/Doctoral,9,NGO/Other,Dhaka,4.0,4.0,4.0,,4.0,3.0,3.0,3.0,2.0,2.75,3.0,3.0,3.0,3.0,3.0,4.0,4.0,3.0,4.0,4.0,3.8,5.0,4.0,5.0,5.0,4.75,High
1256,33,Female,Healthcare Student,Bachelor's (completed),1,Private,Dhaka,4.0,3.0,2.0,3.0,3.0,4.0,4.0,4.0,5.0,4.25,2.0,4.0,3.0,3.0,3.0,4.0,3.0,3.0,4.0,3.0,3.4,3.0,3.0,4.0,2.0,3.0,Medium
1257,28,Female,Doctor,Postgraduate/Doctoral,4,Public,Semi-Urban,5.0,5.0,5.0,4.0,4.75,3.0,3.0,3.0,4.0,3.25,3.0,2.0,1.0,2.0,2.0,4.0,3.0,4.0,4.0,3.0,3.6,4.0,5.0,5.0,5.0,4.75,High
1258,34,Female,Nurse,Bachelor's (completed),13,Private,Chattogram,3.0,3.0,3.0,2.0,2.75,5.0,5.0,4.0,5.0,4.75,4.0,4.0,5.0,3.0,4.0,3.0,3.0,3.0,3.0,3.0,3.0,3.0,2.0,2.0,3.0,2.5,Low
1259,24,Male,Hospital Administrator,Bachelor's (completed),0,Private,Rural,3.0,3.0,4.0,2.0,3.0,5.0,5.0,4.0,4.0,4.5,,,2.0,3.0,2.5,1.0,1.0,1.0,1.0,1.0,1.0,2.0,1.0,2.0,1.0,1.5,Low
1260,36,Other/Prefer not to say,Doctor,Bachelor's (completed),13,Public,Dhaka,3.0,3.0,3.0,3.0,3.0,5.0,5.0,5.0,5.0,5.0,5.0,5.0,4.0,4.0,4.5,3.0,3.0,5.0,5.0,3.0,3.8,1.0,1.0,1.0,3.0,1.5,Low
1261,30,Male,Doctor,Postgraduate/Doctoral,12,Private,Other Urban,3.0,2.0,3.0,3.0,2.75,5.0,5.0,4.0,5.0,4.75,3.0,3.0,4.0,3.0,3.25,5.0,5.0,5.0,5.0,5.0,5.0,3.0,3.0,3.0,4.0,3.25,Medium
1262,41,Male,IT Staff,Bachelor's (completed),12,Private,Semi-Urban,5.0,4.0,3.0,3.0,3.75,5.0,5.0,4.0,5.0,4.75,3.0,3.0,2.0,2.0,2.5,4.0,4.0,5.0,4.0,4.0,4.2,4.0,2.0,3.0,3.0,3.0,Medium
1263,30,Male,Doctor,Bachelor's (completed),7,Private,Other Urban,4.0,4.0,4.0,4.0,4.0,2.0,4.0,3.0,2.0,2.75,3.0,4.0,3.0,3.0,3.25,3.0,2.0,5.0,4.0,4.0,3.6,3.0,5.0,4.0,4.0,4.0,High
1264,33,Female,Nurse,Postgraduate/Doctoral,5,NGO/Other,Other Urban,4.0,4.0,5.0,4.0,4.25,3.0,3.0,3.0,2.0,2.75,1.0,1.0,1.0,1.0,1.0,3.0,4.0,4.0,3.0,3.0,3.4,4.0,4.0,4.0,4.0,4.0,High
1265,22,Female,Nurse,Bachelor's (ongoing),1,Private,Other Urban,2.0,4.0,3.0,4.0,3.25,3.0,2.0,4.0,3.0,3.0,4.0,4.0,5.0,3.0,4.0,,5.0,5.0,5.0,5.0,5.0,2.0,1.0,2.0,2.0,1.75,Low
1266,25,Female,Nurse,Secondary/HSC,3,Public,Semi-Urban,2.0,3.0,1.0,3.0,2.25,2.0,4.0,3.0,3.0,3.0,3.0,4.0,4.0,3.0,3.5,3.0,3.0,2.0,4.0,3.0,3.0,3.0,3.0,4.0,5.0,3.75,Medium
1267,32,Male,Doctor,Bachelor's (completed),7,Public,Rural,2.0,2.0,1.0,2.0,1.75,3.0,3.0,2.0,3.0,2.75,4.0,5.0,5.0,5.0,4.75,3.0,3.0,3.0,3.0,3.0,3.0,1.0,1.0,1.0,1.0,1.0,Low
1268,34,Female,Healthcare Student,Bachelor's (completed),1,Private,Dhaka,3.0,3.0,3.0,4.0,3.25,3.0,4.0,4.0,4.0,3.75,2.0,2.0,1.0,3.0,2.0,2.0,3.0,2.0,2.0,3.0,2.4,4.0,4.0,5.0,5.0,4.5,High
1269,36,Male,Other,Postgraduate/Doctoral,10,Public,Chattogram,3.0,3.0,4.0,4.0,3.5,3.0,3.0,3.0,2.0,2.75,2.0,1.0,1.0,1.0,1.25,3.0,3.0,3.0,3.0,3.0,3.0,3.0,4.0,3.0,3.0,3.25,Medium
1270,30,Male,Doctor,Postgraduate/Doctoral,6,Public,Other Urban,3.0,3.0,4.0,3.0,3.25,2.0,2.0,1.0,2.0,1.75,3.0,3.0,3.0,3.0,3.0,4.0,4.0,3.0,4.0,4.0,3.8,4.0,4.0,3.0,4.0,3.75,Medium
1271,38,Female,Other,Postgraduate/Doctoral,13,Private,Dhaka,3.0,4.0,3.0,4.0,3.5,4.0,3.0,4.0,3.0,3.5,3.0,3.0,3.0,2.0,2.75,4.0,5.0,5.0,5.0,4.0,4.6,3.0,4.0,4.0,3.0,3.5,Medium
1272,43,Male,Hospital Administrator,Postgraduate/Doctoral,12,Public,Dhaka,4.0,2.0,3.0,4.0,3.25,3.0,3.0,2.0,3.0,2.75,4.0,2.0,3.0,4.0,3.25,4.0,4.0,4.0,4.0,4.0,4.0,4.0,5.0,5.0,2.0,4.0,High
1273,41,Male,IT Staff,Postgraduate/Doctoral,11,Public,Not Applicable,5.0,5.0,5.0,5.0,5.0,2.0,,3.0,2.0,2.3333333333333335,3.0,3.0,2.0,3.0,2.75,3.0,1.0,3.0,3.0,3.0,2.6,3.0,3.0,3.0,4.0,3.25,Medium
1274,24,Female,IT Staff,Postgraduate/Doctoral,0,Private,Dhaka,4.0,3.0,4.0,3.0,3.5,2.0,2.0,2.0,2.0,2.0,,1.0,1.0,1.0,1.0,4.0,3.0,3.0,2.0,2.0,2.8,4.0,4.0,5.0,5.0,4.5,High
1275,34,Male,IT Staff,Bachelor's (completed),12,Public,Dhaka,3.0,3.0,5.0,5.0,4.0,3.0,2.0,2.0,1.0,2.0,1.0,2.0,2.0,2.0,1.75,4.0,3.0,4.0,5.0,4.0,4.0,3.0,3.0,3.0,3.0,3.0,Medium
1276,26,Male,Healthcare Student,Bachelor's (completed),0,NGO/Other,Other Urban,2.0,3.0,2.0,2.0,2.25,4.0,4.0,5.0,4.0,4.25,3.0,2.0,3.0,2.0,2.5,2.0,3.0,3.0,1.0,4.0,2.6,3.0,3.0,3.0,1.0,2.5,Low
1277,29,Male,Nurse,Bachelor's (completed),0,Private,Dhaka,3.0,4.0,3.0,2.0,3.0,4.0,2.0,2.0,3.0,2.75,1.0,,2.0,2.0,1.6666666666666667,4.0,4.0,5.0,5.0,5.0,4.6,4.0,3.0,3.0,3.0,3.25,Medium
1278,53,Male,Hospital Administrator,Bachelor's (completed),24,Public,Dhaka,2.0,3.0,2.0,3.0,2.5,4.0,5.0,4.0,5.0,4.5,3.0,2.0,2.0,2.0,2.25,2.0,2.0,2.0,2.0,2.0,2.0,3.0,1.0,2.0,2.0,2.0,Low
1279,27,Female,Nurse,Bachelor's (ongoing),8,Public,Dhaka,3.0,2.0,3.0,2.0,2.5,2.0,3.0,3.0,,2.6666666666666665,3.0,3.0,2.0,,2.6666666666666665,2.0,4.0,4.0,3.0,3.0,3.2,3.0,4.0,2.0,2.0,2.75,Medium
1280,34,Female,Doctor,Postgraduate/Doctoral,9,Private,Dhaka,3.0,5.0,4.0,4.0,4.0,2.0,3.0,3.0,4.0,3.0,2.0,4.0,2.0,2.0,2.5,3.0,3.0,4.0,4.0,3.0,3.4,1.0,2.0,3.0,2.0,2.0,Low
1281,37,Male,IT Staff,Postgraduate/Doctoral,13,Public,Chattogram,5.0,4.0,4.0,5.0,4.5,3.0,3.0,4.0,4.0,3.5,4.0,3.0,5.0,4.0,4.0,4.0,4.0,5.0,5.0,4.0,4.4,4.0,4.0,3.0,3.0,3.5,Medium
1282,39,Male,Doctor,Bachelor's (completed),11,Private,Semi-Urban,3.0,3.0,1.0,2.0,2.25,2.0,2.0,2.0,,2.0,2.0,3.0,3.0,4.0,3.0,,2.0,2.0,2.0,3.0,2.25,3.0,3.0,3.0,2.0,2.75,Medium
1283,35,Male,Nurse,Postgraduate/Doctoral,11,Private,Dhaka,4.0,3.0,5.0,5.0,4.25,3.0,3.0,4.0,5.0,3.75,,4.0,4.0,4.0,4.0,2.0,2.0,,1.0,3.0,2.0,4.0,4.0,3.0,4.0,3.75,Medium
1284,22,Female,Doctor,Postgraduate/Doctoral,1,Private,Chattogram,4.0,4.0,4.0,5.0,4.25,4.0,4.0,4.0,4.0,4.0,2.0,2.0,3.0,3.0,2.5,2.0,4.0,3.0,3.0,4.0,3.2,2.0,3.0,3.0,1.0,2.25,Low
1285,31,Female,Doctor,Bachelor's (completed),2,Public,Other Urban,3.0,3.0,2.0,4.0,3.0,4.0,4.0,,3.0,3.6666666666666665,4.0,4.0,3.0,3.0,3.5,4.0,5.0,5.0,4.0,3.0,4.2,3.0,3.0,2.0,3.0,2.75,Medium
1286,35,Female,IT Staff,Bachelor's (ongoing),6,NGO/Other,Dhaka,3.0,4.0,4.0,3.0,3.5,2.0,3.0,2.0,1.0,2.0,5.0,5.0,4.0,5.0,4.75,5.0,4.0,3.0,5.0,4.0,4.2,3.0,3.0,2.0,2.0,2.5,Low
1287,25,Male,IT Staff,Bachelor's (completed),0,Public,Chattogram,4.0,5.0,4.0,5.0,4.5,2.0,1.0,2.0,2.0,1.75,2.0,1.0,1.0,2.0,1.5,3.0,,2.0,4.0,4.0,3.25,5.0,5.0,5.0,5.0,5.0,High
1288,31,Male,Nurse,Bachelor's (completed),5,NGO/Other,Chattogram,4.0,3.0,5.0,4.0,4.0,1.0,1.0,2.0,3.0,1.75,2.0,2.0,,1.0,1.6666666666666667,4.0,5.0,4.0,3.0,4.0,4.0,3.0,4.0,3.0,4.0,3.5,Medium
1289,23,Male,Doctor,Bachelor's (completed),2,Private,Dhaka,3.0,,5.0,4.0,4.0,4.0,5.0,5.0,4.0,4.5,2.0,2.0,1.0,3.0,2.0,4.0,4.0,4.0,4.0,4.0,4.0,5.0,5.0,4.0,4.0,4.5,High
1290,25,Female,Nurse,Bachelor's (completed),1,Public,Chattogram,4.0,3.0,4.0,5.0,4.0,2.0,3.0,,3.0,2.6666666666666665,3.0,3.0,3.0,3.0,3.0,4.0,3.0,5.0,4.0,4.0,4.0,3.0,4.0,3.0,2.0,3.0,Medium
1291,32,Male,Nurse,Bachelor's (ongoing),4,Public,Dhaka,1.0,2.0,3.0,3.0,2.25,2.0,3.0,3.0,2.0,2.5,3.0,3.0,2.0,2.0,2.5,3.0,3.0,4.0,3.0,4.0,3.4,1.0,3.0,2.0,2.0,2.0,Low
1292,26,Female,Healthcare Student,Bachelor's (ongoing),0,Public,Rural,1.0,1.0,2.0,2.0,1.5,1.0,2.0,2.0,1.0,1.5,3.0,3.0,3.0,3.0,3.0,1.0,1.0,1.0,1.0,1.0,1.0,1.0,2.0,1.0,1.0,1.25,Low
1293,36,Female,Hospital Administrator,Postgraduate/Doctoral,7,NGO/Other,Not Applicable,3.0,3.0,2.0,2.0,2.5,3.0,4.0,2.0,2.0,2.75,3.0,3.0,2.0,2.0,2.5,3.0,5.0,4.0,3.0,3.0,3.6,3.0,2.0,2.0,3.0,2.5,Low
1294,38,Male,Nurse,Bachelor's (completed),7,Public,Rural,1.0,3.0,1.0,2.0,1.75,2.0,,3.0,3.0,2.6666666666666665,3.0,3.0,4.0,4.0,3.5,2.0,2.0,2.0,3.0,,2.25,3.0,3.0,2.0,3.0,2.75,Medium
1295,41,Male,Nurse,Bachelor's (completed),16,NGO/Other,Dhaka,4.0,5.0,3.0,5.0,4.25,5.0,5.0,4.0,5.0,4.75,3.0,4.0,3.0,4.0,3.5,4.0,3.0,3.0,4.0,3.0,3.4,4.0,5.0,5.0,5.0,4.75,High
1296,28,Male,Other,Bachelor's (completed),4,Private,Semi-Urban,1.0,1.0,2.0,1.0,1.25,3.0,3.0,3.0,4.0,3.25,4.0,4.0,4.0,4.0,4.0,,1.0,3.0,1.0,2.0,1.75,3.0,3.0,3.0,3.0,3.0,Medium
1297,27,Male,Healthcare Student,Postgraduate/Doctoral,1,Private,Other Urban,5.0,5.0,4.0,,4.666666666666667,,2.0,1.0,2.0,1.6666666666666667,2.0,1.0,2.0,2.0,1.75,,3.0,3.0,3.0,3.0,3.0,4.0,5.0,4.0,4.0,4.25,High
1298,26,Male,Nurse,Bachelor's (ongoing),7,Private,Dhaka,2.0,3.0,2.0,2.0,2.25,3.0,4.0,3.0,3.0,3.25,2.0,4.0,3.0,3.0,3.0,4.0,4.0,5.0,4.0,4.0,4.2,2.0,3.0,3.0,3.0,2.75,Medium
1299,37,Female,Nurse,Bachelor's (ongoing),13,Public,Rural,2.0,4.0,3.0,4.0,3.25,4.0,4.0,4.0,4.0,4.0,,2.0,4.0,3.0,3.0,3.0,3.0,3.0,3.0,3.0,3.0,4.0,3.0,2.0,3.0,3.0,Medium
1300,39,Male,Doctor,Bachelor's (completed),11,Public,Semi-Urban,1.0,1.0,1.0,1.0,1.0,3.0,3.0,2.0,2.0,2.5,3.0,2.0,2.0,3.0,2.5,3.0,2.0,,3.0,3.0,2.75,3.0,5.0,3.0,5.0,4.0,High
1301,23,Male,Other,Bachelor's (completed),2,NGO/Other,Dhaka,4.0,3.0,3.0,3.0,3.25,4.0,1.0,3.0,3.0,2.75,4.0,4.0,4.0,4.0,4.0,4.0,5.0,5.0,5.0,5.0,4.8,4.0,5.0,4.0,5.0,4.5,High
1302,47,Female,Nurse,Bachelor's (completed),20,Public,Not Applicable,4.0,4.0,3.0,3.0,3.5,3.0,4.0,4.0,2.0,3.25,3.0,3.0,3.0,3.0,3.0,3.0,2.0,3.0,3.0,1.0,2.4,3.0,3.0,3.0,2.0,2.75,Medium
1303,24,Female,Nurse,Bachelor's (completed),2,NGO/Other,Dhaka,5.0,4.0,4.0,,4.333333333333333,2.0,3.0,3.0,3.0,2.75,3.0,3.0,3.0,3.0,3.0,5.0,4.0,4.0,5.0,5.0,4.6,2.0,3.0,3.0,2.0,2.5,Low
1304,35,Male,Other,Bachelor's (ongoing),6,Not Applicable,Other Urban,2.0,2.0,2.0,1.0,1.75,1.0,1.0,3.0,1.0,1.5,3.0,4.0,4.0,3.0,3.5,4.0,4.0,4.0,4.0,4.0,4.0,4.0,4.0,2.0,3.0,3.25,Medium
1305,39,Female,IT Staff,Secondary/HSC,10,Public,Dhaka,,1.0,1.0,1.0,1.0,4.0,3.0,3.0,2.0,3.0,4.0,5.0,5.0,3.0,4.25,2.0,4.0,3.0,2.0,3.0,2.8,1.0,1.0,1.0,1.0,1.0,Low
1306,44,Female,Doctor,Postgraduate/Doctoral,16,Private,Dhaka,2.0,2.0,2.0,,2.0,4.0,5.0,4.0,4.0,4.25,2.0,1.0,2.0,1.0,1.5,4.0,4.0,4.0,5.0,4.0,4.2,3.0,3.0,4.0,3.0,3.25,Medium
1307,39,Female,Doctor,Postgraduate/Doctoral,17,Public,Not Applicable,5.0,4.0,4.0,5.0,4.5,5.0,5.0,3.0,5.0,4.5,3.0,2.0,4.0,,3.0,3.0,2.0,3.0,3.0,2.0,2.6,3.0,1.0,2.0,2.0,2.0,Low
1308,41,Female,Doctor,Bachelor's (completed),10,Private,Other Urban,3.0,3.0,3.0,3.0,3.0,3.0,2.0,3.0,3.0,2.75,3.0,3.0,2.0,3.0,2.75,4.0,4.0,4.0,3.0,2.0,3.4,4.0,2.0,3.0,3.0,3.0,Medium
1309,31,Male,Hospital Administrator,Bachelor's (ongoing),8,Not Applicable,Dhaka,2.0,,,2.0,2.0,2.0,2.0,2.0,2.0,2.0,2.0,,3.0,2.0,2.3333333333333335,2.0,3.0,3.0,3.0,3.0,2.8,4.0,5.0,4.0,3.0,4.0,High
1310,42,Female,Doctor,Bachelor's (completed),13,NGO/Other,Semi-Urban,2.0,4.0,4.0,2.0,3.0,2.0,,3.0,3.0,2.6666666666666665,3.0,4.0,3.0,2.0,3.0,3.0,3.0,2.0,3.0,,2.75,2.0,2.0,3.0,3.0,2.5,Low
1311,25,Male,Other,Bachelor's (ongoing),3,NGO/Other,Rural,2.0,2.0,2.0,1.0,1.75,3.0,3.0,4.0,2.0,3.0,3.0,3.0,3.0,3.0,3.0,2.0,3.0,2.0,3.0,3.0,2.6,1.0,1.0,1.0,1.0,1.0,Low
1312,45,Female,Other,Bachelor's (ongoing),22,Public,Rural,3.0,2.0,2.0,2.0,2.25,5.0,3.0,3.0,3.0,3.5,3.0,5.0,4.0,4.0,4.0,3.0,1.0,1.0,2.0,3.0,2.0,2.0,2.0,2.0,1.0,1.75,Low
1313,35,Female,Hospital Administrator,Bachelor's (completed),7,Private,Rural,4.0,2.0,2.0,2.0,2.5,4.0,5.0,3.0,4.0,4.0,3.0,3.0,3.0,3.0,3.0,2.0,3.0,3.0,3.0,3.0,2.8,5.0,4.0,4.0,3.0,4.0,High
1314,42,Male,Hospital Administrator,Bachelor's (completed),14,Public,Rural,3.0,3.0,3.0,2.0,2.75,3.0,2.0,3.0,3.0,2.75,3.0,3.0,3.0,2.0,2.75,2.0,2.0,1.0,1.0,2.0,1.6,4.0,5.0,5.0,4.0,4.5,High
1315,33,Male,Nurse,Bachelor's (ongoing),9,NGO/Other,Other Urban,2.0,3.0,2.0,3.0,2.5,2.0,3.0,2.0,4.0,2.75,2.0,1.0,3.0,2.0,2.0,2.0,2.0,3.0,3.0,4.0,2.8,3.0,4.0,3.0,4.0,3.5,Medium
1316,37,Female,Doctor,Postgraduate/Doctoral,8,Public,Dhaka,2.0,2.0,3.0,3.0,2.5,2.0,3.0,3.0,3.0,2.75,4.0,3.0,4.0,3.0,3.5,3.0,2.0,,3.0,3.0,2.75,3.0,4.0,2.0,4.0,3.25,Medium
1317,35,Female,Healthcare Student,Secondary/HSC,0,Public,Rural,1.0,1.0,2.0,1.0,1.25,3.0,2.0,3.0,,2.6666666666666665,3.0,2.0,3.0,3.0,2.75,1.0,2.0,1.0,1.0,1.0,1.2,1.0,1.0,1.0,1.0,1.0,Low
1318,39,Male,Doctor,Postgraduate/Doctoral,17,Public,Dhaka,4.0,4.0,4.0,4.0,4.0,4.0,4.0,5.0,5.0,4.5,1.0,4.0,2.0,3.0,2.5,3.0,4.0,4.0,4.0,3.0,3.6,4.0,5.0,3.0,5.0,4.25,High
1319,25,Female,Doctor,Postgraduate/Doctoral,3,Public,Dhaka,4.0,4.0,5.0,4.0,4.25,2.0,1.0,2.0,1.0,1.5,4.0,4.0,4.0,3.0,3.75,5.0,4.0,3.0,3.0,2.0,3.4,3.0,2.0,2.0,1.0,2.0,Low
1320,24,Female,Nurse,Bachelor's (ongoing),1,Public,Chattogram,2.0,3.0,3.0,2.0,2.5,2.0,,2.0,3.0,2.3333333333333335,3.0,4.0,3.0,3.0,3.25,3.0,4.0,5.0,3.0,5.0,4.0,4.0,5.0,3.0,4.0,4.0,High
1321,29,Male,Doctor,Bachelor's (completed),8,Public,Dhaka,4.0,3.0,5.0,5.0,4.25,2.0,2.0,2.0,2.0,2.0,3.0,4.0,3.0,3.0,3.25,3.0,3.0,,2.0,3.0,2.75,3.0,3.0,4.0,3.0,3.25,Medium
1322,27,Male,Nurse,Bachelor's (completed),2,NGO/Other,Other Urban,1.0,3.0,3.0,4.0,2.75,,2.0,3.0,4.0,3.0,1.0,2.0,1.0,2.0,1.5,3.0,4.0,3.0,3.0,3.0,3.2,2.0,3.0,1.0,3.0,2.25,Low
1323,44,Male,IT Staff,Postgraduate/Doctoral,14,Private,Rural,4.0,4.0,3.0,2.0,3.25,4.0,4.0,5.0,4.0,4.25,2.0,1.0,2.0,2.0,1.75,4.0,3.0,5.0,5.0,5.0,4.4,3.0,4.0,5.0,5.0,4.25,High
1324,28,Female,Healthcare Student,Secondary/HSC,1,Public,Chattogram,1.0,2.0,1.0,2.0,1.5,3.0,2.0,3.0,4.0,3.0,4.0,5.0,5.0,4.0,4.5,3.0,3.0,3.0,3.0,2.0,2.8,4.0,1.0,1.0,2.0,2.0,Low
1325,51,Male,Hospital Administrator,Bachelor's (ongoing),23,Private,Other Urban,3.0,3.0,2.0,3.0,2.75,3.0,3.0,4.0,3.0,3.25,4.0,5.0,4.0,3.0,4.0,3.0,3.0,3.0,4.0,3.0,3.2,3.0,1.0,1.0,2.0,1.75,Low
1326,31,Female,Healthcare Student,Bachelor's (ongoing),0,Private,Chattogram,3.0,2.0,2.0,3.0,2.5,5.0,4.0,4.0,5.0,4.5,4.0,4.0,4.0,4.0,4.0,5.0,5.0,5.0,5.0,5.0,5.0,3.0,3.0,2.0,2.0,2.5,Low
1327,28,Male,Nurse,Bachelor's (completed),7,Private,Semi-Urban,3.0,3.0,3.0,4.0,3.25,3.0,3.0,3.0,4.0,3.25,3.0,2.0,3.0,4.0,3.0,4.0,3.0,4.0,3.0,3.0,3.4,4.0,5.0,2.0,3.0,3.5,Medium
1328,41,Female,Healthcare Student,Bachelor's (completed),1,Public,Dhaka,1.0,2.0,1.0,3.0,1.75,4.0,4.0,3.0,3.0,3.5,5.0,5.0,5.0,5.0,5.0,3.0,4.0,3.0,4.0,5.0,3.8,2.0,1.0,2.0,2.0,1.75,Low
1329,38,Male,Hospital Administrator,Bachelor's (completed),13,Private,Dhaka,3.0,5.0,4.0,4.0,4.0,3.0,4.0,4.0,4.0,3.75,2.0,3.0,3.0,3.0,2.75,4.0,3.0,5.0,2.0,3.0,3.4,2.0,2.0,2.0,2.0,2.0,Low
1330,34,Male,Nurse,Bachelor's (ongoing),12,Public,Other Urban,1.0,1.0,2.0,2.0,1.5,1.0,1.0,1.0,1.0,1.0,4.0,4.0,3.0,4.0,3.75,3.0,5.0,3.0,3.0,3.0,3.4,4.0,4.0,4.0,4.0,4.0,High
1331,35,Female,Other,Bachelor's (completed),9,Public,Other Urban,3.0,3.0,3.0,3.0,3.0,4.0,4.0,2.0,3.0,3.25,2.0,2.0,3.0,2.0,2.25,2.0,4.0,3.0,2.0,3.0,2.8,5.0,3.0,3.0,3.0,3.5,Medium
1332,39,Male,Nurse,Bachelor's (completed),18,Private,Chattogram,4.0,3.0,5.0,5.0,4.25,3.0,2.0,1.0,3.0,2.25,3.0,3.0,4.0,,3.3333333333333335,2.0,2.0,3.0,1.0,1.0,1.8,4.0,5.0,5.0,5.0,4.75,High
1333,29,Male,Doctor,Bachelor's (completed),6,Private,Dhaka,5.0,4.0,4.0,4.0,4.25,3.0,3.0,3.0,2.0,2.75,2.0,3.0,3.0,3.0,2.75,,3.0,3.0,,4.0,3.3333333333333335,4.0,4.0,4.0,5.0,4.25,High
1334,56,Female,Nurse,Bachelor's (ongoing),15,Private,Dhaka,3.0,4.0,3.0,4.0,3.5,4.0,5.0,4.0,5.0,4.5,4.0,4.0,5.0,2.0,3.75,3.0,2.0,2.0,1.0,2.0,2.0,3.0,4.0,4.0,3.0,3.5,Medium
1335,51,Female,Nurse,Bachelor's (ongoing),25,Public,Semi-Urban,2.0,3.0,2.0,3.0,2.5,2.0,2.0,3.0,3.0,2.5,4.0,4.0,3.0,,3.6666666666666665,2.0,4.0,3.0,2.0,3.0,2.8,4.0,3.0,3.0,4.0,3.5,Medium
1336,37,Female,Nurse,Bachelor's (completed),14,Private,Chattogram,3.0,3.0,,,3.0,5.0,5.0,4.0,4.0,4.5,3.0,4.0,4.0,4.0,3.75,4.0,3.0,,2.0,2.0,2.75,1.0,3.0,1.0,3.0,2.0,Low
1337,28,Male,Hospital Administrator,Bachelor's (completed),7,Private,Chattogram,3.0,3.0,4.0,4.0,3.5,2.0,1.0,2.0,2.0,1.75,,4.0,4.0,3.0,3.6666666666666665,4.0,4.0,4.0,5.0,4.0,4.2,4.0,3.0,4.0,4.0,3.75,Medium
1338,38,Female,Healthcare Student,Bachelor's (completed),1,Public,Rural,2.0,3.0,2.0,2.0,2.25,3.0,1.0,3.0,2.0,2.25,2.0,1.0,3.0,2.0,2.0,3.0,3.0,3.0,4.0,2.0,3.0,1.0,1.0,1.0,2.0,1.25,Low
1339,25,Female,Nurse,Bachelor's (completed),0,Public,Semi-Urban,,4.0,5.0,4.0,4.333333333333333,4.0,4.0,3.0,4.0,3.75,2.0,2.0,2.0,2.0,2.0,2.0,2.0,2.0,2.0,2.0,2.0,5.0,4.0,4.0,4.0,4.25,High
1340,23,Male,Hospital Administrator,Bachelor's (completed),0,Public,Dhaka,3.0,3.0,3.0,4.0,3.25,3.0,3.0,3.0,2.0,2.75,4.0,4.0,4.0,5.0,4.25,4.0,2.0,2.0,4.0,2.0,2.8,3.0,5.0,4.0,4.0,4.0,High
1341,29,Male,Nurse,Bachelor's (ongoing),4,Public,Other Urban,3.0,3.0,2.0,4.0,3.0,3.0,3.0,3.0,3.0,3.0,3.0,3.0,3.0,4.0,3.25,4.0,3.0,3.0,3.0,2.0,3.0,3.0,4.0,3.0,4.0,3.5,Medium
1342,33,Female,Healthcare Student,Secondary/HSC,1,Private,Dhaka,1.0,1.0,1.0,1.0,1.0,3.0,2.0,2.0,2.0,2.25,3.0,3.0,3.0,4.0,3.25,4.0,5.0,4.0,5.0,4.0,4.4,1.0,1.0,2.0,2.0,1.5,Low
1343,44,Male,Doctor,Postgraduate/Doctoral,21,Public,Dhaka,5.0,4.0,4.0,4.0,4.25,2.0,3.0,3.0,3.0,2.75,4.0,3.0,4.0,4.0,3.75,3.0,3.0,2.0,2.0,2.0,2.4,4.0,3.0,3.0,4.0,3.5,Medium
1344,39,Female,Doctor,Postgraduate/Doctoral,16,Private,Semi-Urban,3.0,2.0,3.0,4.0,3.0,2.0,2.0,3.0,4.0,2.75,1.0,2.0,1.0,2.0,1.5,3.0,2.0,2.0,3.0,3.0,2.6,3.0,2.0,3.0,3.0,2.75,Medium
1345,40,Other/Prefer not to say,Hospital Administrator,Bachelor's (completed),12,Private,Dhaka,4.0,5.0,5.0,4.0,4.5,4.0,4.0,3.0,4.0,3.75,,2.0,3.0,3.0,2.6666666666666665,4.0,5.0,5.0,5.0,5.0,4.8,5.0,4.0,4.0,5.0,4.5,High
1346,33,Female,IT Staff,Bachelor's (ongoing),7,Private,Dhaka,2.0,2.0,1.0,2.0,1.75,3.0,3.0,4.0,3.0,3.25,2.0,2.0,3.0,3.0,2.5,4.0,4.0,4.0,3.0,4.0,3.8,4.0,1.0,2.0,3.0,2.5,Low
1347,31,Male,Healthcare Student,Bachelor's (completed),0,NGO/Other,Rural,4.0,3.0,2.0,2.0,2.75,4.0,5.0,5.0,4.0,4.5,3.0,4.0,3.0,3.0,3.25,2.0,2.0,2.0,2.0,3.0,2.2,4.0,3.0,5.0,3.0,3.75,Medium
1348,32,Male,Hospital Administrator,Bachelor's (completed),7,Public,Semi-Urban,,2.0,3.0,3.0,2.6666666666666665,2.0,3.0,3.0,3.0,2.75,5.0,4.0,4.0,,4.333333333333333,2.0,2.0,2.0,2.0,2.0,2.0,2.0,3.0,3.0,2.0,2.5,Low
1349,53,Male,Healthcare Student,Bachelor's (completed),0,Not Applicable,Not Applicable,5.0,3.0,2.0,4.0,3.5,4.0,,3.0,2.0,3.0,4.0,4.0,5.0,4.0,4.25,3.0,4.0,4.0,2.0,3.0,3.2,3.0,2.0,2.0,2.0,2.25,Low
1350,24,Male,Nurse,Bachelor's (ongoing),4,Private,Rural,4.0,4.0,3.0,3.0,3.5,2.0,2.0,2.0,2.0,2.0,,3.0,2.0,3.0,2.6666666666666665,4.0,4.0,5.0,5.0,5.0,4.6,4.0,2.0,3.0,2.0,2.75,Medium
1351,44,Female,Doctor,Postgraduate/Doctoral,16,Private,Dhaka,2.0,3.0,3.0,4.0,3.0,5.0,5.0,5.0,4.0,4.75,4.0,4.0,,4.0,4.0,3.0,3.0,4.0,3.0,4.0,3.4,3.0,2.0,2.0,4.0,2.75,Medium
1352,36,Female,Doctor,Postgraduate/Doctoral,9,Public,Other Urban,3.0,3.0,3.0,3.0,3.0,4.0,4.0,4.0,4.0,4.0,2.0,3.0,2.0,3.0,2.5,4.0,4.0,5.0,5.0,5.0,4.6,3.0,3.0,2.0,4.0,3.0,Medium
1353,33,Male,Doctor,Postgraduate/Doctoral,12,Private,Dhaka,3.0,3.0,4.0,3.0,3.25,1.0,1.0,2.0,2.0,1.5,2.0,3.0,3.0,3.0,2.75,4.0,4.0,,3.0,3.0,3.5,5.0,5.0,3.0,5.0,4.5,High
1354,39,Male,Nurse,Bachelor's (completed),18,Private,Semi-Urban,4.0,4.0,4.0,5.0,4.25,1.0,1.0,3.0,1.0,1.5,5.0,4.0,5.0,4.0,4.5,3.0,3.0,2.0,3.0,3.0,2.8,3.0,2.0,3.0,3.0,2.75,Medium
1355,34,Female,Nurse,Postgraduate/Doctoral,11,Private,Dhaka,3.0,2.0,2.0,3.0,2.5,2.0,,3.0,3.0,2.6666666666666665,3.0,4.0,4.0,3.0,3.5,3.0,3.0,3.0,4.0,3.0,3.2,2.0,2.0,3.0,3.0,2.5,Low
1356,44,Male,Nurse,Postgraduate/Doctoral,16,Private,Dhaka,4.0,4.0,3.0,3.0,3.5,4.0,4.0,4.0,5.0,4.25,4.0,2.0,4.0,3.0,3.25,3.0,1.0,1.0,,3.0,2.0,2.0,2.0,3.0,1.0,2.0,Low
1357,45,Male,Hospital Administrator,Bachelor's (completed),14,NGO/Other,Dhaka,2.0,3.0,2.0,3.0,2.5,,4.0,3.0,4.0,3.6666666666666665,3.0,3.0,3.0,4.0,3.25,4.0,4.0,4.0,4.0,4.0,4.0,3.0,3.0,3.0,2.0,2.75,Medium
1358,33,Male,Nurse,Bachelor's (completed),13,NGO/Other,Semi-Urban,4.0,4.0,5.0,5.0,4.5,3.0,3.0,4.0,3.0,3.25,4.0,4.0,5.0,4.0,4.25,4.0,3.0,4.0,5.0,3.0,3.8,4.0,3.0,4.0,3.0,3.5,Medium
1359,30,Female,IT Staff,Bachelor's (completed),6,Private,Dhaka,5.0,3.0,3.0,3.0,3.5,3.0,3.0,3.0,3.0,3.0,3.0,3.0,3.0,,3.0,4.0,4.0,3.0,4.0,4.0,3.8,3.0,4.0,4.0,4.0,3.75,Medium
1360,36,Male,IT Staff,Postgraduate/Doctoral,11,Not Applicable,Other Urban,4.0,4.0,5.0,4.0,4.25,5.0,4.0,4.0,4.0,4.25,3.0,,3.0,2.0,2.6666666666666665,4.0,3.0,4.0,3.0,3.0,3.4,3.0,4.0,4.0,4.0,3.75,Medium
1361,46,Female,Nurse,Bachelor's (completed),16,NGO/Other,Rural,2.0,2.0,2.0,3.0,2.25,3.0,4.0,4.0,5.0,4.0,2.0,3.0,3.0,3.0,2.75,2.0,4.0,3.0,2.0,3.0,2.8,4.0,4.0,4.0,4.0,4.0,High
1362,28,Male,Nurse,Bachelor's (ongoing),6,Public,Semi-Urban,1.0,2.0,1.0,,1.3333333333333333,3.0,2.0,3.0,2.0,2.5,4.0,3.0,5.0,3.0,3.75,3.0,4.0,3.0,3.0,3.0,3.2,1.0,1.0,1.0,1.0,1.0,Low
1363,37,Female,Hospital Administrator,Bachelor's (ongoing),13,Private,Chattogram,1.0,2.0,1.0,1.0,1.25,4.0,5.0,4.0,5.0,4.5,3.0,2.0,1.0,2.0,2.0,2.0,2.0,3.0,2.0,3.0,2.4,3.0,3.0,2.0,2.0,2.5,Low
1364,37,Male,Hospital Administrator,Postgraduate/Doctoral,14,Public,Dhaka,3.0,3.0,3.0,4.0,3.25,2.0,3.0,2.0,1.0,2.0,,1.0,1.0,1.0,1.0,3.0,2.0,3.0,2.0,3.0,2.6,5.0,5.0,4.0,4.0,4.5,High
1365,39,Male,Nurse,Postgraduate/Doctoral,11,Public,Rural,2.0,3.0,3.0,4.0,3.0,4.0,3.0,3.0,3.0,3.25,2.0,3.0,2.0,3.0,2.5,5.0,,4.0,4.0,4.0,4.25,4.0,4.0,3.0,3.0,3.5,Medium
1366,26,Male,Nurse,Postgraduate/Doctoral,1,Public,Other Urban,2.0,3.0,3.0,3.0,2.75,3.0,3.0,3.0,2.0,2.75,2.0,3.0,2.0,2.0,2.25,2.0,3.0,3.0,2.0,4.0,2.8,2.0,3.0,3.0,3.0,2.75,Medium
1367,39,Male,IT Staff,Bachelor's (completed),16,Private,Chattogram,4.0,4.0,4.0,4.0,4.0,5.0,4.0,3.0,3.0,3.75,2.0,2.0,1.0,2.0,1.75,4.0,3.0,4.0,5.0,4.0,4.0,5.0,4.0,4.0,4.0,4.25,High
1368,46,Male,IT Staff,Bachelor's (completed),13,Public,Rural,4.0,4.0,2.0,4.0,3.5,2.0,,2.0,1.0,1.6666666666666667,4.0,5.0,,3.0,4.0,3.0,2.0,3.0,2.0,4.0,2.8,3.0,3.0,4.0,3.0,3.25,Medium
1369,27,Male,Doctor,Postgraduate/Doctoral,5,Public,Dhaka,5.0,4.0,4.0,5.0,4.5,3.0,1.0,3.0,2.0,2.25,4.0,3.0,2.0,2.0,2.75,4.0,4.0,3.0,4.0,3.0,3.6,3.0,3.0,5.0,4.0,3.75,Medium
1370,29,Male,Nurse,Bachelor's (ongoing),3,Public,Chattogram,3.0,3.0,1.0,3.0,2.5,3.0,4.0,3.0,4.0,3.5,2.0,3.0,2.0,2.0,2.25,4.0,4.0,,4.0,3.0,3.75,2.0,2.0,3.0,1.0,2.0,Low
1371,50,Male,Healthcare Student,Bachelor's (ongoing),1,NGO/Other,Dhaka,2.0,2.0,2.0,2.0,2.0,4.0,4.0,4.0,3.0,3.75,5.0,5.0,5.0,5.0,5.0,2.0,3.0,2.0,3.0,2.0,2.4,1.0,1.0,1.0,1.0,1.0,Low
1372,28,Female,Doctor,Postgraduate/Doctoral,6,NGO/Other,Dhaka,5.0,4.0,5.0,5.0,4.75,4.0,4.0,4.0,4.0,4.0,2.0,3.0,2.0,,2.3333333333333335,3.0,,3.0,2.0,3.0,2.75,3.0,2.0,3.0,3.0,2.75,Medium
1373,43,Male,Healthcare Student,Secondary/HSC,1,Not Applicable,Chattogram,1.0,2.0,1.0,2.0,1.5,3.0,4.0,4.0,3.0,3.5,4.0,5.0,5.0,5.0,4.75,3.0,3.0,4.0,4.0,2.0,3.2,3.0,2.0,2.0,2.0,2.25,Low
1374,34,Female,Doctor,Postgraduate/Doctoral,8,Public,Semi-Urban,4.0,4.0,3.0,4.0,3.75,3.0,3.0,3.0,4.0,3.25,1.0,1.0,2.0,3.0,1.75,3.0,3.0,3.0,4.0,3.0,3.2,5.0,3.0,4.0,3.0,3.75,Medium
1375,29,Female,Hospital Administrator,Bachelor's (completed),1,Public,Dhaka,3.0,2.0,3.0,4.0,3.0,3.0,5.0,4.0,4.0,4.0,1.0,1.0,2.0,2.0,1.5,,3.0,3.0,3.0,2.0,2.75,3.0,2.0,3.0,3.0,2.75,Medium
1376,44,Male,Nurse,Bachelor's (completed),13,NGO/Other,Semi-Urban,3.0,3.0,2.0,3.0,2.75,4.0,3.0,3.0,4.0,3.5,3.0,4.0,4.0,3.0,3.5,3.0,3.0,3.0,3.0,3.0,3.0,3.0,3.0,4.0,4.0,3.5,Medium
1377,33,Female,Doctor,Bachelor's (completed),4,Public,Semi-Urban,4.0,3.0,4.0,4.0,3.75,2.0,3.0,3.0,3.0,2.75,3.0,4.0,3.0,5.0,3.75,4.0,2.0,4.0,4.0,3.0,3.4,3.0,4.0,3.0,2.0,3.0,Medium
1378,35,Female,Other,Bachelor's (completed),10,Not Applicable,Not Applicable,4.0,4.0,4.0,4.0,4.0,4.0,5.0,4.0,5.0,4.5,3.0,3.0,1.0,2.0,2.25,3.0,,2.0,4.0,3.0,3.0,5.0,5.0,4.0,4.0,4.5,High
1379,31,Female,Nurse,Bachelor's (ongoing),5,Private,Dhaka,5.0,5.0,4.0,5.0,4.75,2.0,4.0,4.0,2.0,3.0,4.0,3.0,,3.0,3.3333333333333335,3.0,3.0,1.0,3.0,3.0,2.6,3.0,3.0,3.0,3.0,3.0,Medium
1380,36,Male,Other,Bachelor's (completed),13,Private,Semi-Urban,4.0,4.0,3.0,4.0,3.75,4.0,4.0,3.0,3.0,3.5,2.0,1.0,2.0,1.0,1.5,4.0,,5.0,4.0,5.0,4.5,5.0,3.0,4.0,4.0,4.0,High
1381,27,Male,Nurse,Bachelor's (ongoing),2,Public,Dhaka,3.0,2.0,3.0,3.0,2.75,3.0,3.0,3.0,3.0,3.0,2.0,2.0,,2.0,2.0,4.0,3.0,3.0,2.0,2.0,2.8,2.0,3.0,4.0,3.0,3.0,Medium
1382,32,Male,Healthcare Student,Bachelor's (completed),0,Public,Semi-Urban,2.0,2.0,1.0,4.0,2.25,2.0,4.0,4.0,3.0,3.25,4.0,3.0,3.0,3.0,3.25,3.0,4.0,3.0,2.0,3.0,3.0,2.0,4.0,4.0,2.0,3.0,Medium
1383,50,Male,Other,Bachelor's (completed),24,Private,Dhaka,1.0,2.0,1.0,1.0,1.25,5.0,3.0,4.0,5.0,4.25,3.0,5.0,3.0,4.0,3.75,2.0,3.0,1.0,1.0,2.0,1.8,2.0,2.0,2.0,3.0,2.25,Low
1384,29,Other/Prefer not to say,Hospital Administrator,Bachelor's (ongoing),3,Public,Semi-Urban,1.0,2.0,1.0,2.0,1.5,4.0,5.0,5.0,5.0,4.75,2.0,1.0,3.0,2.0,2.0,4.0,3.0,3.0,3.0,3.0,3.2,1.0,1.0,1.0,2.0,1.25,Low
1385,38,Female,Doctor,Bachelor's (completed),16,Private,Dhaka,3.0,3.0,3.0,3.0,3.0,4.0,4.0,4.0,4.0,4.0,1.0,1.0,2.0,2.0,1.5,2.0,2.0,3.0,3.0,4.0,2.8,2.0,2.0,3.0,3.0,2.5,Low
1386,31,Male,IT Staff,Bachelor's (completed),8,Private,Other Urban,4.0,3.0,5.0,3.0,3.75,3.0,3.0,3.0,1.0,2.5,1.0,1.0,1.0,1.0,1.0,2.0,2.0,4.0,3.0,3.0,2.8,5.0,5.0,5.0,4.0,4.75,High
1387,40,Female,Hospital Administrator,Bachelor's (ongoing),13,Public,Dhaka,3.0,4.0,4.0,5.0,4.0,5.0,5.0,4.0,4.0,4.5,4.0,5.0,4.0,4.0,4.25,,5.0,5.0,5.0,5.0,5.0,3.0,4.0,3.0,4.0,3.5,Medium
1388,26,Male,Other,Bachelor's (ongoing),4,Public,Dhaka,4.0,4.0,4.0,4.0,4.0,2.0,4.0,3.0,,3.0,3.0,4.0,3.0,3.0,3.25,3.0,3.0,4.0,,3.0,3.25,3.0,3.0,2.0,2.0,2.5,Low
1389,50,Female,Nurse,Bachelor's (completed),26,Private,Other Urban,1.0,,2.0,2.0,1.6666666666666667,4.0,5.0,4.0,4.0,4.25,4.0,5.0,4.0,5.0,4.5,4.0,4.0,3.0,5.0,5.0,4.2,1.0,1.0,1.0,1.0,1.0,Low
1390,33,Male,Nurse,Postgraduate/Doctoral,8,Public,Dhaka,5.0,4.0,5.0,4.0,4.5,5.0,,4.0,4.0,4.333333333333333,2.0,1.0,1.0,1.0,1.25,4.0,4.0,5.0,3.0,4.0,4.0,4.0,2.0,3.0,3.0,3.0,Medium
1391,29,Female,Doctor,Postgraduate/Doctoral,8,Private,Semi-Urban,3.0,4.0,4.0,4.0,3.75,2.0,2.0,2.0,2.0,2.0,3.0,2.0,3.0,3.0,2.75,5.0,5.0,5.0,5.0,4.0,4.8,2.0,2.0,2.0,4.0,2.5,Low
1392,25,Female,IT Staff,Bachelor's (completed),3,Private,Semi-Urban,5.0,4.0,3.0,5.0,4.25,5.0,4.0,5.0,4.0,4.5,3.0,3.0,3.0,4.0,3.25,2.0,3.0,4.0,5.0,3.0,3.4,3.0,4.0,3.0,3.0,3.25,Medium
1393,27,Male,Other,Postgraduate/Doctoral,3,Private,Other Urban,5.0,5.0,5.0,5.0,5.0,5.0,5.0,4.0,4.0,4.5,3.0,2.0,2.0,3.0,2.5,5.0,3.0,5.0,5.0,5.0,4.6,4.0,3.0,3.0,5.0,3.75,Medium
1394,35,Male,Doctor,Postgraduate/Doctoral,9,Public,Semi-Urban,5.0,4.0,4.0,4.0,4.25,3.0,4.0,4.0,3.0,3.5,3.0,2.0,3.0,3.0,2.75,3.0,4.0,3.0,4.0,4.0,3.6,4.0,3.0,4.0,4.0,3.75,Medium
1395,31,Female,Healthcare Student,Bachelor's (ongoing),1,Public,Semi-Urban,1.0,3.0,1.0,2.0,1.75,4.0,4.0,3.0,4.0,3.75,4.0,3.0,3.0,3.0,3.25,2.0,3.0,3.0,3.0,3.0,2.8,3.0,3.0,4.0,2.0,3.0,Medium
1396,42,Male,Other,Bachelor's (ongoing),14,Private,Rural,3.0,3.0,4.0,3.0,3.25,3.0,2.0,3.0,4.0,3.0,3.0,4.0,4.0,4.0,3.75,2.0,3.0,3.0,3.0,1.0,2.4,2.0,4.0,3.0,3.0,3.0,Medium
1397,33,Male,Doctor,Bachelor's (completed),6,Private,Dhaka,2.0,2.0,2.0,1.0,1.75,2.0,4.0,2.0,3.0,2.75,5.0,4.0,5.0,4.0,4.5,3.0,4.0,4.0,5.0,3.0,3.8,4.0,3.0,3.0,2.0,3.0,Medium
1398,29,Female,Doctor,Bachelor's (completed),8,Private,Other Urban,4.0,4.0,4.0,4.0,4.0,4.0,4.0,4.0,3.0,3.75,3.0,3.0,5.0,3.0,3.5,3.0,3.0,4.0,3.0,4.0,3.4,3.0,5.0,4.0,4.0,4.0,High
1399,37,Female,IT Staff,Bachelor's (completed),11,Private,Semi-Urban,2.0,4.0,3.0,4.0,3.25,2.0,4.0,3.0,3.0,3.0,3.0,2.0,2.0,2.0,2.25,3.0,3.0,4.0,4.0,3.0,3.4,2.0,2.0,2.0,3.0,2.25,Low
1400,39,Male,IT Staff,Bachelor's (ongoing),8,NGO/Other,Dhaka,3.0,3.0,3.0,3.0,3.0,3.0,4.0,4.0,4.0,3.75,,4.0,3.0,4.0,3.6666666666666665,3.0,4.0,4.0,4.0,4.0,3.8,1.0,1.0,1.0,1.0,1.0,Low
1401,27,Male,Doctor,Postgraduate/Doctoral,1,Public,Dhaka,2.0,3.0,2.0,2.0,2.25,,4.0,4.0,3.0,3.6666666666666665,2.0,,1.0,1.0,1.3333333333333333,4.0,5.0,5.0,5.0,5.0,4.8,2.0,2.0,3.0,4.0,2.75,Medium
1402,27,Male,Healthcare Student,Bachelor's (ongoing),1,Private,Dhaka,3.0,3.0,2.0,1.0,2.25,4.0,4.0,3.0,3.0,3.5,4.0,4.0,4.0,4.0,4.0,2.0,2.0,2.0,3.0,2.0,2.2,3.0,2.0,3.0,3.0,2.75,Medium
1403,23,Female,Hospital Administrator,Bachelor's (completed),0,Private,Other Urban,5.0,4.0,4.0,5.0,4.5,3.0,3.0,2.0,3.0,2.75,2.0,3.0,1.0,2.0,2.0,4.0,5.0,5.0,5.0,5.0,4.8,4.0,5.0,4.0,5.0,4.5,High
1404,39,Male,Other,Secondary/HSC,16,Public,Dhaka,1.0,2.0,1.0,1.0,1.25,1.0,2.0,4.0,2.0,2.25,4.0,4.0,3.0,4.0,3.75,3.0,4.0,3.0,3.0,2.0,3.0,3.0,1.0,2.0,2.0,2.0,Low
1405,38,Male,Healthcare Student,Bachelor's (ongoing),1,Not Applicable,Semi-Urban,4.0,4.0,2.0,3.0,3.25,,3.0,3.0,3.0,3.0,5.0,5.0,5.0,5.0,5.0,2.0,4.0,4.0,4.0,5.0,3.8,4.0,4.0,4.0,5.0,4.25,High
1406,34,Male,Healthcare Student,Bachelor's (completed),1,Private,Other Urban,2.0,3.0,4.0,3.0,3.0,4.0,5.0,,5.0,4.666666666666667,2.0,2.0,3.0,2.0,2.25,3.0,2.0,3.0,4.0,4.0,3.2,4.0,3.0,2.0,3.0,3.0,Medium
1407,43,Female,Hospital Administrator,Bachelor's (completed),10,Public,Other Urban,5.0,3.0,5.0,4.0,4.25,3.0,4.0,3.0,3.0,3.25,5.0,5.0,5.0,5.0,5.0,4.0,3.0,4.0,3.0,3.0,3.4,2.0,3.0,3.0,2.0,2.5,Low
1408,41,Male,Nurse,Bachelor's (ongoing),10,Public,Dhaka,2.0,2.0,3.0,2.0,2.25,4.0,4.0,5.0,4.0,4.25,,4.0,5.0,3.0,4.0,3.0,3.0,3.0,3.0,3.0,3.0,1.0,1.0,2.0,3.0,1.75,Low
1409,36,Female,Hospital Administrator,Bachelor's (ongoing),12,Private,Semi-Urban,2.0,2.0,2.0,1.0,1.75,3.0,2.0,2.0,2.0,2.25,1.0,4.0,3.0,3.0,2.75,1.0,2.0,3.0,1.0,3.0,2.0,1.0,1.0,2.0,1.0,1.25,Low
1410,44,Female,Doctor,Postgraduate/Doctoral,12,Private,Other Urban,4.0,4.0,4.0,3.0,3.75,4.0,3.0,3.0,4.0,3.5,3.0,2.0,2.0,2.0,2.25,5.0,5.0,5.0,5.0,5.0,5.0,5.0,4.0,5.0,5.0,4.75,High
1411,28,Female,IT Staff,Bachelor's (completed),6,Public,Dhaka,5.0,4.0,5.0,5.0,4.75,2.0,2.0,,1.0,1.6666666666666667,5.0,4.0,5.0,5.0,4.75,2.0,3.0,3.0,3.0,2.0,2.6,4.0,4.0,3.0,3.0,3.5,Medium
1412,26,Female,Doctor,Postgraduate/Doctoral,2,Public,Dhaka,4.0,4.0,5.0,5.0,4.5,3.0,4.0,3.0,4.0,3.5,3.0,2.0,2.0,2.0,2.25,3.0,3.0,3.0,3.0,4.0,3.2,5.0,5.0,5.0,5.0,5.0,High
1413,30,Female,Hospital Administrator,Bachelor's (completed),9,Public,Dhaka,3.0,3.0,3.0,4.0,3.25,5.0,5.0,4.0,5.0,4.75,2.0,3.0,2.0,5.0,3.0,3.0,1.0,,2.0,1.0,1.75,2.0,1.0,2.0,1.0,1.5,Low
1414,24,Female,Doctor,Bachelor's (completed),2,Public,Rural,5.0,5.0,5.0,5.0,5.0,4.0,2.0,3.0,3.0,3.0,2.0,2.0,2.0,2.0,2.0,3.0,2.0,2.0,2.0,2.0,2.2,3.0,4.0,2.0,4.0,3.25,Medium
1415,35,Male,Nurse,Bachelor's (completed),5,Private,Dhaka,5.0,4.0,4.0,4.0,4.25,5.0,,5.0,5.0,5.0,3.0,3.0,4.0,,3.3333333333333335,4.0,4.0,4.0,4.0,3.0,3.8,3.0,2.0,3.0,4.0,3.0,Medium
1416,47,Female,Nurse,Bachelor's (completed),14,Public,Dhaka,3.0,4.0,3.0,3.0,3.25,4.0,5.0,4.0,4.0,4.25,3.0,2.0,3.0,4.0,3.0,3.0,,2.0,3.0,3.0,2.75,2.0,2.0,1.0,2.0,1.75,Low
1417,24,Male,IT Staff,Bachelor's (ongoing),2,Public,Dhaka,4.0,4.0,5.0,4.0,4.25,2.0,2.0,2.0,2.0,2.0,2.0,3.0,2.0,3.0,2.5,3.0,3.0,2.0,2.0,3.0,2.6,3.0,4.0,4.0,4.0,3.75,Medium
1418,26,Male,Healthcare Student,Bachelor's (completed),1,Public,Dhaka,5.0,4.0,5.0,4.0,4.5,3.0,2.0,3.0,3.0,2.75,4.0,,4.0,4.0,4.0,3.0,4.0,3.0,4.0,3.0,3.4,4.0,4.0,3.0,2.0,3.25,Medium
1419,33,Female,Doctor,Bachelor's (completed),9,Private,Chattogram,4.0,4.0,4.0,4.0,4.0,3.0,4.0,2.0,5.0,3.5,2.0,2.0,2.0,2.0,2.0,3.0,2.0,2.0,2.0,3.0,2.4,5.0,4.0,4.0,4.0,4.25,High
1420,47,Female,Healthcare Student,Bachelor's (ongoing),0,NGO/Other,Semi-Urban,1.0,1.0,1.0,1.0,1.0,2.0,2.0,,3.0,2.3333333333333335,5.0,3.0,4.0,4.0,4.0,1.0,3.0,,3.0,3.0,2.5,1.0,1.0,1.0,1.0,1.0,Low
1421,31,Female,Healthcare Student,Bachelor's (ongoing),1,NGO/Other,Chattogram,3.0,2.0,3.0,3.0,2.75,4.0,4.0,2.0,3.0,3.25,3.0,3.0,2.0,3.0,2.75,4.0,3.0,3.0,4.0,3.0,3.4,2.0,2.0,2.0,2.0,2.0,Low
1422,34,Male,Nurse,Bachelor's (completed),10,Private,Semi-Urban,3.0,4.0,3.0,,3.3333333333333335,,4.0,4.0,5.0,4.333333333333333,2.0,3.0,2.0,3.0,2.5,1.0,1.0,1.0,1.0,2.0,1.2,5.0,3.0,3.0,2.0,3.25,Medium
1423,24,Male,IT Staff,Bachelor's (completed),4,Not Applicable,Dhaka,,4.0,3.0,4.0,3.6666666666666665,,2.0,2.0,,2.0,2.0,3.0,3.0,3.0,2.75,3.0,3.0,3.0,3.0,3.0,3.0,3.0,3.0,2.0,3.0,2.75,Medium
1424,27,Male,Nurse,Secondary/HSC,3,Private,Chattogram,1.0,3.0,1.0,3.0,2.0,4.0,3.0,4.0,4.0,3.75,2.0,2.0,2.0,2.0,2.0,,4.0,4.0,4.0,3.0,3.75,3.0,2.0,1.0,3.0,2.25,Low
1425,53,Male,Doctor,Postgraduate/Doctoral,32,NGO/Other,Semi-Urban,,1.0,3.0,2.0,2.0,4.0,4.0,3.0,3.0,3.5,2.0,1.0,1.0,2.0,1.5,3.0,2.0,3.0,2.0,2.0,2.4,1.0,1.0,1.0,1.0,1.0,Low
1426,50,Male,Hospital Administrator,Bachelor's (completed),16,Private,Other Urban,2.0,2.0,1.0,1.0,1.5,2.0,4.0,4.0,4.0,3.5,4.0,3.0,3.0,4.0,3.5,4.0,3.0,4.0,4.0,4.0,3.8,2.0,2.0,3.0,1.0,2.0,Low
1427,22,Male,Doctor,Postgraduate/Doctoral,2,Public,Rural,4.0,5.0,5.0,5.0,4.75,2.0,3.0,1.0,3.0,2.25,2.0,3.0,2.0,2.0,2.25,4.0,3.0,3.0,3.0,3.0,3.2,3.0,4.0,5.0,5.0,4.25,High
1428,48,Male,Healthcare Student,Bachelor's (completed),1,Not Applicable,Dhaka,3.0,3.0,2.0,3.0,2.75,5.0,4.0,4.0,5.0,4.5,,1.0,2.0,,1.5,2.0,2.0,2.0,2.0,3.0,2.2,2.0,3.0,2.0,2.0,2.25,Low
1429,37,Female,Other,Postgraduate/Doctoral,8,Private,Chattogram,1.0,2.0,2.0,1.0,1.5,4.0,3.0,3.0,3.0,3.25,2.0,1.0,1.0,2.0,1.5,3.0,4.0,4.0,3.0,3.0,3.4,4.0,3.0,3.0,3.0,3.25,Medium
1430,44,Male,Healthcare Student,Bachelor's (completed),0,NGO/Other,Other Urban,2.0,2.0,1.0,2.0,1.75,4.0,3.0,3.0,3.0,3.25,4.0,5.0,5.0,5.0,4.75,4.0,3.0,4.0,4.0,5.0,4.0,1.0,1.0,1.0,1.0,1.0,Low
1431,33,Female,Hospital Administrator,Bachelor's (completed),10,Public,Dhaka,3.0,3.0,4.0,4.0,3.5,5.0,5.0,5.0,4.0,4.75,4.0,4.0,4.0,3.0,3.75,3.0,3.0,2.0,3.0,3.0,2.8,3.0,1.0,2.0,3.0,2.25,Low
1432,35,Female,Hospital Administrator,Bachelor's (completed),9,Public,Semi-Urban,3.0,3.0,2.0,3.0,2.75,3.0,3.0,2.0,3.0,2.75,2.0,3.0,2.0,4.0,2.75,3.0,4.0,2.0,2.0,2.0,2.6,3.0,2.0,2.0,2.0,2.25,Low
1433,34,Male,Other,Bachelor's (completed),14,NGO/Other,Dhaka,4.0,4.0,5.0,4.0,4.25,2.0,1.0,3.0,2.0,2.0,3.0,,5.0,5.0,4.333333333333333,5.0,4.0,4.0,5.0,5.0,4.6,4.0,4.0,4.0,3.0,3.75,Medium
1434,38,Male,Nurse,Bachelor's (completed),14,Public,Dhaka,5.0,4.0,3.0,4.0,4.0,,,4.0,4.0,4.0,5.0,4.0,4.0,5.0,4.5,3.0,2.0,3.0,2.0,2.0,2.4,3.0,3.0,2.0,3.0,2.75,Medium
1435,26,Male,Doctor,Postgraduate/Doctoral,3,Public,Semi-Urban,3.0,2.0,2.0,4.0,2.75,4.0,4.0,2.0,4.0,3.5,4.0,4.0,4.0,4.0,4.0,3.0,4.0,4.0,4.0,4.0,3.8,4.0,3.0,3.0,3.0,3.25,Medium
1436,23,Female,Hospital Administrator,Bachelor's (ongoing),2,Public,Semi-Urban,4.0,3.0,2.0,2.0,2.75,4.0,4.0,2.0,4.0,3.5,2.0,2.0,2.0,1.0,1.75,2.0,2.0,2.0,1.0,2.0,1.8,4.0,2.0,2.0,3.0,2.75,Medium
1437,30,Male,Nurse,Bachelor's (completed),7,Private,Rural,2.0,3.0,2.0,3.0,2.5,2.0,2.0,2.0,2.0,2.0,1.0,2.0,1.0,2.0,1.5,2.0,3.0,3.0,2.0,3.0,2.6,3.0,3.0,4.0,4.0,3.5,Medium
1438,39,Male,Nurse,Bachelor's (ongoing),13,Private,Rural,2.0,2.0,1.0,1.0,1.5,3.0,3.0,,3.0,3.0,4.0,4.0,4.0,4.0,4.0,2.0,4.0,3.0,4.0,4.0,3.4,2.0,1.0,2.0,2.0,1.75,Low
1439,28,Female,Doctor,Postgraduate/Doctoral,3,Private,Dhaka,3.0,3.0,3.0,3.0,3.0,1.0,1.0,2.0,2.0,1.5,3.0,2.0,3.0,3.0,2.75,1.0,2.0,3.0,3.0,2.0,2.2,3.0,2.0,4.0,3.0,3.0,Medium
1440,38,Female,Hospital Administrator,Bachelor's (ongoing),10,NGO/Other,Other Urban,2.0,2.0,2.0,1.0,1.75,5.0,2.0,3.0,4.0,3.5,4.0,5.0,5.0,4.0,4.5,3.0,3.0,3.0,3.0,,3.0,1.0,1.0,2.0,1.0,1.25,Low
1441,50,Male,Nurse,Bachelor's (ongoing),16,Private,Not Applicable,2.0,2.0,1.0,2.0,1.75,2.0,3.0,3.0,4.0,3.0,3.0,3.0,2.0,2.0,2.5,3.0,3.0,3.0,3.0,3.0,3.0,3.0,3.0,2.0,4.0,3.0,Medium
1442,25,Male,Doctor,Postgraduate/Doctoral,2,Public,Dhaka,5.0,4.0,5.0,4.0,4.5,2.0,2.0,2.0,1.0,1.75,,3.0,2.0,2.0,2.3333333333333335,4.0,4.0,3.0,3.0,5.0,3.8,3.0,4.0,3.0,4.0,3.5,Medium
1443,38,Male,Doctor,Postgraduate/Doctoral,16,Public,Chattogram,5.0,3.0,4.0,5.0,4.25,2.0,3.0,3.0,2.0,2.5,4.0,3.0,3.0,3.0,3.25,3.0,3.0,4.0,4.0,4.0,3.6,3.0,4.0,4.0,3.0,3.5,Medium
1444,33,Male,Nurse,Bachelor's (completed),7,Public,Rural,3.0,4.0,5.0,5.0,4.25,1.0,1.0,2.0,1.0,1.25,2.0,4.0,4.0,3.0,3.25,3.0,,,1.0,2.0,2.0,3.0,4.0,3.0,3.0,3.25,Medium
1445,44,Male,Healthcare Student,Bachelor's (completed),0,Not Applicable,Dhaka,3.0,3.0,3.0,3.0,3.0,1.0,3.0,2.0,2.0,2.0,2.0,3.0,4.0,2.0,2.75,4.0,4.0,5.0,5.0,4.0,4.4,3.0,4.0,3.0,4.0,3.5,Medium
1446,27,Female,Nurse,Bachelor's (ongoing),9,Public,Rural,3.0,2.0,3.0,,2.6666666666666665,5.0,,4.0,3.0,4.0,4.0,4.0,4.0,4.0,4.0,2.0,2.0,3.0,1.0,3.0,2.2,2.0,3.0,3.0,3.0,2.75,Medium
1447,38,Female,IT Staff,Postgraduate/Doctoral,15,Public,Chattogram,5.0,4.0,5.0,5.0,4.75,4.0,3.0,4.0,4.0,3.75,2.0,1.0,2.0,1.0,1.5,4.0,4.0,5.0,4.0,4.0,4.2,5.0,5.0,5.0,5.0,5.0,High
1448,43,Male,Healthcare Student,Bachelor's (ongoing),0,Not Applicable,Not Applicable,1.0,4.0,1.0,1.0,1.75,3.0,2.0,2.0,2.0,2.25,3.0,,3.0,,3.0,3.0,4.0,3.0,,3.0,3.25,2.0,2.0,3.0,2.0,2.25,Low
1449,48,Female,Nurse,Bachelor's (completed),23,Private,Other Urban,3.0,3.0,2.0,2.0,2.5,4.0,3.0,4.0,5.0,4.0,2.0,3.0,3.0,3.0,2.75,,3.0,4.0,4.0,3.0,3.5,3.0,2.0,2.0,3.0,2.5,Low
1450,38,Male,Healthcare Student,Bachelor's (ongoing),0,Public,Other Urban,3.0,3.0,4.0,4.0,3.5,2.0,3.0,3.0,2.0,2.5,2.0,2.0,3.0,4.0,2.75,4.0,,5.0,5.0,4.0,4.5,4.0,5.0,3.0,5.0,4.25,High
1451,34,Female,IT Staff,Secondary/HSC,9,Private,Semi-Urban,1.0,1.0,1.0,1.0,1.0,4.0,3.0,2.0,4.0,3.25,4.0,4.0,4.0,3.0,3.75,4.0,2.0,3.0,3.0,2.0,2.8,1.0,1.0,1.0,1.0,1.0,Low
1452,37,Female,Hospital Administrator,Bachelor's (completed),9,Private,Dhaka,1.0,2.0,1.0,1.0,1.25,3.0,2.0,3.0,4.0,3.0,3.0,2.0,3.0,2.0,2.5,5.0,5.0,4.0,5.0,4.0,4.6,4.0,2.0,3.0,5.0,3.5,Medium
1453,44,Female,Doctor,Postgraduate/Doctoral,20,NGO/Other,Other Urban,4.0,4.0,4.0,4.0,4.0,3.0,3.0,3.0,3.0,3.0,3.0,2.0,2.0,1.0,2.0,4.0,5.0,4.0,4.0,4.0,4.2,4.0,3.0,4.0,3.0,3.5,Medium
1454,36,Female,Doctor,Bachelor's (completed),8,Private,Rural,2.0,3.0,2.0,3.0,2.5,4.0,2.0,3.0,3.0,3.0,2.0,1.0,2.0,2.0,1.75,4.0,3.0,4.0,4.0,3.0,3.6,4.0,4.0,4.0,4.0,4.0,High
1455,23,Male,Other,Postgraduate/Doctoral,4,Public,Rural,4.0,2.0,4.0,3.0,3.25,4.0,5.0,4.0,,4.333333333333333,4.0,4.0,4.0,3.0,3.75,5.0,3.0,3.0,2.0,2.0,3.0,2.0,1.0,2.0,2.0,1.75,Low
1456,47,Male,Healthcare Student,Bachelor's (ongoing),0,Public,Not Applicable,1.0,1.0,1.0,1.0,1.0,4.0,2.0,3.0,3.0,3.0,3.0,4.0,3.0,5.0,3.75,4.0,3.0,5.0,5.0,5.0,4.4,1.0,3.0,3.0,2.0,2.25,Low
1457,38,Male,Other,Bachelor's (ongoing),12,Public,Other Urban,2.0,2.0,1.0,2.0,1.75,3.0,4.0,3.0,4.0,3.5,3.0,4.0,5.0,4.0,4.0,3.0,3.0,3.0,4.0,3.0,3.2,1.0,2.0,1.0,2.0,1.5,Low
1458,38,Male,Other,Bachelor's (completed),15,Private,Other Urban,5.0,4.0,4.0,4.0,4.25,3.0,4.0,3.0,4.0,3.5,1.0,1.0,2.0,1.0,1.25,3.0,,4.0,4.0,3.0,3.5,5.0,5.0,4.0,5.0,4.75,High
1459,28,Female,Doctor,Bachelor's (completed),8,Private,Other Urban,4.0,4.0,4.0,5.0,4.25,2.0,,,2.0,2.0,4.0,4.0,3.0,5.0,4.0,3.0,3.0,3.0,3.0,4.0,3.2,3.0,3.0,3.0,2.0,2.75,Medium
1460,38,Male,Healthcare Student,Bachelor's (ongoing),1,Not Applicable,Semi-Urban,5.0,3.0,4.0,4.0,4.0,2.0,2.0,3.0,2.0,2.25,4.0,4.0,3.0,3.0,3.5,1.0,2.0,2.0,2.0,3.0,2.0,3.0,3.0,4.0,4.0,3.5,Medium
1461,32,Female,Nurse,Bachelor's (completed),5,Private,Other Urban,1.0,2.0,2.0,2.0,1.75,1.0,2.0,1.0,2.0,1.5,3.0,3.0,,2.0,2.6666666666666665,4.0,3.0,4.0,4.0,5.0,4.0,4.0,4.0,4.0,4.0,4.0,High
1462,37,Male,Healthcare Student,Bachelor's (ongoing),1,Public,Dhaka,2.0,2.0,1.0,1.0,1.5,3.0,3.0,5.0,4.0,3.75,3.0,4.0,2.0,3.0,3.0,,5.0,3.0,3.0,2.0,3.25,1.0,1.0,1.0,1.0,1.0,Low
1463,26,Male,Doctor,Bachelor's (completed),0,Public,Dhaka,2.0,2.0,2.0,2.0,2.0,1.0,2.0,4.0,2.0,2.25,3.0,2.0,3.0,4.0,3.0,3.0,4.0,4.0,,4.0,3.75,4.0,2.0,4.0,5.0,3.75,Medium
1464,38,Male,Nurse,Bachelor's (completed),7,Public,Other Urban,4.0,4.0,4.0,4.0,4.0,2.0,4.0,3.0,3.0,3.0,1.0,1.0,1.0,1.0,1.0,4.0,4.0,4.0,4.0,3.0,3.8,5.0,5.0,5.0,5.0,5.0,High
1465,59,Female,Healthcare Student,Bachelor's (ongoing),0,Private,Dhaka,2.0,2.0,,3.0,2.3333333333333335,4.0,4.0,5.0,5.0,4.5,4.0,2.0,3.0,4.0,3.25,3.0,5.0,4.0,4.0,4.0,4.0,1.0,1.0,1.0,1.0,1.0,Low
1466,24,Female,Healthcare Student,Bachelor's (completed),0,Private,Dhaka,4.0,4.0,4.0,3.0,3.75,2.0,2.0,2.0,2.0,2.0,,1.0,2.0,3.0,2.0,2.0,,2.0,3.0,3.0,2.5,3.0,4.0,3.0,3.0,3.25,Medium
1467,51,Male,Hospital Administrator,Postgraduate/Doctoral,17,NGO/Other,Dhaka,3.0,4.0,4.0,3.0,3.5,3.0,4.0,4.0,2.0,3.25,4.0,3.0,3.0,4.0,3.5,4.0,2.0,2.0,3.0,3.0,2.8,3.0,4.0,3.0,3.0,3.25,Medium
1468,32,Male,Nurse,Bachelor's (ongoing),5,Public,Semi-Urban,2.0,3.0,2.0,3.0,2.5,1.0,2.0,2.0,1.0,1.5,5.0,5.0,5.0,4.0,4.75,1.0,1.0,1.0,1.0,1.0,1.0,1.0,1.0,2.0,1.0,1.25,Low
1469,44,Female,Nurse,Bachelor's (completed),12,Private,Not Applicable,2.0,1.0,2.0,2.0,1.75,4.0,3.0,5.0,4.0,4.0,3.0,3.0,2.0,,2.6666666666666665,2.0,2.0,4.0,2.0,3.0,2.6,3.0,2.0,3.0,3.0,2.75,Medium
1470,41,Male,Other,Secondary/HSC,9,Public,Other Urban,2.0,2.0,2.0,3.0,2.25,5.0,4.0,2.0,3.0,3.5,4.0,5.0,5.0,4.0,4.5,4.0,3.0,4.0,5.0,4.0,4.0,2.0,2.0,1.0,2.0,1.75,Low
1471,36,Female,Nurse,Bachelor's (completed),11,Private,Rural,2.0,3.0,2.0,4.0,2.75,3.0,4.0,4.0,,3.6666666666666665,4.0,5.0,5.0,4.0,4.5,4.0,4.0,3.0,2.0,3.0,3.2,1.0,1.0,1.0,1.0,1.0,Low
1472,40,Male,Nurse,Bachelor's (ongoing),7,Public,Rural,1.0,2.0,1.0,1.0,1.25,3.0,2.0,1.0,1.0,1.75,4.0,4.0,4.0,3.0,3.75,2.0,,2.0,3.0,2.0,2.25,5.0,4.0,4.0,4.0,4.25,High
1473,44,Male,Hospital Administrator,Postgraduate/Doctoral,20,Private,Dhaka,4.0,2.0,3.0,4.0,3.25,3.0,4.0,3.0,3.0,3.25,2.0,1.0,2.0,3.0,2.0,3.0,3.0,3.0,3.0,3.0,3.0,3.0,3.0,4.0,3.0,3.25,Medium
1474,32,Male,Nurse,Bachelor's (ongoing),4,Public,Dhaka,3.0,3.0,,2.0,2.6666666666666665,1.0,1.0,3.0,2.0,1.75,3.0,2.0,1.0,2.0,2.0,4.0,5.0,4.0,5.0,4.0,4.4,4.0,4.0,4.0,5.0,4.25,High
1475,31,Male,Hospital Administrator,Bachelor's (completed),3,Public,Dhaka,4.0,3.0,3.0,3.0,3.25,2.0,3.0,3.0,3.0,2.75,3.0,3.0,2.0,4.0,3.0,3.0,3.0,4.0,3.0,3.0,3.2,4.0,4.0,5.0,5.0,4.5,High
1476,38,Male,Nurse,Bachelor's (ongoing),16,Private,Dhaka,3.0,3.0,2.0,3.0,2.75,3.0,5.0,,4.0,4.0,5.0,5.0,5.0,4.0,4.75,5.0,4.0,5.0,5.0,4.0,4.6,4.0,4.0,3.0,4.0,3.75,Medium
1477,42,Male,Healthcare Student,Bachelor's (ongoing),0,Private,Other Urban,2.0,4.0,3.0,2.0,2.75,3.0,3.0,3.0,3.0,3.0,4.0,4.0,5.0,4.0,4.25,3.0,3.0,3.0,3.0,3.0,3.0,4.0,2.0,4.0,3.0,3.25,Medium
1478,40,Other/Prefer not to say,Other,Bachelor's (ongoing),16,Private,Dhaka,2.0,3.0,3.0,3.0,2.75,1.0,3.0,2.0,3.0,2.25,4.0,5.0,4.0,3.0,4.0,4.0,3.0,4.0,2.0,3.0,3.2,3.0,3.0,4.0,3.0,3.25,Medium
1479,41,Male,Other,Bachelor's (completed),22,Public,Rural,3.0,2.0,2.0,3.0,2.5,3.0,2.0,2.0,1.0,2.0,5.0,5.0,5.0,5.0,5.0,3.0,1.0,2.0,2.0,2.0,2.0,2.0,3.0,2.0,2.0,2.25,Low
1480,33,Male,Hospital Administrator,Postgraduate/Doctoral,6,Not Applicable,Semi-Urban,4.0,4.0,5.0,4.0,4.25,3.0,3.0,1.0,2.0,2.25,3.0,4.0,4.0,3.0,3.5,4.0,4.0,5.0,5.0,5.0,4.6,5.0,5.0,5.0,5.0,5.0,High
1481,42,Male,Nurse,Secondary/HSC,19,Public,Dhaka,2.0,3.0,2.0,1.0,2.0,3.0,1.0,2.0,1.0,1.75,3.0,3.0,3.0,3.0,3.0,4.0,5.0,3.0,3.0,3.0,3.6,3.0,3.0,3.0,3.0,3.0,Medium
1482,26,Male,IT Staff,Secondary/HSC,2,Private,Not Applicable,2.0,3.0,3.0,3.0,2.75,3.0,3.0,2.0,3.0,2.75,2.0,2.0,,3.0,2.3333333333333335,5.0,5.0,5.0,5.0,5.0,5.0,4.0,4.0,3.0,3.0,3.5,Medium
1483,35,Female,Healthcare Student,Bachelor's (ongoing),0,Not Applicable,Not Applicable,3.0,3.0,3.0,2.0,2.75,1.0,3.0,2.0,1.0,1.75,5.0,4.0,5.0,,4.666666666666667,2.0,3.0,2.0,3.0,3.0,2.6,3.0,4.0,4.0,5.0,4.0,High
1484,22,Male,Hospital Administrator,Bachelor's (completed),3,Private,Semi-Urban,3.0,2.0,2.0,3.0,2.5,4.0,4.0,3.0,3.0,3.5,2.0,1.0,2.0,3.0,2.0,3.0,4.0,5.0,5.0,5.0,4.4,5.0,5.0,3.0,5.0,4.5,High
1485,31,Female,IT Staff,Postgraduate/Doctoral,5,Public,Semi-Urban,4.0,5.0,5.0,5.0,4.75,2.0,3.0,2.0,3.0,2.5,4.0,3.0,3.0,3.0,3.25,3.0,,4.0,4.0,4.0,3.75,4.0,3.0,1.0,2.0,2.5,Low
1486,32,Male,Healthcare Student,Bachelor's (completed),1,Private,Not Applicable,1.0,2.0,1.0,1.0,1.25,3.0,2.0,2.0,3.0,2.5,3.0,3.0,3.0,3.0,3.0,4.0,4.0,4.0,5.0,3.0,4.0,4.0,3.0,4.0,3.0,3.5,Medium
1487,32,Other/Prefer not to say,IT Staff,Postgraduate/Doctoral,6,Public,Other Urban,3.0,4.0,4.0,,3.6666666666666665,5.0,,3.0,3.0,3.6666666666666665,3.0,3.0,1.0,,2.3333333333333335,3.0,2.0,3.0,3.0,3.0,2.8,3.0,3.0,3.0,3.0,3.0,Medium
1488,38,Male,Healthcare Student,Bachelor's (ongoing),1,Private,Rural,2.0,2.0,2.0,1.0,1.75,3.0,2.0,3.0,3.0,2.75,2.0,3.0,3.0,3.0,2.75,4.0,3.0,3.0,3.0,3.0,3.2,2.0,2.0,3.0,3.0,2.5,Low
1489,32,Female,Doctor,Postgraduate/Doctoral,5,Public,Dhaka,,5.0,5.0,5.0,5.0,5.0,3.0,3.0,3.0,3.5,1.0,2.0,,2.0,1.6666666666666667,3.0,2.0,2.0,2.0,3.0,2.4,2.0,3.0,3.0,1.0,2.25,Low
1490,33,Male,Nurse,Bachelor's (completed),7,Private,Other Urban,3.0,3.0,3.0,4.0,3.25,3.0,3.0,2.0,3.0,2.75,3.0,4.0,2.0,3.0,3.0,4.0,4.0,4.0,4.0,4.0,4.0,4.0,4.0,2.0,3.0,3.25,Medium
1491,29,Male,Hospital Administrator,Bachelor's (completed),11,Private,Chattogram,4.0,4.0,5.0,,4.333333333333333,2.0,2.0,3.0,1.0,2.0,1.0,1.0,1.0,2.0,1.25,2.0,3.0,2.0,1.0,3.0,2.2,2.0,2.0,3.0,3.0,2.5,Low
1492,32,Female,Doctor,Postgraduate/Doctoral,8,Public,Dhaka,3.0,3.0,2.0,2.0,2.5,3.0,2.0,3.0,4.0,3.0,2.0,3.0,2.0,2.0,2.25,3.0,3.0,4.0,4.0,3.0,3.4,4.0,3.0,3.0,4.0,3.5,Medium
1493,29,Female,Healthcare Student,Bachelor's (ongoing),0,Public,Dhaka,2.0,3.0,3.0,2.0,2.5,3.0,3.0,4.0,4.0,3.5,3.0,3.0,2.0,2.0,2.5,3.0,4.0,4.0,4.0,,3.75,3.0,1.0,2.0,2.0,2.0,Low
1494,25,Female,Hospital Administrator,Bachelor's (completed),4,Public,Dhaka,3.0,4.0,3.0,4.0,3.5,4.0,4.0,4.0,4.0,4.0,3.0,2.0,2.0,3.0,2.5,4.0,4.0,4.0,4.0,4.0,4.0,3.0,1.0,2.0,2.0,2.0,Low
1495,36,Male,Doctor,Postgraduate/Doctoral,13,Private,Dhaka,5.0,5.0,5.0,5.0,5.0,1.0,1.0,3.0,2.0,1.75,2.0,3.0,2.0,2.0,2.25,2.0,2.0,2.0,,3.0,2.25,5.0,5.0,5.0,4.0,4.75,High
1496,38,Female,Healthcare Student,Bachelor's (ongoing),0,Private,Dhaka,2.0,2.0,3.0,2.0,2.25,4.0,3.0,3.0,2.0,3.0,4.0,5.0,5.0,5.0,4.75,3.0,1.0,1.0,1.0,1.0,1.4,1.0,2.0,2.0,1.0,1.5,Low
1497,37,Female,IT Staff,Postgraduate/Doctoral,16,Private,Chattogram,3.0,3.0,4.0,4.0,3.5,2.0,1.0,3.0,2.0,2.0,3.0,3.0,4.0,3.0,3.25,5.0,4.0,5.0,5.0,4.0,4.6,4.0,4.0,5.0,5.0,4.5,High
1498,34,Female,Healthcare Student,Bachelor's (ongoing),1,Private,Semi-Urban,3.0,2.0,2.0,1.0,2.0,2.0,3.0,2.0,3.0,2.5,,4.0,4.0,3.0,3.6666666666666665,4.0,4.0,4.0,4.0,4.0,4.0,3.0,5.0,3.0,3.0,3.5,Medium
1499,32,Male,Nurse,Secondary/HSC,7,NGO/Other,Other Urban,1.0,1.0,1.0,1.0,1.0,2.0,2.0,4.0,3.0,2.75,3.0,2.0,3.0,,2.6666666666666665,3.0,3.0,2.0,2.0,2.0,2.4,2.0,2.0,2.0,2.0,2.0,Low
1500,43,Female,Healthcare Student,Bachelor's (ongoing),1,Private,Other Urban,2.0,1.0,2.0,2.0,1.75,3.0,2.0,3.0,2.0,2.5,4.0,3.0,4.0,4.0,3.75,4.0,5.0,5.0,5.0,4.0,4.6,4.0,3.0,3.0,3.0,3.25,Medium
1501,35,Female,Nurse,Bachelor's (ongoing),10,Public,Dhaka,2.0,3.0,3.0,2.0,2.5,3.0,3.0,4.0,4.0,3.5,3.0,2.0,2.0,2.0,2.25,2.0,3.0,3.0,3.0,3.0,2.8,4.0,5.0,4.0,5.0,4.5,High
1502,34,Female,Hospital Administrator,Bachelor's (completed),7,Public,Semi-Urban,3.0,4.0,3.0,2.0,3.0,4.0,4.0,4.0,4.0,4.0,3.0,3.0,4.0,3.0,3.25,1.0,1.0,1.0,1.0,1.0,1.0,3.0,2.0,3.0,3.0,2.75,Medium
1503,23,Male,Doctor,Bachelor's (completed),1,Private,Dhaka,,2.0,3.0,1.0,2.0,2.0,2.0,1.0,2.0,1.75,3.0,3.0,4.0,3.0,3.25,3.0,3.0,3.0,2.0,2.0,2.6,1.0,1.0,1.0,1.0,1.0,Low
1504,31,Male,IT Staff,Bachelor's (completed),7,Public,Dhaka,3.0,3.0,3.0,4.0,3.25,2.0,2.0,2.0,2.0,2.0,4.0,3.0,3.0,4.0,3.5,4.0,4.0,4.0,5.0,5.0,4.4,5.0,5.0,5.0,5.0,5.0,High
1505,32,Female,IT Staff,Postgraduate/Doctoral,9,Public,Chattogram,5.0,4.0,5.0,5.0,4.75,3.0,4.0,3.0,2.0,3.0,3.0,2.0,3.0,2.0,2.5,3.0,3.0,4.0,4.0,4.0,3.6,5.0,5.0,4.0,5.0,4.75,High
1506,32,Male,Hospital Administrator,Bachelor's (completed),5,Public,Rural,3.0,4.0,5.0,4.0,4.0,2.0,1.0,2.0,1.0,1.5,4.0,3.0,3.0,4.0,3.5,4.0,3.0,3.0,5.0,4.0,3.8,4.0,4.0,5.0,5.0,4.5,High
1507,36,Female,Nurse,Bachelor's (ongoing),5,Private,Not Applicable,3.0,4.0,5.0,3.0,3.75,2.0,,4.0,3.0,3.0,3.0,4.0,3.0,3.0,3.25,2.0,2.0,2.0,1.0,2.0,1.8,1.0,1.0,2.0,2.0,1.5,Low
1508,35,Male,Healthcare Student,Bachelor's (ongoing),1,Not Applicable,Rural,2.0,,1.0,1.0,1.3333333333333333,3.0,4.0,3.0,5.0,3.75,3.0,3.0,4.0,4.0,3.5,2.0,3.0,3.0,2.0,3.0,2.6,2.0,1.0,2.0,2.0,1.75,Low
1509,36,Male,IT Staff,Bachelor's (completed),10,Public,Semi-Urban,5.0,3.0,5.0,5.0,4.5,,1.0,,,1.0,4.0,3.0,4.0,3.0,3.5,4.0,4.0,3.0,4.0,2.0,3.4,4.0,5.0,4.0,5.0,4.5,High
1510,40,Female,Nurse,Bachelor's (completed),13,Public,Other Urban,3.0,3.0,2.0,3.0,2.75,,2.0,3.0,3.0,2.6666666666666665,4.0,4.0,4.0,4.0,4.0,3.0,3.0,2.0,3.0,2.0,2.6,2.0,1.0,2.0,1.0,1.5,Low
1511,42,Male,Other,Secondary/HSC,15,Public,Other Urban,3.0,3.0,3.0,3.0,3.0,4.0,3.0,3.0,3.0,3.25,4.0,3.0,3.0,3.0,3.25,3.0,2.0,3.0,3.0,3.0,2.8,4.0,2.0,2.0,3.0,2.75,Medium
1512,39,Male,IT Staff,Bachelor's (completed),18,Public,Dhaka,3.0,,3.0,4.0,3.3333333333333335,5.0,4.0,4.0,,4.333333333333333,4.0,3.0,3.0,3.0,3.25,2.0,5.0,4.0,5.0,3.0,3.8,3.0,4.0,4.0,3.0,3.5,Medium
1513,49,Female,Other,Bachelor's (ongoing),15,Not Applicable,Dhaka,1.0,1.0,1.0,1.0,1.0,3.0,3.0,3.0,3.0,3.0,2.0,3.0,3.0,4.0,3.0,3.0,3.0,3.0,3.0,2.0,2.8,2.0,1.0,2.0,2.0,1.75,Low
1514,23,Female,Other,Bachelor's (ongoing),3,Private,Not Applicable,4.0,4.0,3.0,4.0,3.75,2.0,2.0,3.0,3.0,2.5,2.0,2.0,2.0,1.0,1.75,4.0,3.0,3.0,3.0,3.0,3.2,5.0,5.0,5.0,5.0,5.0,High
1515,28,Female,Other,Secondary/HSC,5,Private,Not Applicable,1.0,2.0,2.0,1.0,1.5,2.0,1.0,2.0,1.0,1.5,4.0,4.0,,3.0,3.6666666666666665,3.0,3.0,3.0,3.0,3.0,3.0,4.0,3.0,4.0,3.0,3.5,Medium
1516,22,Male,Healthcare Student,Postgraduate/Doctoral,1,Not Applicable,Chattogram,5.0,4.0,4.0,5.0,4.5,5.0,3.0,2.0,2.0,3.0,2.0,2.0,1.0,1.0,1.5,4.0,,4.0,5.0,5.0,4.5,3.0,3.0,4.0,4.0,3.5,Medium
1517,37,Male,Hospital Administrator,Bachelor's (ongoing),13,Private,Dhaka,2.0,1.0,1.0,1.0,1.25,,4.0,3.0,3.0,3.3333333333333335,4.0,5.0,3.0,4.0,4.0,3.0,3.0,2.0,3.0,3.0,2.8,2.0,2.0,1.0,2.0,1.75,Low
1518,45,Female,Doctor,Bachelor's (completed),20,Public,Dhaka,3.0,3.0,5.0,5.0,4.0,3.0,3.0,3.0,2.0,2.75,2.0,2.0,1.0,2.0,1.75,2.0,1.0,2.0,2.0,2.0,1.8,4.0,5.0,5.0,4.0,4.5,High
1519,29,Male,Hospital Administrator,Bachelor's (ongoing),4,Private,Chattogram,2.0,3.0,2.0,2.0,2.25,4.0,3.0,3.0,3.0,3.25,3.0,2.0,2.0,2.0,2.25,3.0,4.0,5.0,5.0,5.0,4.4,3.0,3.0,1.0,3.0,2.5,Low
1520,47,Male,Healthcare Student,Bachelor's (ongoing),0,Private,Dhaka,4.0,4.0,4.0,4.0,4.0,4.0,3.0,4.0,3.0,3.5,,2.0,3.0,3.0,2.6666666666666665,3.0,3.0,3.0,3.0,2.0,2.8,4.0,4.0,3.0,4.0,3.75,Medium
1521,24,Male,Hospital Administrator,Bachelor's (completed),1,Public,Other Urban,3.0,3.0,3.0,,3.0,2.0,5.0,4.0,5.0,4.0,3.0,3.0,2.0,4.0,3.0,3.0,3.0,4.0,2.0,1.0,2.6,3.0,3.0,2.0,3.0,2.75,Medium
1522,47,Male,Healthcare Student,Bachelor's (ongoing),1,Not Applicable,Dhaka,1.0,2.0,1.0,1.0,1.25,4.0,3.0,4.0,3.0,3.5,3.0,3.0,4.0,3.0,3.25,3.0,3.0,3.0,3.0,3.0,3.0,2.0,1.0,3.0,2.0,2.0,Low
1523,31,Female,Doctor,Postgraduate/Doctoral,3,Public,Dhaka,5.0,5.0,5.0,5.0,5.0,3.0,2.0,3.0,2.0,2.5,2.0,1.0,1.0,2.0,1.5,,3.0,2.0,3.0,3.0,2.75,4.0,4.0,3.0,4.0,3.75,Medium
1524,25,Female,Nurse,Bachelor's (completed),2,Private,Dhaka,4.0,4.0,4.0,3.0,3.75,2.0,3.0,2.0,3.0,2.5,3.0,2.0,2.0,2.0,2.25,2.0,3.0,3.0,2.0,1.0,2.2,3.0,2.0,2.0,3.0,2.5,Low
1525,34,Female,Hospital Administrator,Bachelor's (completed),8,Public,Semi-Urban,4.0,3.0,3.0,3.0,3.25,5.0,,5.0,4.0,4.666666666666667,3.0,3.0,4.0,2.0,3.0,2.0,2.0,2.0,3.0,3.0,2.4,4.0,3.0,4.0,4.0,3.75,Medium
1526,29,Male,Nurse,Postgraduate/Doctoral,3,Public,Dhaka,2.0,3.0,3.0,3.0,2.75,3.0,3.0,4.0,2.0,3.0,3.0,3.0,3.0,4.0,3.25,4.0,4.0,3.0,4.0,3.0,3.6,3.0,3.0,4.0,5.0,3.75,Medium
1527,30,Male,Doctor,Bachelor's (completed),7,Private,Chattogram,3.0,5.0,2.0,3.0,3.25,2.0,2.0,3.0,3.0,2.5,2.0,1.0,2.0,3.0,2.0,4.0,3.0,4.0,4.0,3.0,3.6,3.0,5.0,4.0,3.0,3.75,Medium
1528,30,Male,Doctor,Bachelor's (completed),8,Private,Other Urban,5.0,3.0,4.0,3.0,3.75,1.0,2.0,3.0,3.0,2.25,3.0,3.0,3.0,2.0,2.75,4.0,5.0,3.0,3.0,4.0,3.8,5.0,5.0,5.0,5.0,5.0,High
1529,41,Male,Healthcare Student,Bachelor's (completed),1,NGO/Other,Semi-Urban,2.0,4.0,1.0,3.0,2.5,4.0,3.0,3.0,2.0,3.0,5.0,5.0,5.0,5.0,5.0,2.0,3.0,3.0,2.0,3.0,2.6,2.0,3.0,3.0,1.0,2.25,Low
1530,35,Male,Nurse,Bachelor's (completed),12,Public,Dhaka,4.0,2.0,3.0,,3.0,3.0,3.0,4.0,2.0,3.0,4.0,2.0,3.0,3.0,3.0,4.0,4.0,4.0,4.0,4.0,4.0,4.0,3.0,2.0,3.0,3.0,Medium
1531,30,Male,Doctor,Bachelor's (completed),7,Public,Semi-Urban,,3.0,3.0,3.0,3.0,3.0,5.0,4.0,4.0,4.0,2.0,4.0,3.0,2.0,2.75,2.0,2.0,3.0,2.0,2.0,2.2,2.0,1.0,2.0,3.0,2.0,Low
1532,37,Male,Doctor,Postgraduate/Doctoral,11,Private,Dhaka,4.0,3.0,4.0,4.0,3.75,2.0,2.0,3.0,2.0,2.25,1.0,1.0,,2.0,1.3333333333333333,2.0,3.0,2.0,2.0,2.0,2.2,4.0,3.0,3.0,2.0,3.0,Medium
1533,39,Female,Nurse,Bachelor's (completed),19,Private,Other Urban,4.0,4.0,4.0,5.0,4.25,4.0,3.0,3.0,4.0,3.5,3.0,3.0,2.0,2.0,2.5,5.0,4.0,4.0,3.0,4.0,4.0,3.0,4.0,3.0,3.0,3.25,Medium
1534,30,Female,Doctor,Bachelor's (completed),5,Private,Chattogram,3.0,,3.0,4.0,3.3333333333333335,3.0,4.0,3.0,3.0,3.25,3.0,4.0,3.0,3.0,3.25,5.0,4.0,4.0,5.0,4.0,4.4,4.0,3.0,5.0,3.0,3.75,Medium
1535,33,Male,IT Staff,Postgraduate/Doctoral,8,Private,Rural,4.0,3.0,4.0,5.0,4.0,4.0,2.0,4.0,3.0,3.25,1.0,1.0,1.0,2.0,1.25,2.0,3.0,3.0,2.0,2.0,2.4,4.0,5.0,3.0,4.0,4.0,High
1536,26,Male,Healthcare Student,Bachelor's (completed),0,Not Applicable,Not Applicable,5.0,5.0,5.0,5.0,5.0,1.0,1.0,1.0,2.0,1.25,4.0,3.0,3.0,4.0,3.5,4.0,4.0,4.0,4.0,4.0,4.0,4.0,5.0,3.0,4.0,4.0,High
1537,28,Female,Nurse,Bachelor's (ongoing),8,Private,Semi-Urban,4.0,2.0,2.0,2.0,2.5,1.0,2.0,2.0,1.0,1.5,3.0,3.0,3.0,2.0,2.75,2.0,4.0,2.0,2.0,4.0,2.8,4.0,2.0,2.0,4.0,3.0,Medium
1538,38,Female,Hospital Administrator,Bachelor's (completed),13,Public,Rural,3.0,2.0,2.0,2.0,2.25,3.0,2.0,2.0,2.0,2.25,2.0,2.0,3.0,3.0,2.5,3.0,3.0,4.0,4.0,4.0,3.6,4.0,4.0,5.0,5.0,4.5,High
1539,28,Female,Doctor,Postgraduate/Doctoral,4,Private,Dhaka,4.0,4.0,4.0,3.0,3.75,4.0,3.0,2.0,3.0,3.0,2.0,3.0,,4.0,3.0,4.0,5.0,5.0,5.0,4.0,4.6,3.0,4.0,4.0,5.0,4.0,High
1540,35,Male,Nurse,Secondary/HSC,6,Private,Other Urban,1.0,2.0,1.0,2.0,1.5,2.0,2.0,3.0,3.0,2.5,3.0,3.0,3.0,3.0,3.0,3.0,3.0,3.0,5.0,4.0,3.6,3.0,2.0,3.0,2.0,2.5,Low
1541,39,Female,Healthcare Student,Bachelor's (completed),1,Not Applicable,Dhaka,1.0,3.0,3.0,2.0,2.25,3.0,3.0,3.0,2.0,2.75,2.0,3.0,2.0,2.0,2.25,2.0,3.0,,3.0,3.0,2.75,3.0,3.0,3.0,3.0,3.0,Medium
1542,26,Male,Hospital Administrator,Bachelor's (completed),5,Public,Dhaka,4.0,4.0,4.0,,4.0,2.0,2.0,2.0,2.0,2.0,3.0,4.0,2.0,3.0,3.0,2.0,3.0,4.0,4.0,4.0,3.4,4.0,5.0,5.0,4.0,4.5,High
1543,36,Male,Healthcare Student,Bachelor's (ongoing),0,NGO/Other,Other Urban,2.0,3.0,3.0,3.0,2.75,3.0,2.0,3.0,2.0,2.5,4.0,5.0,5.0,5.0,4.75,5.0,4.0,4.0,5.0,,4.5,3.0,3.0,2.0,3.0,2.75,Medium
1544,29,Male,Nurse,Bachelor's (completed),6,Public,Semi-Urban,5.0,4.0,4.0,5.0,4.5,3.0,2.0,2.0,2.0,2.25,2.0,,1.0,2.0,1.6666666666666667,3.0,4.0,3.0,4.0,3.0,3.4,5.0,5.0,4.0,5.0,4.75,High
1545,49,Male,Nurse,Bachelor's (completed),25,Private,Semi-Urban,2.0,4.0,4.0,3.0,3.25,4.0,4.0,,4.0,4.0,4.0,4.0,,4.0,4.0,5.0,,5.0,5.0,5.0,5.0,3.0,3.0,2.0,3.0,2.75,Medium
1546,34,Male,Nurse,Bachelor's (ongoing),8,NGO/Other,Rural,2.0,3.0,3.0,3.0,2.75,3.0,3.0,3.0,4.0,3.25,3.0,3.0,4.0,3.0,3.25,2.0,4.0,3.0,3.0,3.0,3.0,2.0,1.0,1.0,2.0,1.5,Low
1547,41,Male,Nurse,Postgraduate/Doctoral,23,NGO/Other,Other Urban,4.0,5.0,3.0,4.0,4.0,3.0,3.0,3.0,4.0,3.25,4.0,3.0,4.0,4.0,3.75,2.0,3.0,3.0,2.0,3.0,2.6,3.0,5.0,2.0,4.0,3.5,Medium
1548,35,Female,Other,Bachelor's (completed),9,Public,Rural,4.0,5.0,4.0,5.0,4.5,2.0,2.0,2.0,3.0,2.25,4.0,4.0,4.0,,4.0,,2.0,,2.0,3.0,2.3333333333333335,1.0,1.0,1.0,1.0,1.0,Low
1549,24,Male,Doctor,Postgraduate/Doctoral,0,Public,Rural,3.0,3.0,3.0,4.0,3.25,1.0,1.0,1.0,1.0,1.0,2.0,1.0,2.0,1.0,1.5,5.0,3.0,3.0,2.0,4.0,3.4,4.0,5.0,3.0,4.0,4.0,High
1550,37,Male,Healthcare Student,Bachelor's (ongoing),1,Not Applicable,Rural,5.0,4.0,3.0,5.0,4.25,3.0,2.0,2.0,4.0,2.75,4.0,4.0,4.0,4.0,4.0,1.0,1.0,1.0,1.0,1.0,1.0,2.0,1.0,2.0,2.0,1.75,Low
1551,48,Male,Healthcare Student,Bachelor's (ongoing),0,NGO/Other,Dhaka,2.0,2.0,1.0,2.0,1.75,,3.0,3.0,3.0,3.0,5.0,4.0,5.0,4.0,4.5,4.0,3.0,4.0,2.0,4.0,3.4,3.0,2.0,3.0,3.0,2.75,Medium
1552,36,Male,Hospital Administrator,Bachelor's (ongoing),9,NGO/Other,Other Urban,2.0,2.0,2.0,2.0,2.0,3.0,4.0,3.0,2.0,3.0,5.0,5.0,5.0,4.0,4.75,3.0,3.0,3.0,2.0,2.0,2.6,3.0,2.0,4.0,2.0,2.75,Medium
1553,42,Male,Nurse,Bachelor's (ongoing),25,Public,Semi-Urban,2.0,2.0,1.0,1.0,1.5,4.0,4.0,3.0,3.0,3.5,3.0,4.0,5.0,3.0,3.75,3.0,4.0,2.0,3.0,3.0,3.0,2.0,2.0,1.0,1.0,1.5,Low
1554,44,Male,Hospital Administrator,Bachelor's (ongoing),18,Private,Not Applicable,,1.0,1.0,2.0,1.3333333333333333,3.0,3.0,5.0,3.0,3.5,4.0,5.0,,3.0,4.0,4.0,5.0,4.0,5.0,5.0,4.6,2.0,3.0,2.0,2.0,2.25,Low
1555,29,Male,Nurse,Bachelor's (completed),7,Private,Dhaka,4.0,4.0,5.0,4.0,4.25,4.0,4.0,5.0,5.0,4.5,2.0,1.0,2.0,3.0,2.0,3.0,3.0,3.0,4.0,4.0,3.4,5.0,5.0,5.0,4.0,4.75,High
1556,28,Female,Healthcare Student,Bachelor's (completed),1,Public,Dhaka,5.0,4.0,5.0,5.0,4.75,2.0,2.0,2.0,2.0,2.0,2.0,1.0,1.0,2.0,1.5,2.0,2.0,1.0,1.0,1.0,1.4,4.0,4.0,3.0,4.0,3.75,Medium
1557,37,Female,Nurse,Bachelor's (ongoing),13,Public,Dhaka,2.0,3.0,3.0,2.0,2.5,3.0,1.0,,3.0,2.3333333333333335,4.0,3.0,3.0,3.0,3.25,3.0,2.0,3.0,2.0,3.0,2.6,1.0,1.0,1.0,1.0,1.0,Low
1558,32,Male,Other,Bachelor's (ongoing),9,Private,Dhaka,3.0,3.0,3.0,3.0,3.0,4.0,3.0,4.0,4.0,3.75,4.0,3.0,3.0,3.0,3.25,4.0,3.0,3.0,3.0,4.0,3.4,2.0,1.0,2.0,2.0,1.75,Low
1559,43,Female,IT Staff,Bachelor's (completed),11,Public,Semi-Urban,3.0,4.0,3.0,3.0,3.25,4.0,2.0,3.0,4.0,3.25,3.0,3.0,2.0,3.0,2.75,4.0,4.0,3.0,3.0,3.0,3.4,3.0,3.0,3.0,4.0,3.25,Medium
1560,45,Female,Hospital Administrator,Bachelor's (ongoing),17,Private,Dhaka,4.0,3.0,3.0,2.0,3.0,4.0,3.0,3.0,2.0,3.0,5.0,4.0,4.0,3.0,4.0,4.0,5.0,5.0,5.0,5.0,4.8,1.0,1.0,3.0,1.0,1.5,Low
1561,31,Other/Prefer not to say,IT Staff,Postgraduate/Doctoral,4,Private,Dhaka,5.0,5.0,5.0,5.0,5.0,5.0,5.0,4.0,5.0,4.75,2.0,1.0,1.0,1.0,1.25,5.0,5.0,4.0,4.0,4.0,4.4,5.0,5.0,5.0,5.0,5.0,High
1562,29,Female,Hospital Administrator,Bachelor's (completed),3,Private,Semi-Urban,4.0,5.0,5.0,5.0,4.75,4.0,3.0,4.0,4.0,3.75,3.0,3.0,2.0,,2.6666666666666665,4.0,4.0,5.0,5.0,4.0,4.4,3.0,3.0,5.0,4.0,3.75,Medium
1563,41,Female,Other,Secondary/HSC,15,Public,Chattogram,1.0,1.0,2.0,1.0,1.25,2.0,3.0,4.0,2.0,2.75,5.0,5.0,4.0,5.0,4.75,4.0,3.0,3.0,3.0,2.0,3.0,1.0,1.0,1.0,1.0,1.0,Low
1564,30,Female,Doctor,Bachelor's (completed),11,Not Applicable,Dhaka,3.0,3.0,4.0,5.0,3.75,3.0,2.0,3.0,2.0,2.5,3.0,3.0,4.0,3.0,3.25,4.0,5.0,5.0,5.0,4.0,4.6,4.0,5.0,4.0,5.0,4.5,High
1565,42,Female,Other,Postgraduate/Doctoral,11,Private,Other Urban,,3.0,4.0,,3.5,4.0,4.0,4.0,5.0,4.25,4.0,2.0,4.0,3.0,3.25,3.0,2.0,4.0,2.0,3.0,2.8,3.0,5.0,3.0,4.0,3.75,Medium
1566,33,Male,Healthcare Student,Bachelor's (ongoing),0,Not Applicable,Other Urban,3.0,3.0,3.0,2.0,2.75,3.0,4.0,4.0,3.0,3.5,3.0,4.0,4.0,,3.6666666666666665,4.0,2.0,4.0,4.0,3.0,3.4,4.0,5.0,3.0,2.0,3.5,Medium
1567,38,Male,Healthcare Student,Bachelor's (completed),1,Not Applicable,Not Applicable,1.0,2.0,2.0,2.0,1.75,2.0,4.0,3.0,4.0,3.25,3.0,2.0,2.0,3.0,2.5,3.0,3.0,2.0,2.0,3.0,2.6,1.0,1.0,1.0,2.0,1.25,Low
1568,25,Male,Nurse,Bachelor's (ongoing),0,Private,Semi-Urban,,2.0,2.0,3.0,2.3333333333333335,5.0,4.0,5.0,4.0,4.5,,1.0,1.0,1.0,1.0,2.0,2.0,2.0,2.0,2.0,2.0,1.0,1.0,1.0,1.0,1.0,Low
1569,37,Male,Healthcare Student,Bachelor's (ongoing),0,Not Applicable,Not Applicable,3.0,3.0,3.0,3.0,3.0,2.0,4.0,3.0,4.0,3.25,3.0,4.0,3.0,4.0,3.5,3.0,3.0,,2.0,3.0,2.75,4.0,4.0,3.0,5.0,4.0,High
1570,33,Male,Nurse,Postgraduate/Doctoral,6,Private,Dhaka,5.0,5.0,5.0,5.0,5.0,,4.0,3.0,4.0,3.6666666666666665,1.0,1.0,1.0,1.0,1.0,4.0,5.0,5.0,5.0,5.0,4.8,4.0,3.0,2.0,2.0,2.75,Medium
1571,36,Male,Healthcare Student,Bachelor's (ongoing),0,Private,Semi-Urban,3.0,3.0,1.0,3.0,2.5,4.0,4.0,5.0,4.0,4.25,3.0,3.0,4.0,3.0,3.25,2.0,3.0,3.0,2.0,2.0,2.4,1.0,1.0,2.0,1.0,1.25,Low
1572,27,Female,Doctor,Secondary/HSC,2,Public,Other Urban,3.0,3.0,2.0,3.0,2.75,2.0,4.0,4.0,3.0,3.25,3.0,5.0,4.0,4.0,4.0,4.0,4.0,4.0,5.0,4.0,4.2,1.0,4.0,2.0,3.0,2.5,Low
1573,40,Female,Nurse,Bachelor's (completed),20,Public,Semi-Urban,3.0,4.0,3.0,4.0,3.5,5.0,4.0,4.0,3.0,4.0,3.0,3.0,3.0,3.0,3.0,2.0,1.0,2.0,1.0,2.0,1.6,3.0,1.0,3.0,2.0,2.25,Low
1574,43,Female,Nurse,Postgraduate/Doctoral,23,Private,Chattogram,1.0,3.0,2.0,1.0,1.75,3.0,4.0,2.0,,3.0,5.0,5.0,5.0,5.0,5.0,2.0,3.0,3.0,3.0,,2.75,2.0,2.0,3.0,3.0,2.5,Low
1575,28,Male,Nurse,Bachelor's (ongoing),2,Public,Dhaka,2.0,4.0,3.0,3.0,3.0,3.0,4.0,4.0,4.0,3.75,4.0,5.0,4.0,5.0,4.5,4.0,4.0,3.0,2.0,4.0,3.4,1.0,1.0,2.0,1.0,1.25,Low
1576,25,Male,Nurse,Bachelor's (ongoing),3,Private,Dhaka,5.0,4.0,4.0,5.0,4.5,1.0,2.0,1.0,2.0,1.5,3.0,4.0,4.0,4.0,3.75,3.0,2.0,4.0,3.0,3.0,3.0,4.0,5.0,5.0,5.0,4.75,High
1577,23,Female,Healthcare Student,Postgraduate/Doctoral,0,Not Applicable,Rural,5.0,3.0,4.0,4.0,4.0,,3.0,3.0,2.0,2.6666666666666665,1.0,2.0,2.0,1.0,1.5,1.0,2.0,3.0,3.0,3.0,2.4,3.0,5.0,5.0,4.0,4.25,High
1578,37,Female,Nurse,Bachelor's (completed),8,Public,Semi-Urban,2.0,2.0,3.0,3.0,2.5,3.0,2.0,2.0,2.0,2.25,,5.0,4.0,4.0,4.333333333333333,3.0,4.0,3.0,3.0,4.0,3.4,3.0,2.0,2.0,3.0,2.5,Low
1579,36,Other/Prefer not to say,Healthcare Student,Bachelor's (completed),1,Public,Dhaka,4.0,4.0,3.0,4.0,3.75,3.0,4.0,2.0,4.0,3.25,,4.0,4.0,4.0,4.0,4.0,3.0,2.0,2.0,4.0,3.0,3.0,3.0,4.0,2.0,3.0,Medium
1580,35,Female,Doctor,Postgraduate/Doctoral,7,Private,Other Urban,4.0,4.0,5.0,5.0,4.5,1.0,3.0,4.0,2.0,2.5,2.0,2.0,1.0,2.0,1.75,4.0,4.0,3.0,3.0,3.0,3.4,4.0,4.0,5.0,4.0,4.25,High
1581,29,Female,Healthcare Student,Bachelor's (completed),1,Public,Semi-Urban,1.0,1.0,1.0,1.0,1.0,4.0,3.0,3.0,3.0,3.25,3.0,2.0,3.0,4.0,3.0,3.0,4.0,3.0,3.0,3.0,3.2,2.0,1.0,2.0,1.0,1.5,Low
1582,32,Male,Healthcare Student,Bachelor's (ongoing),1,Not Applicable,Other Urban,2.0,3.0,3.0,3.0,2.75,4.0,4.0,4.0,3.0,3.75,4.0,3.0,4.0,4.0,3.75,3.0,3.0,2.0,3.0,2.0,2.6,1.0,2.0,1.0,1.0,1.25,Low
1583,36,Male,Nurse,Bachelor's (ongoing),12,Private,Dhaka,2.0,2.0,2.0,2.0,2.0,1.0,3.0,2.0,3.0,2.25,3.0,3.0,3.0,2.0,2.75,,3.0,4.0,3.0,3.0,3.25,4.0,4.0,4.0,5.0,4.25,High
1584,34,Male,Healthcare Student,Bachelor's (completed),0,Private,Rural,2.0,2.0,1.0,1.0,1.5,3.0,4.0,3.0,4.0,3.5,3.0,2.0,4.0,3.0,3.0,3.0,3.0,4.0,2.0,,3.0,3.0,4.0,3.0,2.0,3.0,Medium
1585,53,Female,Other,Bachelor's (completed),26,Private,Other Urban,1.0,3.0,2.0,2.0,2.0,,4.0,5.0,5.0,4.666666666666667,3.0,4.0,3.0,4.0,3.5,3.0,2.0,3.0,2.0,3.0,2.6,1.0,1.0,1.0,2.0,1.25,Low
1586,26,Female,Healthcare Student,Bachelor's (completed),1,Private,Semi-Urban,3.0,2.0,3.0,4.0,3.0,1.0,2.0,2.0,1.0,1.5,2.0,2.0,2.0,3.0,2.25,4.0,4.0,4.0,4.0,4.0,4.0,5.0,5.0,4.0,5.0,4.75,High
1587,38,Male,Nurse,Bachelor's (completed),12,Public,Other Urban,4.0,3.0,2.0,3.0,3.0,2.0,1.0,2.0,3.0,2.0,,3.0,2.0,3.0,2.6666666666666665,4.0,5.0,4.0,4.0,5.0,4.4,3.0,2.0,4.0,4.0,3.25,Medium
1588,32,Female,Nurse,Bachelor's (ongoing),5,Public,Semi-Urban,2.0,2.0,1.0,3.0,2.0,3.0,4.0,4.0,4.0,3.75,3.0,3.0,2.0,3.0,2.75,5.0,4.0,4.0,4.0,3.0,4.0,4.0,3.0,5.0,5.0,4.25,High
1589,33,Male,Healthcare Student,Bachelor's (ongoing),0,Private,Dhaka,2.0,2.0,1.0,2.0,1.75,3.0,3.0,3.0,3.0,3.0,4.0,,4.0,3.0,3.6666666666666665,4.0,4.0,4.0,4.0,3.0,3.8,3.0,4.0,3.0,4.0,3.5,Medium
1590,39,Male,Nurse,Bachelor's (completed),15,NGO/Other,Rural,3.0,2.0,1.0,1.0,1.75,3.0,3.0,3.0,4.0,3.25,2.0,,3.0,2.0,2.3333333333333335,2.0,2.0,2.0,2.0,3.0,2.2,2.0,2.0,2.0,3.0,2.25,Low
1591,38,Male,Healthcare Student,Bachelor's (ongoing),0,Public,Dhaka,2.0,3.0,1.0,2.0,2.0,4.0,2.0,3.0,4.0,3.25,5.0,4.0,4.0,3.0,4.0,3.0,3.0,3.0,4.0,3.0,3.2,1.0,1.0,2.0,1.0,1.25,Low
1592,54,Male,Nurse,Bachelor's (completed),28,Public,Semi-Urban,4.0,3.0,2.0,3.0,3.0,2.0,3.0,2.0,2.0,2.25,2.0,2.0,2.0,2.0,2.0,3.0,4.0,4.0,4.0,4.0,3.8,2.0,3.0,2.0,3.0,2.5,Low
1593,26,Female,Healthcare Student,Bachelor's (ongoing),0,Public,Rural,4.0,,3.0,3.0,3.3333333333333335,2.0,2.0,2.0,2.0,2.0,2.0,1.0,3.0,2.0,2.0,1.0,1.0,1.0,1.0,1.0,1.0,5.0,5.0,5.0,5.0,5.0,High
1594,26,Male,Doctor,Secondary/HSC,2,Public,Other Urban,3.0,2.0,3.0,2.0,2.5,3.0,2.0,2.0,3.0,2.5,3.0,1.0,2.0,3.0,2.25,3.0,3.0,3.0,2.0,3.0,2.8,2.0,2.0,3.0,3.0,2.5,Low
1595,39,Female,Doctor,Postgraduate/Doctoral,12,Public,Other Urban,3.0,4.0,3.0,4.0,3.5,3.0,3.0,4.0,3.0,3.25,2.0,2.0,2.0,3.0,2.25,5.0,3.0,,4.0,4.0,4.0,3.0,3.0,5.0,3.0,3.5,Medium
1596,36,Female,Other,Bachelor's (completed),14,Private,Dhaka,3.0,2.0,4.0,3.0,3.0,4.0,4.0,5.0,5.0,4.5,3.0,4.0,2.0,2.0,2.75,,2.0,3.0,3.0,3.0,2.75,2.0,3.0,2.0,2.0,2.25,Low
1597,30,Male,Healthcare Student,Bachelor's (completed),1,Public,Chattogram,5.0,3.0,,5.0,4.333333333333333,2.0,1.0,1.0,1.0,1.25,3.0,2.0,,2.0,2.3333333333333335,4.0,4.0,4.0,4.0,2.0,3.6,3.0,2.0,3.0,4.0,3.0,Medium
1598,25,Male,Healthcare Student,Bachelor's (ongoing),1,NGO/Other,Other Urban,3.0,3.0,3.0,3.0,3.0,2.0,,3.0,1.0,2.0,1.0,1.0,1.0,1.0,1.0,3.0,3.0,3.0,3.0,4.0,3.2,4.0,5.0,5.0,4.0,4.5,High
1599,25,Female,Other,Bachelor's (completed),2,Public,Dhaka,3.0,3.0,3.0,,3.0,1.0,2.0,2.0,2.0,1.75,3.0,2.0,2.0,,2.3333333333333335,2.0,3.0,2.0,2.0,2.0,2.2,2.0,2.0,3.0,3.0,2.5,Low
1600,45,Male,Nurse,Bachelor's (completed),21,Private,Dhaka,2.0,,,1.0,1.5,4.0,,5.0,4.0,4.333333333333333,3.0,2.0,3.0,3.0,2.75,3.0,4.0,4.0,,4.0,3.75,1.0,1.0,3.0,1.0,1.5,Low
1601,28,Female,Nurse,Bachelor's (completed),2,Public,Not Applicable,3.0,3.0,3.0,3.0,3.0,3.0,1.0,2.0,3.0,2.25,3.0,3.0,2.0,4.0,3.0,2.0,1.0,2.0,4.0,2.0,2.2,3.0,4.0,4.0,3.0,3.5,Medium
1602,31,Male,Doctor,Bachelor's (ongoing),6,Private,Dhaka,,3.0,3.0,3.0,3.0,4.0,3.0,3.0,3.0,3.25,2.0,3.0,2.0,3.0,2.5,4.0,5.0,5.0,4.0,4.0,4.4,1.0,3.0,2.0,4.0,2.5,Low
1603,29,Female,Hospital Administrator,Postgraduate/Doctoral,6,NGO/Other,Dhaka,3.0,3.0,3.0,3.0,3.0,1.0,2.0,2.0,1.0,1.5,2.0,2.0,1.0,,1.6666666666666667,3.0,4.0,5.0,4.0,3.0,3.8,5.0,5.0,4.0,4.0,4.5,High
1604,31,Female,Nurse,Postgraduate/Doctoral,5,Public,Dhaka,5.0,3.0,4.0,4.0,4.0,2.0,4.0,2.0,2.0,2.5,2.0,1.0,1.0,3.0,1.75,4.0,3.0,4.0,4.0,3.0,3.6,4.0,4.0,4.0,5.0,4.25,High
1605,24,Male,Other,Bachelor's (ongoing),2,Not Applicable,Semi-Urban,3.0,3.0,3.0,4.0,3.25,4.0,4.0,3.0,4.0,3.75,5.0,4.0,4.0,3.0,4.0,3.0,3.0,5.0,3.0,3.0,3.4,1.0,1.0,1.0,1.0,1.0,Low
1606,35,Male,Doctor,Postgraduate/Doctoral,9,Public,Chattogram,3.0,4.0,3.0,,3.3333333333333335,3.0,3.0,4.0,3.0,3.25,2.0,1.0,3.0,2.0,2.0,4.0,2.0,4.0,3.0,4.0,3.4,5.0,5.0,3.0,4.0,4.25,High
1607,24,Female,Doctor,Bachelor's (ongoing),1,Private,Semi-Urban,4.0,3.0,4.0,5.0,4.0,2.0,4.0,2.0,3.0,2.75,3.0,2.0,3.0,3.0,2.75,1.0,2.0,2.0,1.0,3.0,1.8,4.0,4.0,5.0,4.0,4.25,High
1608,41,Male,Nurse,Bachelor's (completed),15,Private,Chattogram,1.0,1.0,2.0,2.0,1.5,1.0,1.0,1.0,1.0,1.0,3.0,4.0,4.0,3.0,3.5,3.0,4.0,3.0,3.0,4.0,3.4,3.0,2.0,2.0,3.0,2.5,Low
1609,29,Male,Doctor,Postgraduate/Doctoral,3,Public,Dhaka,4.0,4.0,4.0,5.0,4.25,3.0,3.0,3.0,2.0,2.75,4.0,2.0,1.0,2.0,2.25,2.0,2.0,3.0,4.0,3.0,2.8,5.0,5.0,4.0,4.0,4.5,High
1610,35,Male,Nurse,Bachelor's (completed),10,Public,Chattogram,2.0,2.0,1.0,1.0,1.5,4.0,4.0,5.0,3.0,4.0,2.0,2.0,2.0,3.0,2.25,3.0,3.0,4.0,5.0,5.0,4.0,3.0,2.0,5.0,4.0,3.5,Medium
1611,44,Male,IT Staff,Bachelor's (ongoing),23,Public,Dhaka,1.0,,2.0,1.0,1.3333333333333333,2.0,3.0,3.0,2.0,2.5,3.0,1.0,1.0,2.0,1.75,4.0,4.0,4.0,4.0,4.0,4.0,3.0,4.0,4.0,4.0,3.75,Medium
1612,37,Female,Nurse,Bachelor's (completed),17,Private,Semi-Urban,2.0,2.0,1.0,2.0,1.75,4.0,5.0,4.0,4.0,4.25,2.0,3.0,3.0,2.0,2.5,3.0,4.0,3.0,4.0,4.0,3.6,4.0,3.0,3.0,4.0,3.5,Medium
1613,35,Female,Hospital Administrator,Bachelor's (completed),9,Public,Dhaka,5.0,4.0,4.0,5.0,4.5,4.0,5.0,3.0,2.0,3.5,2.0,1.0,2.0,2.0,1.75,4.0,5.0,5.0,5.0,4.0,4.6,5.0,5.0,5.0,4.0,4.75,High
1614,31,Male,Healthcare Student,Bachelor's (completed),0,Not Applicable,Dhaka,4.0,4.0,3.0,3.0,3.5,2.0,2.0,,,2.0,4.0,5.0,4.0,5.0,4.5,3.0,4.0,4.0,3.0,3.0,3.4,2.0,1.0,3.0,2.0,2.0,Low
1615,31,Female,Hospital Administrator,Bachelor's (completed),8,Public,Chattogram,4.0,5.0,4.0,3.0,4.0,3.0,4.0,3.0,3.0,3.25,4.0,5.0,5.0,4.0,4.5,2.0,,4.0,4.0,2.0,3.0,2.0,2.0,1.0,1.0,1.5,Low
1616,38,Male,IT Staff,Bachelor's (completed),15,NGO/Other,Dhaka,3.0,4.0,4.0,2.0,3.25,3.0,3.0,4.0,2.0,3.0,3.0,3.0,2.0,3.0,2.75,3.0,4.0,3.0,4.0,5.0,3.8,2.0,2.0,3.0,1.0,2.0,Low
1617,55,Male,Nurse,Bachelor's (completed),39,Public,Other Urban,1.0,1.0,2.0,2.0,1.5,4.0,4.0,5.0,5.0,4.5,1.0,2.0,2.0,3.0,2.0,2.0,3.0,2.0,2.0,1.0,2.0,3.0,4.0,4.0,4.0,3.75,Medium
1618,38,Female,Doctor,Postgraduate/Doctoral,14,Private,Chattogram,3.0,3.0,2.0,2.0,2.5,5.0,5.0,,4.0,4.666666666666667,3.0,3.0,3.0,3.0,3.0,3.0,3.0,1.0,2.0,2.0,2.2,3.0,1.0,3.0,2.0,2.25,Low
1619,35,Other/Prefer not to say,Nurse,Bachelor's (completed),7,Public,Rural,3.0,4.0,3.0,4.0,3.5,2.0,3.0,3.0,2.0,2.5,2.0,3.0,3.0,2.0,2.5,2.0,,4.0,2.0,3.0,2.75,4.0,5.0,4.0,5.0,4.5,High
1620,39,Male,Other,Secondary/HSC,10,Public,Dhaka,3.0,4.0,3.0,3.0,3.25,4.0,4.0,4.0,4.0,4.0,3.0,3.0,4.0,,3.3333333333333335,3.0,3.0,1.0,3.0,2.0,2.4,2.0,1.0,1.0,2.0,1.5,Low
1621,34,Male,IT Staff,Bachelor's (completed),9,Public,Other Urban,4.0,4.0,5.0,3.0,4.0,3.0,5.0,4.0,4.0,4.0,1.0,2.0,2.0,2.0,1.75,3.0,2.0,3.0,3.0,3.0,2.8,3.0,5.0,4.0,3.0,3.75,Medium
1622,24,Male,Nurse,Bachelor's (ongoing),9,Private,Semi-Urban,4.0,2.0,3.0,2.0,2.75,2.0,1.0,3.0,1.0,1.75,2.0,3.0,2.0,2.0,2.25,3.0,3.0,3.0,3.0,3.0,3.0,2.0,2.0,3.0,2.0,2.25,Low
1623,36,Female,Nurse,Bachelor's (completed),11,Public,Dhaka,3.0,3.0,3.0,3.0,3.0,2.0,2.0,2.0,3.0,2.25,2.0,2.0,1.0,2.0,1.75,4.0,3.0,3.0,3.0,3.0,3.2,3.0,3.0,3.0,4.0,3.25,Medium
1624,49,Male,Healthcare Student,Bachelor's (completed),0,Private,Other Urban,3.0,3.0,1.0,2.0,2.25,2.0,3.0,3.0,3.0,2.75,2.0,3.0,3.0,3.0,2.75,4.0,4.0,3.0,4.0,5.0,4.0,5.0,3.0,3.0,4.0,3.75,Medium
1625,27,Male,IT Staff,Secondary/HSC,3,Not Applicable,Not Applicable,5.0,4.0,4.0,4.0,4.25,3.0,3.0,4.0,2.0,3.0,2.0,3.0,2.0,,2.3333333333333335,3.0,3.0,3.0,3.0,2.0,2.8,3.0,3.0,4.0,3.0,3.25,Medium
1626,38,Female,Hospital Administrator,Bachelor's (completed),7,Public,Semi-Urban,4.0,5.0,4.0,4.0,4.25,3.0,3.0,3.0,4.0,3.25,4.0,3.0,4.0,4.0,3.75,3.0,3.0,2.0,3.0,3.0,2.8,2.0,3.0,3.0,1.0,2.25,Low
1627,28,Male,Healthcare Student,Bachelor's (completed),1,Public,Rural,3.0,4.0,3.0,4.0,3.5,4.0,3.0,2.0,2.0,2.75,2.0,3.0,4.0,2.0,2.75,3.0,4.0,3.0,5.0,4.0,3.8,5.0,4.0,5.0,4.0,4.5,High
1628,35,Male,IT Staff,Bachelor's (completed),9,Public,Semi-Urban,3.0,3.0,4.0,4.0,3.5,4.0,4.0,4.0,4.0,4.0,,,2.0,,2.0,3.0,,5.0,4.0,3.0,3.75,3.0,2.0,2.0,2.0,2.25,Low
1629,25,Male,IT Staff,Bachelor's (ongoing),4,Public,Chattogram,3.0,4.0,4.0,4.0,3.75,2.0,1.0,2.0,1.0,1.5,1.0,1.0,1.0,1.0,1.0,3.0,3.0,2.0,2.0,2.0,2.4,5.0,5.0,5.0,4.0,4.75,High
1630,33,Male,Doctor,Bachelor's (completed),6,Private,Rural,4.0,4.0,4.0,3.0,3.75,3.0,3.0,2.0,2.0,2.5,3.0,4.0,4.0,3.0,3.5,3.0,2.0,3.0,2.0,3.0,2.6,4.0,3.0,4.0,3.0,3.5,Medium
1631,40,Male,Doctor,Postgraduate/Doctoral,20,Private,Dhaka,3.0,4.0,2.0,4.0,3.25,4.0,5.0,4.0,3.0,4.0,2.0,1.0,3.0,2.0,2.0,3.0,3.0,4.0,2.0,2.0,2.8,4.0,4.0,3.0,3.0,3.5,Medium
1632,31,Female,Other,Bachelor's (ongoing),14,Public,Other Urban,,3.0,1.0,2.0,2.0,3.0,4.0,3.0,3.0,3.25,4.0,5.0,4.0,5.0,4.5,3.0,2.0,3.0,3.0,3.0,2.8,2.0,1.0,4.0,3.0,2.5,Low
1633,38,Female,Hospital Administrator,Bachelor's (completed),11,Public,Semi-Urban,3.0,4.0,4.0,4.0,3.75,2.0,1.0,3.0,2.0,2.0,2.0,3.0,4.0,3.0,3.0,4.0,5.0,5.0,4.0,5.0,4.6,4.0,5.0,5.0,4.0,4.5,High
1634,41,Female,Nurse,Bachelor's (ongoing),8,Private,Rural,2.0,,2.0,2.0,2.0,3.0,4.0,4.0,,3.6666666666666665,3.0,,3.0,3.0,3.0,3.0,3.0,4.0,2.0,2.0,2.8,2.0,2.0,2.0,4.0,2.5,Low
1635,47,Other/Prefer not to say,Hospital Administrator,Bachelor's (ongoing),19,Public,Rural,2.0,1.0,3.0,4.0,2.5,4.0,5.0,5.0,5.0,4.75,2.0,2.0,3.0,1.0,2.0,3.0,3.0,1.0,2.0,2.0,2.2,4.0,3.0,4.0,5.0,4.0,High
1636,29,Male,Doctor,Postgraduate/Doctoral,4,Private,Dhaka,5.0,5.0,5.0,5.0,5.0,3.0,2.0,2.0,3.0,2.5,5.0,5.0,4.0,5.0,4.75,4.0,4.0,4.0,4.0,5.0,4.2,5.0,5.0,5.0,5.0,5.0,High
1637,32,Male,Healthcare Student,Bachelor's (ongoing),1,Not Applicable,Semi-Urban,3.0,3.0,2.0,3.0,2.75,1.0,2.0,2.0,4.0,2.25,5.0,3.0,4.0,3.0,3.75,4.0,4.0,4.0,4.0,4.0,4.0,1.0,1.0,1.0,1.0,1.0,Low
1638,27,Female,Doctor,Postgraduate/Doctoral,5,Public,Dhaka,4.0,5.0,5.0,5.0,4.75,3.0,4.0,4.0,4.0,3.75,4.0,4.0,,2.0,3.3333333333333335,,2.0,4.0,2.0,3.0,2.75,5.0,3.0,4.0,3.0,3.75,Medium
1639,55,Male,Healthcare Student,Secondary/HSC,0,Private,Semi-Urban,4.0,3.0,4.0,4.0,3.75,4.0,5.0,5.0,5.0,4.75,,5.0,5.0,5.0,5.0,3.0,2.0,2.0,3.0,3.0,2.6,2.0,3.0,2.0,3.0,2.5,Low
1640,47,Female,Hospital Administrator,Bachelor's (completed),22,Private,Semi-Urban,3.0,3.0,3.0,3.0,3.0,,3.0,3.0,2.0,2.6666666666666665,4.0,4.0,3.0,4.0,3.75,4.0,3.0,5.0,4.0,4.0,4.0,1.0,2.0,2.0,2.0,1.75,Low
1641,35,Female,Nurse,Bachelor's (ongoing),11,Private,Dhaka,2.0,3.0,2.0,1.0,2.0,3.0,3.0,3.0,2.0,2.75,4.0,,4.0,4.0,4.0,2.0,3.0,2.0,2.0,2.0,2.2,2.0,1.0,2.0,1.0,1.5,Low
1642,43,Male,Doctor,Postgraduate/Doctoral,15,Private,Semi-Urban,3.0,3.0,2.0,3.0,2.75,4.0,4.0,4.0,4.0,4.0,2.0,3.0,2.0,2.0,2.25,4.0,3.0,4.0,4.0,4.0,3.8,5.0,3.0,4.0,2.0,3.5,Medium
1643,35,Male,Healthcare Student,Bachelor's (completed),1,Not Applicable,Other Urban,5.0,5.0,4.0,5.0,4.75,3.0,2.0,3.0,4.0,3.0,3.0,,4.0,3.0,3.3333333333333335,2.0,1.0,1.0,2.0,2.0,1.6,3.0,4.0,4.0,4.0,3.75,Medium
1644,37,Male,Doctor,Postgraduate/Doctoral,10,Private,Other Urban,3.0,3.0,3.0,2.0,2.75,1.0,1.0,3.0,,1.6666666666666667,2.0,2.0,2.0,2.0,2.0,3.0,3.0,3.0,3.0,4.0,3.2,3.0,3.0,4.0,3.0,3.25,Medium
1645,25,Male,Doctor,Postgraduate/Doctoral,5,Private,Not Applicable,4.0,2.0,3.0,5.0,3.5,3.0,3.0,3.0,3.0,3.0,2.0,1.0,2.0,2.0,1.75,2.0,2.0,2.0,2.0,2.0,2.0,2.0,2.0,4.0,3.0,2.75,Medium
1646,40,Male,Healthcare Student,Bachelor's (ongoing),0,Not Applicable,Semi-Urban,,3.0,2.0,3.0,2.6666666666666665,2.0,3.0,3.0,2.0,2.5,4.0,3.0,3.0,3.0,3.25,,2.0,2.0,2.0,2.0,2.0,3.0,5.0,3.0,2.0,3.25,Medium
1647,26,Male,Nurse,Bachelor's (completed),6,Private,Other Urban,4.0,3.0,3.0,4.0,3.5,,2.0,2.0,2.0,2.0,2.0,1.0,2.0,1.0,1.5,,5.0,4.0,5.0,5.0,4.75,4.0,5.0,5.0,5.0,4.75,High
1648,42,Female,Nurse,Bachelor's (ongoing),14,Private,Dhaka,2.0,1.0,2.0,3.0,2.0,3.0,2.0,3.0,1.0,2.25,4.0,3.0,4.0,4.0,3.75,4.0,4.0,5.0,5.0,4.0,4.4,4.0,3.0,4.0,4.0,3.75,Medium
1649,41,Female,Nurse,Bachelor's (completed),11,Public,Dhaka,4.0,4.0,4.0,4.0,4.0,4.0,3.0,3.0,4.0,3.5,4.0,2.0,3.0,3.0,3.0,4.0,3.0,3.0,5.0,5.0,4.0,3.0,3.0,4.0,3.0,3.25,Medium
1650,39,Female,Healthcare Student,Bachelor's (ongoing),0,Not Applicable,Dhaka,2.0,2.0,3.0,3.0,2.5,1.0,2.0,2.0,3.0,2.0,2.0,3.0,2.0,1.0,2.0,2.0,3.0,2.0,2.0,2.0,2.2,3.0,3.0,2.0,3.0,2.75,Medium
1651,23,Male,Nurse,Postgraduate/Doctoral,0,Public,Dhaka,4.0,4.0,3.0,2.0,3.25,3.0,4.0,3.0,5.0,3.75,2.0,1.0,1.0,1.0,1.25,3.0,3.0,2.0,3.0,2.0,2.6,3.0,5.0,3.0,4.0,3.75,Medium
1652,30,Male,Doctor,Postgraduate/Doctoral,7,Public,Dhaka,2.0,3.0,2.0,3.0,2.5,3.0,3.0,3.0,4.0,3.25,2.0,3.0,2.0,2.0,2.25,4.0,4.0,5.0,4.0,4.0,4.2,3.0,5.0,4.0,3.0,3.75,Medium
1653,29,Male,Nurse,Bachelor's (completed),4,Public,Other Urban,4.0,4.0,3.0,3.0,3.5,3.0,3.0,3.0,4.0,3.25,3.0,,4.0,3.0,3.3333333333333335,3.0,4.0,4.0,5.0,4.0,4.0,2.0,3.0,4.0,4.0,3.25,Medium
1654,31,Male,Doctor,Postgraduate/Doctoral,8,Public,Semi-Urban,4.0,4.0,4.0,4.0,4.0,3.0,3.0,3.0,2.0,2.75,2.0,2.0,2.0,3.0,2.25,2.0,2.0,2.0,2.0,3.0,2.2,5.0,3.0,2.0,2.0,3.0,Medium
1655,25,Female,Nurse,Bachelor's (ongoing),1,Private,Dhaka,2.0,3.0,2.0,2.0,2.25,3.0,4.0,4.0,4.0,3.75,3.0,4.0,4.0,4.0,3.75,4.0,2.0,3.0,4.0,2.0,3.0,3.0,1.0,2.0,1.0,1.75,Low
1656,47,Male,Doctor,Bachelor's (completed),18,Public,Other Urban,2.0,1.0,3.0,1.0,1.75,4.0,3.0,4.0,3.0,3.5,5.0,3.0,3.0,,3.6666666666666665,2.0,3.0,3.0,2.0,3.0,2.6,3.0,1.0,1.0,1.0,1.5,Low
1657,35,Male,Doctor,Postgraduate/Doctoral,11,Private,Rural,3.0,3.0,4.0,2.0,3.0,2.0,3.0,3.0,3.0,2.75,1.0,,2.0,,1.5,4.0,4.0,5.0,5.0,5.0,4.6,5.0,4.0,5.0,4.0,4.5,High
1658,30,Female,Nurse,Bachelor's (completed),11,Private,Dhaka,,4.0,5.0,5.0,4.666666666666667,3.0,2.0,3.0,3.0,2.75,3.0,3.0,3.0,3.0,3.0,3.0,3.0,4.0,4.0,3.0,3.4,3.0,3.0,3.0,2.0,2.75,Medium
1659,32,Male,Healthcare Student,Bachelor's (ongoing),1,Public,Other Urban,2.0,2.0,2.0,2.0,2.0,1.0,2.0,2.0,,1.6666666666666667,3.0,3.0,3.0,3.0,3.0,3.0,3.0,3.0,4.0,2.0,3.0,3.0,4.0,5.0,4.0,4.0,High
1660,33,Male,Doctor,Postgraduate/Doctoral,7,Public,Dhaka,3.0,3.0,4.0,3.0,3.25,2.0,3.0,3.0,3.0,2.75,3.0,4.0,3.0,2.0,3.0,3.0,4.0,4.0,4.0,3.0,3.6,3.0,3.0,3.0,4.0,3.25,Medium
1661,36,Male,Doctor,Postgraduate/Doctoral,8,Private,Other Urban,4.0,2.0,1.0,3.0,2.5,3.0,3.0,3.0,3.0,3.0,3.0,3.0,3.0,2.0,2.75,4.0,5.0,4.0,5.0,4.0,4.4,4.0,4.0,3.0,4.0,3.75,Medium
1662,35,Female,Other,Secondary/HSC,6,Private,Semi-Urban,2.0,2.0,1.0,2.0,1.75,3.0,4.0,4.0,,3.6666666666666665,4.0,3.0,4.0,3.0,3.5,3.0,2.0,2.0,2.0,1.0,2.0,1.0,1.0,2.0,2.0,1.5,Low
1663,46,Female,Healthcare Student,Bachelor's (ongoing),1,Private,Dhaka,3.0,3.0,3.0,2.0,2.75,3.0,5.0,4.0,4.0,4.0,4.0,3.0,4.0,3.0,3.5,5.0,5.0,4.0,5.0,4.0,4.6,2.0,3.0,4.0,3.0,3.0,Medium
1664,34,Male,IT Staff,Bachelor's (ongoing),4,Public,Dhaka,4.0,4.0,5.0,5.0,4.5,2.0,2.0,3.0,2.0,2.25,4.0,3.0,4.0,4.0,3.75,2.0,3.0,3.0,3.0,3.0,2.8,4.0,4.0,5.0,4.0,4.25,High
1665,55,Female,Nurse,Bachelor's (ongoing),30,Public,Rural,2.0,2.0,1.0,2.0,1.75,2.0,1.0,2.0,2.0,1.75,4.0,3.0,5.0,3.0,3.75,4.0,4.0,3.0,2.0,4.0,3.4,4.0,4.0,5.0,3.0,4.0,High
1666,43,Female,Nurse,Bachelor's (completed),20,Public,Dhaka,3.0,4.0,2.0,4.0,3.25,2.0,4.0,2.0,3.0,2.75,4.0,,3.0,3.0,3.3333333333333335,2.0,3.0,3.0,1.0,2.0,2.2,3.0,4.0,3.0,5.0,3.75,Medium
1667,28,Female,Doctor,Bachelor's (completed),3,Public,Semi-Urban,5.0,4.0,4.0,4.0,4.25,,,2.0,1.0,1.5,2.0,2.0,1.0,2.0,1.75,4.0,3.0,3.0,3.0,3.0,3.2,4.0,5.0,5.0,5.0,4.75,High
1668,47,Male,Doctor,Postgraduate/Doctoral,14,Not Applicable,Semi-Urban,4.0,5.0,4.0,4.0,4.25,3.0,2.0,2.0,3.0,2.5,4.0,5.0,4.0,4.0,4.25,4.0,5.0,5.0,5.0,5.0,4.8,4.0,5.0,5.0,5.0,4.75,High
1669,26,Male,Nurse,Bachelor's (completed),4,Public,Dhaka,3.0,4.0,3.0,2.0,3.0,2.0,4.0,3.0,3.0,3.0,3.0,3.0,3.0,4.0,3.25,4.0,4.0,4.0,5.0,3.0,4.0,1.0,2.0,3.0,1.0,1.75,Low
1670,42,Female,Hospital Administrator,Postgraduate/Doctoral,20,Public,Semi-Urban,5.0,5.0,5.0,5.0,5.0,4.0,3.0,2.0,3.0,3.0,4.0,5.0,3.0,4.0,4.0,4.0,4.0,3.0,3.0,5.0,3.8,3.0,5.0,3.0,5.0,4.0,High
1671,32,Male,Nurse,Bachelor's (completed),9,NGO/Other,Other Urban,4.0,3.0,2.0,3.0,3.0,5.0,5.0,5.0,5.0,5.0,2.0,2.0,1.0,1.0,1.5,3.0,2.0,3.0,2.0,2.0,2.4,3.0,3.0,3.0,3.0,3.0,Medium
1672,44,Female,Hospital Administrator,Postgraduate/Doctoral,11,Private,Dhaka,2.0,4.0,4.0,5.0,3.75,3.0,5.0,4.0,4.0,4.0,2.0,4.0,4.0,3.0,3.25,4.0,3.0,3.0,4.0,4.0,3.6,2.0,1.0,1.0,2.0,1.5,Low
1673,44,Female,Nurse,Bachelor's (ongoing),17,Public,Rural,3.0,3.0,2.0,2.0,2.5,5.0,4.0,5.0,5.0,4.75,4.0,4.0,5.0,4.0,4.25,4.0,5.0,4.0,,3.0,4.0,2.0,1.0,2.0,2.0,1.75,Low
1674,41,Male,Nurse,Bachelor's (completed),17,Private,Chattogram,3.0,3.0,3.0,3.0,3.0,3.0,4.0,3.0,4.0,3.5,3.0,2.0,4.0,2.0,2.75,4.0,4.0,4.0,5.0,3.0,4.0,4.0,4.0,2.0,3.0,3.25,Medium
1675,41,Female,Healthcare Student,Bachelor's (ongoing),0,Not Applicable,Semi-Urban,4.0,3.0,2.0,3.0,3.0,4.0,3.0,4.0,4.0,3.75,2.0,4.0,4.0,3.0,3.25,,3.0,3.0,4.0,4.0,3.5,2.0,2.0,4.0,3.0,2.75,Medium
1676,30,Female,Healthcare Student,Bachelor's (completed),0,Public,Dhaka,3.0,2.0,3.0,3.0,2.75,3.0,3.0,3.0,2.0,2.75,1.0,2.0,1.0,2.0,1.5,,3.0,5.0,5.0,3.0,4.0,4.0,5.0,4.0,4.0,4.25,High
1677,25,Female,Nurse,Bachelor's (ongoing),7,Public,Dhaka,4.0,4.0,4.0,,4.0,2.0,1.0,1.0,2.0,1.5,3.0,1.0,4.0,,2.6666666666666665,3.0,3.0,3.0,3.0,4.0,3.2,5.0,4.0,5.0,5.0,4.75,High
1678,32,Male,Hospital Administrator,Bachelor's (completed),6,NGO/Other,Semi-Urban,3.0,2.0,3.0,4.0,3.0,3.0,2.0,3.0,2.0,2.5,3.0,3.0,2.0,2.0,2.5,3.0,3.0,4.0,4.0,3.0,3.4,3.0,3.0,4.0,3.0,3.25,Medium
1679,27,Female,Nurse,Bachelor's (completed),4,Private,Other Urban,3.0,4.0,,3.0,3.3333333333333335,3.0,3.0,2.0,,2.6666666666666665,1.0,2.0,1.0,2.0,1.5,4.0,3.0,2.0,5.0,4.0,3.6,4.0,3.0,4.0,3.0,3.5,Medium
1680,38,Male,Doctor,Postgraduate/Doctoral,14,Not Applicable,Dhaka,3.0,2.0,3.0,3.0,2.75,3.0,3.0,2.0,3.0,2.75,4.0,4.0,3.0,3.0,3.5,4.0,3.0,3.0,4.0,4.0,3.6,3.0,4.0,4.0,4.0,3.75,Medium
1681,31,Female,Healthcare Student,Bachelor's (completed),0,Public,Semi-Urban,3.0,3.0,2.0,2.0,2.5,2.0,1.0,3.0,2.0,2.0,2.0,1.0,1.0,2.0,1.5,1.0,2.0,2.0,,2.0,1.75,4.0,3.0,5.0,5.0,4.25,High
1682,51,Female,Doctor,Postgraduate/Doctoral,18,NGO/Other,Chattogram,3.0,4.0,4.0,4.0,3.75,4.0,3.0,5.0,5.0,4.25,4.0,2.0,2.0,3.0,2.75,5.0,5.0,4.0,4.0,4.0,4.4,4.0,4.0,4.0,4.0,4.0,High
1683,37,Female,Nurse,Bachelor's (ongoing),16,Public,Dhaka,2.0,3.0,3.0,3.0,2.75,3.0,2.0,2.0,2.0,2.25,3.0,3.0,4.0,3.0,3.25,4.0,3.0,4.0,4.0,3.0,3.6,3.0,4.0,3.0,3.0,3.25,Medium
1684,42,Male,Nurse,Bachelor's (completed),13,Private,Semi-Urban,2.0,3.0,3.0,2.0,2.5,1.0,1.0,2.0,1.0,1.25,3.0,3.0,2.0,4.0,3.0,2.0,3.0,3.0,3.0,2.0,2.6,4.0,5.0,3.0,5.0,4.25,High
1685,26,Male,Doctor,Postgraduate/Doctoral,2,NGO/Other,Other Urban,5.0,5.0,5.0,,5.0,2.0,2.0,2.0,3.0,2.25,3.0,2.0,3.0,3.0,2.75,3.0,4.0,5.0,5.0,,4.25,4.0,5.0,4.0,5.0,4.5,High
1686,43,Male,Doctor,Secondary/HSC,15,Public,Chattogram,2.0,3.0,2.0,3.0,2.5,4.0,4.0,3.0,2.0,3.25,4.0,5.0,5.0,5.0,4.75,2.0,3.0,3.0,5.0,2.0,3.0,3.0,3.0,3.0,3.0,3.0,Medium
1687,46,Male,Nurse,Bachelor's (ongoing),17,Public,Semi-Urban,2.0,2.0,4.0,3.0,2.75,3.0,3.0,2.0,2.0,2.5,3.0,3.0,3.0,3.0,3.0,4.0,3.0,,3.0,3.0,3.25,1.0,3.0,2.0,1.0,1.75,Low
1688,34,Male,Other,Bachelor's (ongoing),9,Private,Other Urban,2.0,2.0,3.0,2.0,2.25,3.0,2.0,3.0,2.0,2.5,3.0,4.0,4.0,3.0,3.5,4.0,3.0,5.0,,4.0,4.0,1.0,1.0,2.0,1.0,1.25,Low
1689,36,Female,Hospital Administrator,Bachelor's (completed),12,Private,Rural,3.0,4.0,3.0,3.0,3.25,3.0,4.0,5.0,5.0,4.25,,2.0,2.0,3.0,2.3333333333333335,3.0,5.0,3.0,,3.0,3.5,3.0,2.0,2.0,2.0,2.25,Low
1690,40,Male,Nurse,Postgraduate/Doctoral,14,Public,Semi-Urban,4.0,4.0,4.0,4.0,4.0,4.0,3.0,3.0,4.0,3.5,3.0,5.0,3.0,4.0,3.75,3.0,4.0,3.0,3.0,3.0,3.2,3.0,3.0,3.0,2.0,2.75,Medium
1691,27,Female,Doctor,Postgraduate/Doctoral,4,NGO/Other,Dhaka,3.0,3.0,2.0,3.0,2.75,2.0,2.0,3.0,4.0,2.75,3.0,5.0,4.0,4.0,4.0,3.0,4.0,3.0,3.0,2.0,3.0,3.0,4.0,4.0,4.0,3.75,Medium
1692,34,Female,Hospital Administrator,Bachelor's (ongoing),9,Public,Chattogram,2.0,3.0,3.0,4.0,3.0,3.0,2.0,2.0,2.0,2.25,3.0,3.0,2.0,2.0,2.5,5.0,4.0,5.0,5.0,5.0,4.8,3.0,4.0,4.0,4.0,3.75,Medium
1693,32,Male,Doctor,Postgraduate/Doctoral,7,Public,Rural,4.0,4.0,5.0,4.0,4.25,3.0,2.0,2.0,2.0,2.25,1.0,1.0,1.0,1.0,1.0,1.0,3.0,2.0,2.0,2.0,2.0,4.0,3.0,4.0,4.0,3.75,Medium
1694,27,Female,Hospital Administrator,Postgraduate/Doctoral,3,Public,Rural,1.0,,3.0,1.0,1.6666666666666667,4.0,4.0,3.0,3.0,3.5,3.0,3.0,3.0,1.0,2.5,3.0,4.0,3.0,4.0,4.0,3.6,4.0,3.0,4.0,3.0,3.5,Medium
1695,32,Female,Healthcare Student,Bachelor's (completed),0,Not Applicable,Dhaka,3.0,3.0,3.0,4.0,3.25,4.0,3.0,4.0,4.0,3.75,3.0,4.0,4.0,4.0,3.75,4.0,3.0,3.0,3.0,3.0,3.2,4.0,4.0,4.0,3.0,3.75,Medium
1696,24,Male,Nurse,Bachelor's (ongoing),0,Public,Dhaka,4.0,4.0,4.0,4.0,4.0,3.0,2.0,4.0,3.0,3.0,4.0,4.0,5.0,5.0,4.5,3.0,3.0,4.0,4.0,4.0,3.6,3.0,2.0,3.0,2.0,2.5,Low
1697,23,Male,Nurse,Bachelor's (ongoing),2,Private,Dhaka,3.0,3.0,4.0,5.0,3.75,4.0,3.0,5.0,4.0,4.0,2.0,3.0,4.0,3.0,3.0,5.0,4.0,4.0,5.0,5.0,4.6,3.0,4.0,4.0,5.0,4.0,High
1698,26,Female,Doctor,Postgraduate/Doctoral,1,Public,Rural,5.0,4.0,5.0,4.0,4.5,4.0,4.0,5.0,5.0,4.5,3.0,3.0,3.0,,3.0,2.0,2.0,2.0,2.0,2.0,2.0,3.0,3.0,2.0,2.0,2.5,Low
1699,49,Female,Doctor,Postgraduate/Doctoral,21,NGO/Other,Rural,3.0,4.0,2.0,3.0,3.0,4.0,4.0,4.0,4.0,4.0,,4.0,5.0,5.0,4.666666666666667,4.0,3.0,3.0,2.0,4.0,3.2,3.0,3.0,2.0,2.0,2.5,Low
1700,35,Female,Nurse,Bachelor's (ongoing),11,Private,Semi-Urban,2.0,1.0,3.0,1.0,1.75,4.0,5.0,4.0,4.0,4.25,4.0,4.0,4.0,4.0,4.0,3.0,3.0,,3.0,4.0,3.25,1.0,2.0,1.0,1.0,1.25,Low
1701,50,Female,Healthcare Student,Bachelor's (completed),1,Public,Dhaka,1.0,2.0,1.0,1.0,1.25,3.0,3.0,4.0,3.0,3.25,4.0,5.0,,4.0,4.333333333333333,4.0,3.0,3.0,2.0,3.0,3.0,2.0,3.0,3.0,2.0,2.5,Low
1702,33,Other/Prefer not to say,Nurse,Bachelor's (ongoing),9,Public,Rural,4.0,3.0,3.0,4.0,3.5,3.0,4.0,4.0,3.0,3.5,2.0,1.0,3.0,3.0,2.25,4.0,4.0,4.0,4.0,3.0,3.8,2.0,3.0,4.0,3.0,3.0,Medium
1703,30,Male,Hospital Administrator,Bachelor's (ongoing),5,Public,Dhaka,4.0,2.0,3.0,3.0,3.0,4.0,4.0,4.0,2.0,3.5,3.0,2.0,4.0,4.0,3.25,4.0,4.0,3.0,4.0,4.0,3.8,4.0,3.0,3.0,3.0,3.25,Medium
1704,34,Female,IT Staff,Bachelor's (completed),10,Public,Chattogram,4.0,5.0,4.0,5.0,4.5,2.0,2.0,2.0,1.0,1.75,4.0,3.0,2.0,2.0,2.75,3.0,3.0,4.0,4.0,3.0,3.4,5.0,5.0,4.0,5.0,4.75,High
1705,33,Male,Doctor,Postgraduate/Doctoral,12,Private,Dhaka,3.0,3.0,4.0,3.0,3.25,1.0,1.0,3.0,3.0,2.0,2.0,2.0,2.0,2.0,2.0,5.0,5.0,5.0,5.0,4.0,4.8,4.0,5.0,3.0,5.0,4.25,High
1706,26,Other/Prefer not to say,Doctor,Postgraduate/Doctoral,2,Private,Other Urban,5.0,5.0,4.0,5.0,4.75,2.0,2.0,2.0,2.0,2.0,2.0,2.0,2.0,3.0,2.25,3.0,3.0,2.0,2.0,3.0,2.6,4.0,4.0,4.0,3.0,3.75,Medium
1707,37,Male,Nurse,Postgraduate/Doctoral,10,Public,Other Urban,2.0,3.0,2.0,3.0,2.5,1.0,,1.0,1.0,1.0,4.0,4.0,4.0,4.0,4.0,3.0,3.0,3.0,3.0,4.0,3.2,3.0,4.0,4.0,3.0,3.5,Medium
1708,28,Male,IT Staff,Postgraduate/Doctoral,3,Private,Dhaka,4.0,4.0,4.0,4.0,4.0,3.0,4.0,4.0,3.0,3.5,1.0,2.0,2.0,2.0,1.75,2.0,3.0,3.0,2.0,4.0,2.8,3.0,4.0,3.0,3.0,3.25,Medium
1709,37,Female,Nurse,Bachelor's (ongoing),17,Private,Dhaka,2.0,3.0,4.0,3.0,3.0,4.0,5.0,5.0,,4.666666666666667,4.0,4.0,5.0,2.0,3.75,4.0,3.0,5.0,4.0,5.0,4.2,1.0,2.0,2.0,2.0,1.75,Low
1710,37,Male,Healthcare Student,Bachelor's (completed),1,Public,Semi-Urban,5.0,3.0,4.0,2.0,3.5,3.0,3.0,3.0,2.0,2.75,3.0,4.0,4.0,2.0,3.25,4.0,3.0,2.0,2.0,3.0,2.8,1.0,1.0,2.0,1.0,1.25,Low
1711,27,Female,Healthcare Student,Bachelor's (completed),0,Public,Dhaka,5.0,5.0,5.0,5.0,5.0,3.0,5.0,3.0,3.0,3.5,2.0,1.0,2.0,3.0,2.0,3.0,5.0,5.0,4.0,4.0,4.2,3.0,4.0,3.0,4.0,3.5,Medium
1712,24,Male,Healthcare Student,Bachelor's (ongoing),1,Public,Chattogram,3.0,3.0,2.0,2.0,2.5,4.0,3.0,4.0,4.0,3.75,1.0,2.0,2.0,3.0,2.0,3.0,4.0,4.0,5.0,3.0,3.8,4.0,3.0,4.0,4.0,3.75,Medium
1713,41,Female,Other,Postgraduate/Doctoral,16,Private,Dhaka,2.0,2.0,3.0,3.0,2.5,4.0,4.0,3.0,3.0,3.5,2.0,1.0,,2.0,1.6666666666666667,3.0,4.0,3.0,4.0,3.0,3.4,4.0,3.0,3.0,2.0,3.0,Medium
1714,33,Female,Healthcare Student,Bachelor's (completed),1,Public,Dhaka,2.0,3.0,1.0,1.0,1.75,3.0,3.0,3.0,3.0,3.0,3.0,4.0,3.0,2.0,3.0,5.0,5.0,5.0,5.0,4.0,4.8,4.0,4.0,4.0,4.0,4.0,High
1715,24,Male,Healthcare Student,Bachelor's (ongoing),1,Private,Dhaka,2.0,3.0,2.0,2.0,2.25,3.0,2.0,4.0,2.0,2.75,3.0,2.0,3.0,3.0,2.75,2.0,3.0,3.0,4.0,3.0,3.0,3.0,1.0,1.0,3.0,2.0,Low
1716,56,Female,Healthcare Student,Bachelor's (ongoing),1,Public,Semi-Urban,3.0,4.0,4.0,2.0,3.25,5.0,5.0,4.0,4.0,4.5,3.0,3.0,3.0,4.0,3.25,2.0,3.0,2.0,1.0,1.0,1.8,2.0,3.0,2.0,2.0,2.25,Low
1717,24,Male,Healthcare Student,Bachelor's (completed),1,NGO/Other,Chattogram,4.0,5.0,4.0,4.0,4.25,3.0,4.0,4.0,3.0,3.5,1.0,1.0,2.0,1.0,1.25,3.0,4.0,4.0,4.0,5.0,4.0,4.0,5.0,4.0,4.0,4.25,High
1718,38,Female,Healthcare Student,Postgraduate/Doctoral,1,Public,Dhaka,5.0,5.0,4.0,4.0,4.5,4.0,3.0,4.0,3.0,3.5,3.0,3.0,2.0,3.0,2.75,2.0,1.0,2.0,2.0,2.0,1.8,4.0,4.0,4.0,2.0,3.5,Medium
1719,52,Female,Other,Secondary/HSC,24,Private,Semi-Urban,1.0,2.0,1.0,1.0,1.25,4.0,4.0,3.0,4.0,3.75,4.0,4.0,4.0,4.0,4.0,4.0,4.0,4.0,4.0,5.0,4.2,1.0,1.0,2.0,1.0,1.25,Low
1720,29,Female,Nurse,Bachelor's (ongoing),2,Public,Dhaka,3.0,4.0,,3.0,3.3333333333333335,2.0,3.0,2.0,,2.3333333333333335,2.0,2.0,2.0,3.0,2.25,3.0,,4.0,4.0,3.0,3.5,4.0,4.0,4.0,4.0,4.0,High
1721,27,Male,IT Staff,Bachelor's (completed),2,Public,Semi-Urban,5.0,4.0,4.0,4.0,4.25,1.0,1.0,1.0,1.0,1.0,2.0,1.0,2.0,1.0,1.5,2.0,4.0,2.0,2.0,2.0,2.4,5.0,5.0,5.0,5.0,5.0,High
1722,26,Male,Hospital Administrator,Bachelor's (ongoing),8,Public,Dhaka,2.0,2.0,3.0,2.0,2.25,4.0,3.0,2.0,,3.0,4.0,3.0,2.0,3.0,3.0,3.0,3.0,3.0,3.0,2.0,2.8,4.0,3.0,1.0,2.0,2.5,Low
1723,30,Female,Healthcare Student,Bachelor's (ongoing),1,Private,Rural,2.0,2.0,2.0,2.0,2.0,1.0,2.0,3.0,1.0,1.75,4.0,3.0,3.0,4.0,3.5,,1.0,1.0,2.0,1.0,1.25,2.0,3.0,2.0,1.0,2.0,Low
1724,25,Female,Nurse,Postgraduate/Doctoral,4,Private,Dhaka,3.0,4.0,4.0,4.0,3.75,3.0,3.0,3.0,2.0,2.75,2.0,2.0,1.0,1.0,1.5,5.0,5.0,4.0,5.0,4.0,4.6,2.0,1.0,2.0,2.0,1.75,Low
1725,38,Male,Healthcare Student,Bachelor's (completed),1,Public,Other Urban,2.0,2.0,2.0,3.0,2.25,5.0,4.0,3.0,4.0,4.0,2.0,2.0,1.0,3.0,2.0,3.0,2.0,2.0,2.0,1.0,2.0,2.0,3.0,2.0,2.0,2.25,Low
1726,24,Male,Healthcare Student,Bachelor's (completed),1,Not Applicable,Semi-Urban,3.0,4.0,4.0,3.0,3.5,2.0,2.0,3.0,1.0,2.0,3.0,3.0,3.0,3.0,3.0,4.0,3.0,3.0,3.0,3.0,3.2,4.0,5.0,4.0,4.0,4.25,High
1727,34,Male,Other,Bachelor's (completed),13,Private,Other Urban,2.0,3.0,3.0,4.0,3.0,3.0,2.0,2.0,2.0,2.25,3.0,4.0,3.0,4.0,3.5,3.0,4.0,3.0,3.0,3.0,3.2,4.0,4.0,3.0,3.0,3.5,Medium
1728,57,Female,Nurse,Bachelor's (ongoing),18,Private,Semi-Urban,1.0,2.0,,2.0,1.6666666666666667,5.0,5.0,5.0,5.0,5.0,4.0,4.0,,4.0,4.0,3.0,2.0,3.0,2.0,2.0,2.4,1.0,1.0,1.0,2.0,1.25,Low
1729,42,Male,IT Staff,Postgraduate/Doctoral,17,Private,Dhaka,4.0,3.0,5.0,4.0,4.0,3.0,3.0,3.0,2.0,2.75,3.0,3.0,3.0,3.0,3.0,5.0,5.0,5.0,5.0,5.0,5.0,5.0,5.0,4.0,5.0,4.75,High
1730,37,Male,Healthcare Student,Bachelor's (ongoing),1,Public,Chattogram,2.0,3.0,2.0,2.0,2.25,1.0,3.0,2.0,1.0,1.75,3.0,2.0,3.0,3.0,2.75,2.0,4.0,3.0,4.0,5.0,3.6,3.0,3.0,3.0,4.0,3.25,Medium
1731,30,Female,Other,Bachelor's (ongoing),5,Private,Rural,1.0,2.0,2.0,2.0,1.75,4.0,4.0,4.0,5.0,4.25,2.0,2.0,2.0,2.0,2.0,3.0,4.0,3.0,4.0,3.0,3.4,4.0,4.0,4.0,4.0,4.0,High
1732,37,Male,Other,Bachelor's (completed),11,Private,Rural,3.0,4.0,2.0,3.0,3.0,3.0,3.0,2.0,3.0,2.75,2.0,2.0,2.0,3.0,2.25,2.0,4.0,3.0,2.0,2.0,2.6,3.0,3.0,4.0,2.0,3.0,Medium
1733,35,Female,Hospital Administrator,Bachelor's (completed),8,Private,Chattogram,3.0,3.0,3.0,3.0,3.0,1.0,2.0,2.0,2.0,1.75,2.0,2.0,2.0,1.0,1.75,4.0,3.0,4.0,4.0,5.0,4.0,5.0,5.0,5.0,5.0,5.0,High
1734,33,Male,Hospital Administrator,Postgraduate/Doctoral,14,Public,Other Urban,3.0,3.0,4.0,4.0,3.5,3.0,3.0,2.0,,2.6666666666666665,3.0,4.0,3.0,3.0,3.25,4.0,,2.0,2.0,2.0,2.5,4.0,5.0,4.0,4.0,4.25,High
1735,26,Female,Doctor,Bachelor's (completed),2,Private,Semi-Urban,4.0,5.0,4.0,5.0,4.5,,2.0,3.0,2.0,2.3333333333333335,2.0,2.0,3.0,3.0,2.5,4.0,4.0,4.0,2.0,4.0,3.6,5.0,4.0,4.0,3.0,4.0,High
1736,44,Female,Other,Postgraduate/Doctoral,14,Public,Semi-Urban,3.0,3.0,2.0,1.0,2.25,3.0,4.0,3.0,3.0,3.25,4.0,2.0,2.0,3.0,2.75,2.0,2.0,2.0,,3.0,2.25,3.0,1.0,2.0,4.0,2.5,Low
1737,33,Female,Nurse,Bachelor's (completed),6,Private,Rural,5.0,4.0,5.0,5.0,4.75,2.0,2.0,2.0,2.0,2.0,3.0,3.0,3.0,4.0,3.25,3.0,2.0,2.0,3.0,3.0,2.6,5.0,5.0,5.0,5.0,5.0,High
1738,28,Male,Healthcare Student,Bachelor's (completed),0,Public,Rural,,3.0,2.0,3.0,2.6666666666666665,3.0,3.0,3.0,3.0,3.0,3.0,2.0,4.0,2.0,2.75,2.0,4.0,4.0,2.0,4.0,3.2,2.0,2.0,4.0,2.0,2.5,Low
1739,32,Male,Healthcare Student,Bachelor's (completed),1,Public,Chattogram,3.0,,4.0,4.0,3.6666666666666665,3.0,3.0,2.0,2.0,2.5,2.0,3.0,3.0,2.0,2.5,4.0,4.0,3.0,4.0,2.0,3.4,4.0,3.0,3.0,3.0,3.25,Medium
1740,33,Female,Nurse,Bachelor's (ongoing),12,Private,Other Urban,1.0,2.0,2.0,3.0,2.0,1.0,1.0,1.0,1.0,1.0,3.0,3.0,2.0,4.0,3.0,4.0,4.0,3.0,3.0,3.0,3.4,2.0,2.0,3.0,3.0,2.5,Low
1741,42,Male,Doctor,Postgraduate/Doctoral,9,NGO/Other,Chattogram,4.0,4.0,5.0,3.0,4.0,3.0,4.0,4.0,4.0,3.75,2.0,2.0,2.0,2.0,2.0,5.0,3.0,5.0,3.0,4.0,4.0,4.0,3.0,4.0,4.0,3.75,Medium
1742,39,Male,Doctor,Postgraduate/Doctoral,11,Public,Dhaka,5.0,3.0,3.0,4.0,3.75,3.0,4.0,3.0,4.0,3.5,5.0,4.0,5.0,4.0,4.5,4.0,4.0,3.0,4.0,3.0,3.6,3.0,2.0,2.0,3.0,2.5,Low
1743,40,Male,Healthcare Student,Bachelor's (completed),1,Private,Semi-Urban,3.0,2.0,3.0,3.0,2.75,5.0,4.0,4.0,5.0,4.5,3.0,4.0,5.0,4.0,4.0,3.0,3.0,3.0,2.0,3.0,2.8,2.0,1.0,1.0,2.0,1.5,Low
1744,22,Female,Hospital Administrator,Postgraduate/Doctoral,0,Private,Other Urban,3.0,3.0,4.0,3.0,3.25,3.0,3.0,3.0,2.0,2.75,3.0,2.0,2.0,2.0,2.25,5.0,5.0,4.0,4.0,4.0,4.4,5.0,3.0,5.0,4.0,4.25,High
1745,33,Female,Doctor,Postgraduate/Doctoral,6,NGO/Other,Dhaka,4.0,3.0,4.0,3.0,3.5,4.0,3.0,4.0,3.0,3.5,3.0,3.0,4.0,4.0,3.5,2.0,4.0,,2.0,2.0,2.5,1.0,1.0,2.0,2.0,1.5,Low
1746,34,Female,IT Staff,Bachelor's (ongoing),12,Private,Other Urban,3.0,3.0,4.0,4.0,3.5,3.0,2.0,2.0,3.0,2.5,4.0,4.0,4.0,4.0,4.0,4.0,4.0,5.0,4.0,3.0,4.0,4.0,5.0,5.0,4.0,4.5,High
1747,23,Female,Nurse,Bachelor's (ongoing),0,Public,Dhaka,3.0,4.0,3.0,2.0,3.0,3.0,2.0,1.0,2.0,2.0,3.0,1.0,1.0,,1.6666666666666667,,4.0,3.0,3.0,4.0,3.5,4.0,4.0,4.0,4.0,4.0,High
1748,29,Male,Healthcare Student,Bachelor's (completed),0,Public,Dhaka,3.0,3.0,3.0,3.0,3.0,2.0,3.0,3.0,3.0,2.75,2.0,2.0,3.0,3.0,2.5,3.0,3.0,5.0,4.0,3.0,3.6,5.0,4.0,3.0,3.0,3.75,Medium
1749,40,Male,Nurse,Postgraduate/Doctoral,11,Private,Other Urban,4.0,3.0,,4.0,3.6666666666666665,3.0,4.0,3.0,3.0,3.25,3.0,4.0,3.0,3.0,3.25,4.0,4.0,3.0,4.0,5.0,4.0,4.0,4.0,4.0,4.0,4.0,High
1750,26,Male,Doctor,Postgraduate/Doctoral,5,Public,Semi-Urban,3.0,4.0,4.0,4.0,3.75,4.0,3.0,4.0,5.0,4.0,3.0,4.0,2.0,3.0,3.0,5.0,5.0,5.0,5.0,4.0,4.8,4.0,4.0,4.0,5.0,4.25,High
1751,35,Female,Doctor,Bachelor's (ongoing),8,NGO/Other,Chattogram,2.0,2.0,2.0,3.0,2.25,3.0,3.0,3.0,2.0,2.75,3.0,3.0,3.0,4.0,3.25,3.0,4.0,5.0,4.0,4.0,4.0,2.0,4.0,3.0,4.0,3.25,Medium
1752,28,Male,Hospital Administrator,Bachelor's (completed),4,NGO/Other,Dhaka,3.0,3.0,4.0,4.0,3.5,2.0,2.0,2.0,3.0,2.25,2.0,3.0,2.0,2.0,2.25,4.0,3.0,3.0,4.0,5.0,3.8,2.0,3.0,2.0,3.0,2.5,Low
1753,22,Female,Nurse,Bachelor's (completed),3,NGO/Other,Other Urban,5.0,4.0,5.0,,4.666666666666667,2.0,1.0,3.0,3.0,2.25,2.0,2.0,2.0,2.0,2.0,,3.0,2.0,2.0,3.0,2.5,4.0,4.0,3.0,4.0,3.75,Medium
1754,29,Female,Healthcare Student,Bachelor's (completed),1,Public,Dhaka,4.0,3.0,4.0,4.0,3.75,5.0,5.0,3.0,4.0,4.25,3.0,2.0,4.0,,3.0,3.0,4.0,4.0,5.0,3.0,3.8,4.0,4.0,5.0,3.0,4.0,High
1755,51,Male,Nurse,Bachelor's (ongoing),16,Private,Rural,3.0,2.0,2.0,1.0,2.0,3.0,3.0,3.0,4.0,3.25,3.0,2.0,3.0,4.0,3.0,3.0,3.0,4.0,3.0,2.0,3.0,2.0,2.0,2.0,1.0,1.75,Low
1756,41,Female,Nurse,Bachelor's (completed),11,Private,Dhaka,4.0,4.0,4.0,3.0,3.75,4.0,3.0,5.0,3.0,3.75,3.0,1.0,2.0,3.0,2.25,2.0,2.0,2.0,3.0,2.0,2.2,3.0,1.0,3.0,3.0,2.5,Low
1757,49,Male,Nurse,Bachelor's (ongoing),23,Public,Rural,1.0,1.0,2.0,1.0,1.25,4.0,4.0,4.0,3.0,3.75,2.0,3.0,,2.0,2.3333333333333335,,1.0,3.0,3.0,3.0,2.5,2.0,2.0,1.0,2.0,1.75,Low
1758,34,Female,Nurse,Bachelor's (completed),4,Public,Dhaka,4.0,2.0,2.0,2.0,2.5,3.0,2.0,2.0,2.0,2.25,3.0,3.0,2.0,,2.6666666666666665,5.0,4.0,4.0,3.0,4.0,4.0,2.0,5.0,4.0,4.0,3.75,Medium
1759,26,Female,Other,Bachelor's (ongoing),2,Public,Dhaka,3.0,3.0,,,3.0,1.0,2.0,1.0,1.0,1.25,4.0,4.0,4.0,2.0,3.5,2.0,4.0,3.0,3.0,3.0,3.0,3.0,3.0,3.0,3.0,3.0,Medium
1760,35,Female,Doctor,Bachelor's (ongoing),8,Public,Chattogram,2.0,2.0,1.0,2.0,1.75,2.0,2.0,2.0,3.0,2.25,4.0,4.0,4.0,3.0,3.75,2.0,3.0,3.0,3.0,4.0,3.0,4.0,4.0,4.0,4.0,4.0,High
1761,33,Male,Other,Secondary/HSC,6,Not Applicable,Rural,1.0,1.0,1.0,1.0,1.0,2.0,4.0,3.0,3.0,3.0,4.0,3.0,3.0,4.0,3.5,2.0,,2.0,3.0,3.0,2.5,2.0,1.0,1.0,1.0,1.25,Low
1762,43,Male,Nurse,Postgraduate/Doctoral,10,Private,Rural,3.0,3.0,3.0,2.0,2.75,4.0,3.0,3.0,3.0,3.25,3.0,4.0,4.0,5.0,4.0,3.0,3.0,4.0,4.0,4.0,3.6,3.0,3.0,3.0,2.0,2.75,Medium
1763,25,Male,Doctor,Postgraduate/Doctoral,4,Public,Other Urban,5.0,4.0,5.0,4.0,4.5,2.0,1.0,1.0,2.0,1.5,2.0,4.0,3.0,,3.0,4.0,4.0,4.0,4.0,4.0,4.0,3.0,5.0,4.0,5.0,4.25,High
1764,34,Male,Nurse,Postgraduate/Doctoral,11,Private,Dhaka,3.0,3.0,2.0,,2.6666666666666665,3.0,4.0,5.0,4.0,4.0,3.0,2.0,2.0,2.0,2.25,3.0,3.0,3.0,2.0,1.0,2.4,2.0,2.0,2.0,2.0,2.0,Low
1765,27,Male,Doctor,Postgraduate/Doctoral,4,Public,Dhaka,4.0,4.0,3.0,4.0,3.75,4.0,,3.0,3.0,3.3333333333333335,3.0,2.0,,3.0,2.6666666666666665,4.0,5.0,5.0,5.0,4.0,4.6,5.0,4.0,5.0,5.0,4.75,High
1766,31,Male,Healthcare Student,Bachelor's (ongoing),0,Public,Other Urban,4.0,4.0,3.0,4.0,3.75,2.0,2.0,3.0,3.0,2.5,3.0,2.0,3.0,3.0,2.75,4.0,3.0,3.0,3.0,,3.25,4.0,4.0,4.0,4.0,4.0,High
1767,40,Other/Prefer not to say,Hospital Administrator,Bachelor's (completed),14,Public,Chattogram,1.0,3.0,2.0,1.0,1.75,4.0,4.0,3.0,4.0,3.75,4.0,4.0,,5.0,4.333333333333333,4.0,5.0,4.0,3.0,4.0,4.0,4.0,4.0,3.0,4.0,3.75,Medium
1768,34,Male,Nurse,Bachelor's (completed),9,Private,Rural,4.0,3.0,3.0,,3.3333333333333335,2.0,2.0,1.0,2.0,1.75,2.0,2.0,3.0,2.0,2.25,4.0,3.0,3.0,3.0,4.0,3.4,3.0,3.0,4.0,5.0,3.75,Medium
1769,32,Male,IT Staff,Bachelor's (completed),5,Private,Chattogram,4.0,2.0,3.0,3.0,3.0,4.0,4.0,2.0,3.0,3.25,4.0,4.0,4.0,5.0,4.25,1.0,2.0,3.0,3.0,,2.25,3.0,2.0,3.0,4.0,3.0,Medium
1770,32,Female,IT Staff,Bachelor's (completed),8,Private,Semi-Urban,3.0,3.0,2.0,3.0,2.75,4.0,5.0,3.0,4.0,4.0,4.0,4.0,4.0,3.0,3.75,3.0,3.0,2.0,2.0,3.0,2.6,2.0,4.0,4.0,3.0,3.25,Medium
1771,33,Female,Other,Bachelor's (completed),12,NGO/Other,Rural,3.0,3.0,3.0,2.0,2.75,5.0,5.0,3.0,3.0,4.0,2.0,1.0,2.0,3.0,2.0,2.0,3.0,3.0,2.0,2.0,2.4,1.0,1.0,1.0,2.0,1.25,Low
1772,41,Female,Other,Bachelor's (completed),15,Public,Dhaka,2.0,3.0,2.0,2.0,2.25,5.0,4.0,4.0,4.0,4.25,3.0,2.0,2.0,2.0,2.25,4.0,3.0,3.0,5.0,4.0,3.8,3.0,3.0,3.0,5.0,3.5,Medium
1773,45,Female,IT Staff,Bachelor's (completed),15,Private,Chattogram,4.0,4.0,,4.0,4.0,3.0,3.0,3.0,3.0,3.0,4.0,3.0,4.0,3.0,3.5,3.0,2.0,3.0,4.0,,3.0,3.0,3.0,2.0,2.0,2.5,Low
1774,49,Female,Healthcare Student,Bachelor's (ongoing),0,Public,Rural,3.0,3.0,4.0,3.0,3.25,2.0,2.0,2.0,2.0,2.0,3.0,3.0,5.0,3.0,3.5,2.0,2.0,1.0,2.0,1.0,1.6,4.0,3.0,3.0,3.0,3.25,Medium
1775,41,Female,Healthcare Student,Bachelor's (ongoing),1,Private,Chattogram,2.0,3.0,4.0,3.0,3.0,2.0,3.0,3.0,3.0,2.75,4.0,3.0,4.0,3.0,3.5,3.0,4.0,4.0,4.0,3.0,3.6,3.0,3.0,3.0,3.0,3.0,Medium
1776,31,Male,Nurse,Secondary/HSC,4,Private,Other Urban,4.0,4.0,4.0,4.0,4.0,2.0,2.0,3.0,2.0,2.25,3.0,,3.0,3.0,3.0,4.0,3.0,5.0,4.0,3.0,3.8,4.0,5.0,4.0,4.0,4.25,High
1777,38,Female,IT Staff,Bachelor's (completed),15,Public,Rural,3.0,2.0,2.0,,2.3333333333333335,5.0,4.0,5.0,4.0,4.5,3.0,4.0,5.0,5.0,4.25,2.0,4.0,4.0,3.0,5.0,3.6,2.0,2.0,3.0,1.0,2.0,Low
1778,33,Male,Doctor,Postgraduate/Doctoral,9,Public,Dhaka,3.0,3.0,4.0,3.0,3.25,5.0,,5.0,4.0,4.666666666666667,2.0,3.0,3.0,1.0,2.25,4.0,4.0,2.0,1.0,3.0,2.8,4.0,4.0,4.0,3.0,3.75,Medium
1779,29,Male,Healthcare Student,Bachelor's (completed),0,Public,Rural,4.0,5.0,3.0,3.0,3.75,1.0,2.0,2.0,2.0,1.75,5.0,5.0,5.0,5.0,5.0,2.0,2.0,2.0,1.0,1.0,1.6,4.0,5.0,2.0,3.0,3.5,Medium
1780,43,Male,Other,Secondary/HSC,9,Public,Chattogram,2.0,3.0,3.0,3.0,2.75,4.0,2.0,4.0,3.0,3.25,4.0,5.0,5.0,4.0,4.5,3.0,3.0,4.0,3.0,3.0,3.2,2.0,2.0,2.0,2.0,2.0,Low
1781,23,Male,Doctor,Postgraduate/Doctoral,3,NGO/Other,Other Urban,5.0,5.0,4.0,5.0,4.75,3.0,2.0,3.0,4.0,3.0,1.0,1.0,1.0,2.0,1.25,5.0,5.0,5.0,5.0,5.0,5.0,5.0,5.0,5.0,5.0,5.0,High
1782,45,Female,Healthcare Student,Postgraduate/Doctoral,1,Public,Dhaka,4.0,5.0,4.0,4.0,4.25,5.0,5.0,5.0,5.0,5.0,4.0,5.0,5.0,5.0,4.75,3.0,3.0,,4.0,3.0,3.25,2.0,2.0,2.0,3.0,2.25,Low
1783,33,Male,Other,Bachelor's (ongoing),9,Private,Other Urban,2.0,3.0,4.0,4.0,3.25,2.0,1.0,2.0,1.0,1.5,4.0,4.0,4.0,4.0,4.0,2.0,3.0,2.0,3.0,2.0,2.4,4.0,4.0,3.0,3.0,3.5,Medium
1784,37,Male,Nurse,Postgraduate/Doctoral,11,Not Applicable,Dhaka,5.0,5.0,5.0,5.0,5.0,1.0,1.0,2.0,1.0,1.25,2.0,4.0,4.0,2.0,3.0,3.0,,3.0,3.0,,3.0,3.0,5.0,5.0,5.0,4.5,High
1785,38,Male,Hospital Administrator,Bachelor's (completed),18,Private,Dhaka,3.0,3.0,2.0,2.0,2.5,2.0,4.0,2.0,3.0,2.75,2.0,4.0,4.0,2.0,3.0,5.0,4.0,4.0,,5.0,4.5,4.0,4.0,4.0,5.0,4.25,High
1786,45,Female,Other,Bachelor's (completed),11,Public,Chattogram,,3.0,2.0,3.0,2.6666666666666665,2.0,1.0,1.0,1.0,1.25,2.0,2.0,2.0,4.0,2.5,2.0,2.0,4.0,3.0,4.0,3.0,2.0,3.0,2.0,1.0,2.0,Low
1787,37,Male,Other,Bachelor's (completed),9,NGO/Other,Dhaka,3.0,3.0,2.0,3.0,2.75,2.0,2.0,3.0,3.0,2.5,2.0,3.0,1.0,2.0,2.0,4.0,5.0,5.0,5.0,4.0,4.6,4.0,3.0,5.0,4.0,4.0,High
1788,37,Female,Doctor,Postgraduate/Doctoral,17,Public,Other Urban,3.0,3.0,4.0,3.0,3.25,,4.0,4.0,4.0,4.0,3.0,3.0,2.0,,2.6666666666666665,3.0,3.0,4.0,4.0,4.0,3.6,3.0,4.0,4.0,3.0,3.5,Medium
1789,24,Female,Nurse,Bachelor's (completed),7,Public,Dhaka,4.0,3.0,4.0,4.0,3.75,4.0,3.0,4.0,4.0,3.75,3.0,3.0,4.0,4.0,3.5,4.0,3.0,3.0,3.0,3.0,3.2,3.0,3.0,4.0,2.0,3.0,Medium
1790,35,Male,IT Staff,Bachelor's (completed),14,Private,Dhaka,2.0,1.0,1.0,2.0,1.5,3.0,2.0,2.0,2.0,2.25,3.0,3.0,2.0,2.0,2.5,2.0,2.0,2.0,2.0,3.0,2.2,2.0,1.0,2.0,2.0,1.75,Low
1791,27,Female,Nurse,Bachelor's (completed),5,Public,Dhaka,3.0,4.0,3.0,,3.3333333333333335,3.0,3.0,2.0,4.0,3.0,4.0,5.0,4.0,4.0,4.25,2.0,3.0,2.0,2.0,3.0,2.4,3.0,3.0,4.0,3.0,3.25,Medium
1792,40,Male,Nurse,Bachelor's (completed),13,Private,Chattogram,5.0,2.0,3.0,4.0,3.5,4.0,4.0,3.0,4.0,3.75,4.0,4.0,4.0,3.0,3.75,3.0,3.0,3.0,3.0,2.0,2.8,3.0,2.0,3.0,3.0,2.75,Medium
1793,34,Male,Doctor,Bachelor's (completed),7,Public,Dhaka,4.0,3.0,4.0,5.0,4.0,2.0,2.0,1.0,1.0,1.5,3.0,3.0,4.0,2.0,3.0,3.0,2.0,3.0,,3.0,2.75,3.0,2.0,2.0,3.0,2.5,Low
1794,38,Female,Doctor,Bachelor's (completed),9,Private,Dhaka,5.0,3.0,4.0,4.0,4.0,4.0,5.0,4.0,3.0,4.0,3.0,,4.0,4.0,3.6666666666666665,4.0,4.0,4.0,,4.0,4.0,2.0,3.0,2.0,2.0,2.25,Low
1795,24,Female,Hospital Administrator,Bachelor's (completed),3,Private,Other Urban,3.0,2.0,2.0,2.0,2.25,3.0,4.0,3.0,3.0,3.25,4.0,3.0,,5.0,4.0,2.0,4.0,5.0,4.0,3.0,3.6,3.0,3.0,3.0,3.0,3.0,Medium
1796,25,Male,IT Staff,Bachelor's (completed),4,Not Applicable,Semi-Urban,5.0,5.0,5.0,5.0,5.0,3.0,2.0,2.0,3.0,2.5,2.0,2.0,1.0,2.0,1.75,2.0,1.0,2.0,,3.0,2.0,4.0,5.0,5.0,5.0,4.75,High
1797,39,Female,IT Staff,Bachelor's (completed),11,Public,Semi-Urban,4.0,4.0,3.0,3.0,3.5,3.0,4.0,3.0,2.0,3.0,2.0,4.0,4.0,3.0,3.25,4.0,3.0,5.0,4.0,4.0,4.0,4.0,3.0,2.0,2.0,2.75,Medium
1798,25,Male,Healthcare Student,Bachelor's (completed),1,Public,Dhaka,4.0,3.0,3.0,4.0,3.5,2.0,,4.0,2.0,2.6666666666666665,3.0,3.0,3.0,3.0,3.0,4.0,4.0,4.0,3.0,4.0,3.8,4.0,4.0,3.0,4.0,3.75,Medium
1799,25,Female,Nurse,Bachelor's (completed),3,NGO/Other,Rural,2.0,2.0,2.0,2.0,2.0,3.0,4.0,4.0,5.0,4.0,2.0,1.0,1.0,1.0,1.25,4.0,3.0,,3.0,2.0,3.0,3.0,4.0,3.0,4.0,3.5,Medium
1800,22,Female,Nurse,Bachelor's (ongoing),0,Private,Other Urban,2.0,2.0,2.0,3.0,2.25,3.0,2.0,3.0,2.0,2.5,3.0,3.0,2.0,4.0,3.0,4.0,4.0,4.0,4.0,4.0,4.0,3.0,3.0,2.0,3.0,2.75,Medium
1801,49,Female,Doctor,Postgraduate/Doctoral,24,Public,Other Urban,4.0,4.0,5.0,4.0,4.25,4.0,3.0,4.0,5.0,4.0,4.0,3.0,4.0,4.0,3.75,3.0,2.0,3.0,4.0,2.0,2.8,3.0,3.0,3.0,3.0,3.0,Medium
1802,40,Female,Doctor,Postgraduate/Doctoral,17,Public,Dhaka,4.0,4.0,4.0,3.0,3.75,2.0,2.0,3.0,2.0,2.25,3.0,3.0,2.0,4.0,3.0,4.0,5.0,5.0,5.0,5.0,4.8,3.0,3.0,3.0,4.0,3.25,Medium
1803,31,Male,Nurse,Bachelor's (completed),8,Private,Dhaka,4.0,4.0,3.0,5.0,4.0,3.0,3.0,2.0,2.0,2.5,3.0,4.0,3.0,2.0,3.0,2.0,3.0,3.0,4.0,4.0,3.2,4.0,3.0,4.0,3.0,3.5,Medium
1804,30,Female,Doctor,Postgraduate/Doctoral,4,Private,Chattogram,4.0,3.0,,4.0,3.6666666666666665,3.0,3.0,3.0,3.0,3.0,2.0,2.0,2.0,3.0,2.25,5.0,4.0,4.0,5.0,5.0,4.6,5.0,3.0,4.0,5.0,4.25,High
1805,31,Female,Doctor,Postgraduate/Doctoral,5,Private,Dhaka,3.0,3.0,2.0,4.0,3.0,2.0,2.0,3.0,1.0,2.0,1.0,1.0,1.0,2.0,1.25,3.0,3.0,4.0,3.0,3.0,3.2,5.0,5.0,5.0,4.0,4.75,High
1806,41,Female,Doctor,Postgraduate/Doctoral,16,NGO/Other,Semi-Urban,4.0,3.0,3.0,4.0,3.5,3.0,5.0,4.0,3.0,3.75,3.0,4.0,4.0,4.0,3.75,,4.0,5.0,4.0,4.0,4.25,3.0,1.0,2.0,3.0,2.25,Low
1807,38,Male,IT Staff,Bachelor's (completed),7,Public,Dhaka,4.0,4.0,5.0,4.0,4.25,4.0,4.0,3.0,3.0,3.5,3.0,2.0,2.0,1.0,2.0,3.0,3.0,4.0,3.0,5.0,3.6,5.0,4.0,4.0,5.0,4.5,High
1808,28,Male,IT Staff,Postgraduate/Doctoral,0,Public,Dhaka,,5.0,5.0,5.0,5.0,2.0,1.0,3.0,2.0,2.0,1.0,1.0,1.0,1.0,1.0,5.0,5.0,5.0,5.0,5.0,5.0,5.0,5.0,5.0,5.0,5.0,High
1809,27,Male,Other,Secondary/HSC,2,Private,Dhaka,1.0,3.0,2.0,2.0,2.0,3.0,3.0,4.0,3.0,3.25,3.0,4.0,5.0,4.0,4.0,,2.0,2.0,2.0,3.0,2.25,2.0,3.0,3.0,2.0,2.5,Low
1810,25,Male,Healthcare Student,Bachelor's (completed),0,Not Applicable,Dhaka,5.0,4.0,5.0,5.0,4.75,2.0,1.0,2.0,2.0,1.75,4.0,4.0,3.0,4.0,3.75,4.0,5.0,4.0,5.0,5.0,4.6,4.0,4.0,4.0,4.0,4.0,High
1811,38,Male,Hospital Administrator,Bachelor's (completed),6,Public,Chattogram,2.0,2.0,2.0,1.0,1.75,3.0,1.0,1.0,3.0,2.0,3.0,3.0,3.0,3.0,3.0,3.0,3.0,4.0,3.0,2.0,3.0,4.0,5.0,5.0,5.0,4.75,High
1812,40,Male,Doctor,Bachelor's (completed),18,Private,Dhaka,3.0,2.0,1.0,3.0,2.25,3.0,2.0,4.0,3.0,3.0,4.0,3.0,3.0,4.0,3.5,4.0,4.0,4.0,4.0,5.0,4.2,3.0,3.0,4.0,5.0,3.75,Medium
1813,29,Female,Hospital Administrator,Bachelor's (completed),4,Public,Other Urban,5.0,4.0,4.0,5.0,4.5,2.0,3.0,3.0,3.0,2.75,2.0,2.0,2.0,1.0,1.75,3.0,3.0,3.0,3.0,4.0,3.2,4.0,4.0,5.0,4.0,4.25,High
1814,23,Male,Doctor,Postgraduate/Doctoral,5,Public,Dhaka,5.0,5.0,5.0,5.0,5.0,,3.0,3.0,4.0,3.3333333333333335,,1.0,3.0,2.0,2.0,2.0,2.0,3.0,2.0,2.0,2.2,3.0,2.0,5.0,3.0,3.25,Medium
1815,25,Female,Nurse,Bachelor's (completed),2,NGO/Other,Other Urban,3.0,4.0,4.0,4.0,3.75,,3.0,4.0,2.0,3.0,4.0,3.0,4.0,3.0,3.5,1.0,1.0,1.0,2.0,2.0,1.4,2.0,1.0,2.0,3.0,2.0,Low
1816,50,Male,Nurse,Bachelor's (completed),27,Public,Rural,3.0,3.0,2.0,3.0,2.75,4.0,5.0,3.0,4.0,4.0,3.0,1.0,3.0,3.0,2.5,5.0,5.0,5.0,5.0,5.0,5.0,2.0,2.0,2.0,3.0,2.25,Low
1817,30,Female,Nurse,Bachelor's (ongoing),8,Public,Rural,2.0,2.0,2.0,2.0,2.0,2.0,3.0,2.0,2.0,2.25,2.0,2.0,,3.0,2.3333333333333335,,2.0,3.0,2.0,2.0,2.25,4.0,5.0,4.0,3.0,4.0,High
1818,40,Male,Nurse,Bachelor's (ongoing),13,Private,Other Urban,3.0,3.0,3.0,3.0,3.0,3.0,2.0,2.0,3.0,2.5,,4.0,3.0,4.0,3.6666666666666665,1.0,1.0,1.0,1.0,1.0,1.0,2.0,3.0,4.0,3.0,3.0,Medium
1819,37,Male,IT Staff,Bachelor's (completed),10,Public,Chattogram,5.0,3.0,4.0,3.0,3.75,2.0,4.0,5.0,5.0,4.0,3.0,2.0,4.0,2.0,2.75,3.0,3.0,4.0,4.0,3.0,3.4,3.0,3.0,3.0,3.0,3.0,Medium
1820,32,Female,Healthcare Student,Bachelor's (ongoing),0,Private,Semi-Urban,1.0,4.0,2.0,2.0,2.25,2.0,2.0,2.0,1.0,1.75,4.0,4.0,4.0,4.0,4.0,3.0,4.0,4.0,3.0,3.0,3.4,3.0,3.0,2.0,3.0,2.75,Medium
1821,28,Female,Healthcare Student,Bachelor's (completed),1,Not Applicable,Not Applicable,2.0,2.0,3.0,3.0,2.5,2.0,3.0,2.0,2.0,2.25,1.0,1.0,1.0,1.0,1.0,2.0,3.0,3.0,2.0,2.0,2.4,2.0,3.0,1.0,3.0,2.25,Low
1822,26,Male,IT Staff,Postgraduate/Doctoral,9,Public,Chattogram,5.0,,5.0,5.0,5.0,1.0,1.0,,3.0,1.6666666666666667,,1.0,1.0,1.0,1.0,4.0,2.0,3.0,3.0,3.0,3.0,4.0,5.0,4.0,4.0,4.25,High
1823,37,Male,Hospital Administrator,Bachelor's (completed),10,Private,Dhaka,3.0,4.0,2.0,4.0,3.25,4.0,3.0,2.0,4.0,3.25,4.0,3.0,,4.0,3.6666666666666665,2.0,4.0,4.0,3.0,3.0,3.2,2.0,3.0,4.0,2.0,2.75,Medium
1824,41,Female,Doctor,Bachelor's (completed),16,Public,Semi-Urban,2.0,2.0,1.0,2.0,1.75,4.0,3.0,3.0,3.0,3.25,1.0,2.0,1.0,4.0,2.0,4.0,,,5.0,4.0,4.333333333333333,1.0,1.0,1.0,2.0,1.25,Low
1825,37,Female,Healthcare Student,Bachelor's (ongoing),1,Public,Dhaka,3.0,3.0,3.0,3.0,3.0,4.0,3.0,3.0,3.0,3.25,3.0,2.0,3.0,3.0,2.75,3.0,4.0,2.0,3.0,3.0,3.0,3.0,2.0,2.0,2.0,2.25,Low
1826,35,Male,Hospital Administrator,Bachelor's (ongoing),6,Private,Semi-Urban,5.0,4.0,5.0,5.0,4.75,4.0,4.0,3.0,2.0,3.25,2.0,1.0,3.0,3.0,2.25,5.0,4.0,5.0,5.0,4.0,4.6,3.0,3.0,4.0,4.0,3.5,Medium
1827,24,Male,Nurse,Bachelor's (completed),1,Public,Dhaka,5.0,5.0,5.0,5.0,5.0,2.0,2.0,2.0,3.0,2.25,3.0,,4.0,3.0,3.3333333333333335,5.0,5.0,4.0,5.0,5.0,4.8,5.0,5.0,5.0,5.0,5.0,High
1828,50,Male,Nurse,Bachelor's (ongoing),20,NGO/Other,Dhaka,4.0,4.0,2.0,2.0,3.0,4.0,3.0,3.0,3.0,3.25,4.0,5.0,4.0,4.0,4.25,3.0,4.0,3.0,,3.0,3.25,2.0,2.0,2.0,3.0,2.25,Low
1829,41,Female,Other,Bachelor's (ongoing),11,NGO/Other,Semi-Urban,2.0,3.0,2.0,1.0,2.0,4.0,2.0,4.0,4.0,3.5,4.0,4.0,4.0,5.0,4.25,3.0,2.0,,1.0,2.0,2.0,2.0,1.0,2.0,1.0,1.5,Low
1830,30,Male,IT Staff,Bachelor's (completed),9,Private,Semi-Urban,3.0,4.0,3.0,4.0,3.5,4.0,4.0,2.0,3.0,3.25,2.0,2.0,2.0,2.0,2.0,4.0,4.0,4.0,5.0,,4.25,3.0,3.0,2.0,2.0,2.5,Low
1831,52,Male,Nurse,Bachelor's (completed),29,Public,Other Urban,3.0,4.0,4.0,3.0,3.5,5.0,5.0,5.0,,5.0,2.0,1.0,2.0,2.0,1.75,4.0,4.0,4.0,4.0,4.0,4.0,3.0,4.0,5.0,3.0,3.75,Medium
1832,36,Female,IT Staff,Bachelor's (completed),10,Public,Semi-Urban,3.0,3.0,4.0,,3.3333333333333335,3.0,4.0,5.0,3.0,3.75,2.0,2.0,,2.0,2.0,3.0,4.0,4.0,3.0,3.0,3.4,2.0,4.0,3.0,3.0,3.0,Medium
1833,36,Male,Nurse,Bachelor's (ongoing),6,NGO/Other,Rural,4.0,4.0,3.0,3.0,3.5,2.0,1.0,2.0,2.0,1.75,3.0,4.0,3.0,3.0,3.25,2.0,5.0,3.0,4.0,2.0,3.2,4.0,1.0,2.0,3.0,2.5,Low
1834,40,Male,Nurse,Bachelor's (completed),15,Private,Chattogram,1.0,1.0,1.0,1.0,1.0,3.0,2.0,3.0,3.0,2.75,2.0,1.0,2.0,2.0,1.75,4.0,3.0,5.0,5.0,5.0,4.4,1.0,2.0,1.0,1.0,1.25,Low
1835,42,Male,Nurse,Bachelor's (completed),17,Private,Not Applicable,1.0,4.0,2.0,3.0,2.5,,4.0,3.0,3.0,3.3333333333333335,3.0,3.0,4.0,2.0,3.0,4.0,4.0,3.0,4.0,3.0,3.6,2.0,3.0,3.0,3.0,2.75,Medium
1836,38,Male,Nurse,Bachelor's (ongoing),9,Private,Dhaka,3.0,3.0,3.0,1.0,2.5,3.0,3.0,3.0,2.0,2.75,5.0,4.0,3.0,4.0,4.0,2.0,4.0,4.0,4.0,3.0,3.4,3.0,2.0,4.0,3.0,3.0,Medium
1837,26,Male,IT Staff,Postgraduate/Doctoral,3,Public,Dhaka,4.0,3.0,4.0,4.0,3.75,2.0,2.0,3.0,3.0,2.5,2.0,2.0,3.0,3.0,2.5,4.0,4.0,5.0,,4.0,4.25,4.0,4.0,4.0,5.0,4.25,High
1838,31,Male,Doctor,Postgraduate/Doctoral,7,Public,Rural,4.0,3.0,4.0,4.0,3.75,1.0,1.0,1.0,1.0,1.0,2.0,1.0,1.0,1.0,1.25,3.0,4.0,5.0,5.0,4.0,4.2,5.0,5.0,5.0,5.0,5.0,High
1839,47,Female,Healthcare Student,Bachelor's (ongoing),0,NGO/Other,Chattogram,3.0,3.0,2.0,2.0,2.5,4.0,3.0,3.0,3.0,3.25,3.0,5.0,3.0,3.0,3.5,3.0,,1.0,2.0,3.0,2.25,1.0,1.0,1.0,2.0,1.25,Low
1840,29,Female,Nurse,Bachelor's (ongoing),7,Private,Rural,4.0,4.0,4.0,4.0,4.0,2.0,2.0,3.0,2.0,2.25,3.0,4.0,4.0,4.0,3.75,,3.0,4.0,3.0,3.0,3.25,3.0,3.0,3.0,3.0,3.0,Medium
1841,32,Male,IT Staff,Bachelor's (completed),14,Public,Dhaka,2.0,3.0,1.0,3.0,2.25,3.0,3.0,2.0,3.0,2.75,1.0,1.0,1.0,2.0,1.25,4.0,5.0,5.0,5.0,5.0,4.8,3.0,4.0,4.0,5.0,4.0,High
1842,33,Female,IT Staff,Bachelor's (completed),11,Private,Dhaka,3.0,2.0,2.0,3.0,2.5,5.0,5.0,3.0,5.0,4.5,3.0,3.0,3.0,2.0,2.75,3.0,3.0,3.0,3.0,2.0,2.8,4.0,1.0,4.0,2.0,2.75,Medium
1843,33,Male,IT Staff,Bachelor's (completed),9,Private,Dhaka,4.0,3.0,3.0,3.0,3.25,3.0,1.0,1.0,1.0,1.5,3.0,3.0,3.0,3.0,3.0,5.0,4.0,5.0,5.0,5.0,4.8,3.0,3.0,3.0,3.0,3.0,Medium
1844,37,Female,Hospital Administrator,Bachelor's (completed),16,Public,Other Urban,2.0,3.0,1.0,1.0,1.75,3.0,4.0,3.0,4.0,3.5,4.0,3.0,,3.0,3.3333333333333335,4.0,3.0,5.0,5.0,4.0,4.2,4.0,3.0,3.0,3.0,3.25,Medium
1845,48,Male,Other,Bachelor's (ongoing),13,Public,Semi-Urban,1.0,1.0,,1.0,1.0,4.0,4.0,5.0,3.0,4.0,4.0,5.0,4.0,4.0,4.25,2.0,1.0,1.0,1.0,1.0,1.2,1.0,1.0,1.0,2.0,1.25,Low
1846,29,Female,Hospital Administrator,Postgraduate/Doctoral,6,Private,Chattogram,3.0,,3.0,3.0,3.0,3.0,4.0,,3.0,3.3333333333333335,2.0,3.0,3.0,3.0,2.75,5.0,5.0,4.0,4.0,4.0,4.4,3.0,3.0,3.0,3.0,3.0,Medium
1847,26,Male,Healthcare Student,Bachelor's (completed),1,Not Applicable,Dhaka,5.0,5.0,5.0,4.0,4.75,1.0,2.0,2.0,1.0,1.5,2.0,2.0,2.0,2.0,2.0,2.0,3.0,3.0,5.0,3.0,3.2,4.0,4.0,3.0,3.0,3.5,Medium
1848,28,Female,IT Staff,Bachelor's (completed),7,Not Applicable,Chattogram,5.0,5.0,3.0,4.0,4.25,3.0,5.0,5.0,,4.333333333333333,3.0,1.0,1.0,1.0,1.5,3.0,4.0,4.0,4.0,3.0,3.6,3.0,5.0,5.0,4.0,4.25,High
1849,44,Male,Nurse,Bachelor's (ongoing),19,Public,Dhaka,1.0,2.0,2.0,3.0,2.0,2.0,4.0,3.0,3.0,3.0,3.0,4.0,4.0,4.0,3.75,4.0,3.0,3.0,4.0,4.0,3.6,4.0,3.0,2.0,3.0,3.0,Medium
1850,37,Female,Nurse,Bachelor's (completed),10,NGO/Other,Other Urban,2.0,1.0,2.0,3.0,2.0,,2.0,1.0,3.0,2.0,3.0,3.0,3.0,3.0,3.0,4.0,5.0,5.0,5.0,4.0,4.6,2.0,3.0,2.0,3.0,2.5,Low
1851,30,Male,Nurse,Postgraduate/Doctoral,3,Private,Other Urban,4.0,4.0,4.0,5.0,4.25,2.0,3.0,2.0,2.0,2.25,1.0,2.0,2.0,1.0,1.5,4.0,3.0,4.0,4.0,4.0,3.8,3.0,3.0,4.0,2.0,3.0,Medium
1852,42,Female,Nurse,Postgraduate/Doctoral,20,Private,Dhaka,5.0,4.0,5.0,5.0,4.75,3.0,2.0,2.0,3.0,2.5,4.0,3.0,3.0,4.0,3.5,3.0,4.0,3.0,3.0,3.0,3.2,5.0,5.0,3.0,5.0,4.5,High
1853,43,Male,Nurse,Secondary/HSC,15,Public,Chattogram,1.0,1.0,1.0,2.0,1.25,2.0,2.0,3.0,2.0,2.25,4.0,5.0,4.0,5.0,4.5,4.0,3.0,3.0,3.0,3.0,3.2,3.0,3.0,3.0,3.0,3.0,Medium
1854,43,Female,Nurse,Bachelor's (ongoing),23,Public,Other Urban,4.0,2.0,5.0,4.0,3.75,3.0,4.0,3.0,4.0,3.5,4.0,4.0,3.0,3.0,3.5,3.0,2.0,,3.0,3.0,2.75,3.0,5.0,4.0,5.0,4.25,High
1855,46,Female,Hospital Administrator,Bachelor's (ongoing),11,Private,Dhaka,3.0,3.0,3.0,4.0,3.25,4.0,4.0,2.0,4.0,3.5,3.0,2.0,2.0,3.0,2.5,2.0,2.0,3.0,2.0,3.0,2.4,1.0,1.0,2.0,2.0,1.5,Low
1856,29,Other/Prefer not to say,Doctor,Postgraduate/Doctoral,3,Public,Chattogram,5.0,3.0,,3.0,3.6666666666666665,3.0,3.0,4.0,5.0,3.75,2.0,,1.0,2.0,1.6666666666666667,4.0,3.0,2.0,3.0,3.0,3.0,5.0,5.0,5.0,5.0,5.0,High
1857,40,Male,Healthcare Student,Bachelor's (ongoing),0,Public,Other Urban,2.0,3.0,3.0,3.0,2.75,4.0,3.0,,3.0,3.3333333333333335,2.0,2.0,2.0,2.0,2.0,3.0,3.0,3.0,3.0,4.0,3.2,4.0,3.0,1.0,3.0,2.75,Medium
1858,33,Male,Nurse,Bachelor's (completed),10,NGO/Other,Chattogram,3.0,5.0,4.0,,4.0,,5.0,4.0,5.0,4.666666666666667,4.0,5.0,4.0,4.0,4.25,4.0,4.0,4.0,3.0,3.0,3.6,1.0,1.0,2.0,2.0,1.5,Low
1859,43,Male,IT Staff,Bachelor's (completed),17,Public,Dhaka,5.0,4.0,5.0,,4.666666666666667,3.0,2.0,2.0,2.0,2.25,3.0,3.0,,2.0,2.6666666666666665,5.0,5.0,5.0,5.0,5.0,5.0,5.0,5.0,3.0,3.0,4.0,High
1860,39,Male,Doctor,Bachelor's (completed),11,NGO/Other,Dhaka,4.0,4.0,3.0,3.0,3.5,3.0,2.0,4.0,3.0,3.0,2.0,2.0,2.0,2.0,2.0,5.0,3.0,3.0,4.0,3.0,3.6,2.0,4.0,3.0,2.0,2.75,Medium
1861,41,Female,Nurse,Bachelor's (completed),14,Private,Semi-Urban,4.0,3.0,4.0,3.0,3.5,2.0,,1.0,3.0,2.0,,2.0,3.0,2.0,2.3333333333333335,3.0,3.0,2.0,3.0,3.0,2.8,4.0,3.0,4.0,4.0,3.75,Medium
1862,38,Other/Prefer not to say,Doctor,Bachelor's (ongoing),16,Private,Dhaka,2.0,3.0,2.0,1.0,2.0,5.0,,5.0,5.0,5.0,3.0,3.0,4.0,3.0,3.25,3.0,3.0,3.0,2.0,5.0,3.2,2.0,1.0,1.0,1.0,1.25,Low
1863,27,Other/Prefer not to say,IT Staff,Bachelor's (completed),3,Public,Semi-Urban,5.0,4.0,4.0,5.0,4.5,3.0,4.0,3.0,3.0,3.25,1.0,,2.0,2.0,1.6666666666666667,2.0,3.0,3.0,3.0,3.0,2.8,5.0,5.0,5.0,4.0,4.75,High
1864,35,Male,Nurse,Bachelor's (completed),8,Private,Chattogram,4.0,2.0,3.0,3.0,3.0,1.0,2.0,3.0,3.0,2.25,4.0,4.0,4.0,3.0,3.75,3.0,4.0,3.0,3.0,3.0,3.2,2.0,2.0,4.0,4.0,3.0,Medium
1865,53,Female,Other,Bachelor's (completed),19,Private,Chattogram,3.0,3.0,3.0,4.0,3.25,5.0,5.0,5.0,5.0,5.0,3.0,2.0,2.0,2.0,2.25,3.0,3.0,3.0,4.0,3.0,3.2,3.0,3.0,2.0,2.0,2.5,Low
1866,47,Female,Nurse,Bachelor's (ongoing),16,NGO/Other,Semi-Urban,5.0,4.0,5.0,5.0,4.75,3.0,5.0,4.0,5.0,4.25,1.0,2.0,3.0,2.0,2.0,3.0,3.0,2.0,3.0,3.0,2.8,3.0,2.0,3.0,2.0,2.5,Low
1867,24,Female,Hospital Administrator,Postgraduate/Doctoral,0,Public,Chattogram,1.0,1.0,1.0,2.0,1.25,2.0,1.0,2.0,2.0,1.75,2.0,3.0,3.0,3.0,2.75,3.0,3.0,4.0,5.0,3.0,3.6,3.0,4.0,4.0,4.0,3.75,Medium
1868,27,Male,Nurse,Bachelor's (completed),4,Public,Dhaka,3.0,4.0,4.0,4.0,3.75,2.0,1.0,3.0,1.0,1.75,3.0,2.0,3.0,3.0,2.75,4.0,4.0,4.0,4.0,4.0,4.0,4.0,3.0,3.0,4.0,3.5,Medium
1869,26,Male,IT Staff,Bachelor's (ongoing),3,NGO/Other,Dhaka,3.0,3.0,4.0,4.0,3.5,4.0,1.0,3.0,2.0,2.5,2.0,2.0,2.0,3.0,2.25,3.0,3.0,4.0,4.0,3.0,3.4,4.0,5.0,4.0,4.0,4.25,High
1870,39,Female,Nurse,Bachelor's (ongoing),17,Public,Other Urban,2.0,2.0,3.0,2.0,2.25,3.0,1.0,2.0,3.0,2.25,4.0,3.0,4.0,4.0,3.75,3.0,2.0,2.0,3.0,3.0,2.6,1.0,2.0,3.0,3.0,2.25,Low
1871,42,Male,Nurse,Bachelor's (completed),19,Private,Chattogram,3.0,3.0,3.0,3.0,3.0,4.0,3.0,3.0,3.0,3.25,2.0,3.0,3.0,3.0,2.75,3.0,4.0,3.0,2.0,3.0,3.0,3.0,3.0,2.0,4.0,3.0,Medium
1872,28,Male,Doctor,Bachelor's (completed),5,Public,Semi-Urban,4.0,3.0,4.0,3.0,3.5,3.0,3.0,,4.0,3.3333333333333335,2.0,3.0,3.0,2.0,2.5,3.0,3.0,4.0,4.0,4.0,3.6,4.0,2.0,4.0,4.0,3.5,Medium
1873,34,Other/Prefer not to say,Doctor,Bachelor's (completed),7,Public,Chattogram,2.0,5.0,3.0,2.0,3.0,3.0,1.0,2.0,2.0,2.0,1.0,2.0,2.0,2.0,1.75,3.0,3.0,3.0,3.0,3.0,3.0,2.0,2.0,3.0,4.0,2.75,Medium
1874,43,Other/Prefer not to say,Doctor,Bachelor's (completed),18,Private,Chattogram,3.0,4.0,4.0,3.0,3.5,3.0,3.0,3.0,3.0,3.0,2.0,1.0,1.0,2.0,1.5,3.0,1.0,2.0,2.0,3.0,2.2,3.0,3.0,4.0,5.0,3.75,Medium
1875,39,Female,Other,Bachelor's (ongoing),7,Private,Dhaka,2.0,2.0,3.0,1.0,2.0,3.0,4.0,4.0,4.0,3.75,3.0,3.0,3.0,3.0,3.0,5.0,4.0,5.0,4.0,5.0,4.6,2.0,4.0,2.0,3.0,2.75,Medium
1876,35,Female,Nurse,Bachelor's (completed),12,Private,Dhaka,5.0,5.0,5.0,5.0,5.0,4.0,4.0,2.0,3.0,3.25,2.0,2.0,2.0,2.0,2.0,2.0,3.0,3.0,3.0,3.0,2.8,5.0,4.0,5.0,4.0,4.5,High
1877,36,Male,Doctor,Postgraduate/Doctoral,11,Private,Semi-Urban,2.0,3.0,4.0,3.0,3.0,3.0,3.0,2.0,2.0,2.5,2.0,3.0,3.0,3.0,2.75,3.0,5.0,2.0,4.0,4.0,3.6,4.0,4.0,4.0,4.0,4.0,High
1878,34,Male,Other,Bachelor's (ongoing),6,Private,Dhaka,3.0,3.0,4.0,3.0,3.25,1.0,2.0,3.0,3.0,2.25,,1.0,2.0,2.0,1.6666666666666667,4.0,,3.0,4.0,4.0,3.75,2.0,4.0,3.0,4.0,3.25,Medium
1879,30,Male,Doctor,Postgraduate/Doctoral,9,Not Applicable,Not Applicable,3.0,3.0,3.0,5.0,3.5,,4.0,2.0,5.0,3.6666666666666665,2.0,1.0,3.0,2.0,2.0,3.0,3.0,4.0,3.0,,3.25,2.0,3.0,3.0,2.0,2.5,Low
1880,36,Female,Nurse,Bachelor's (ongoing),8,Public,Dhaka,4.0,3.0,4.0,3.0,3.5,2.0,2.0,3.0,1.0,2.0,3.0,2.0,4.0,3.0,3.0,1.0,,1.0,1.0,1.0,1.0,2.0,1.0,2.0,2.0,1.75,Low
1881,38,Male,IT Staff,Bachelor's (completed),14,Public,Other Urban,3.0,4.0,3.0,4.0,3.5,3.0,3.0,3.0,3.0,3.0,3.0,2.0,3.0,3.0,2.75,4.0,3.0,4.0,4.0,5.0,4.0,4.0,5.0,5.0,4.0,4.5,High
1882,44,Female,Other,Bachelor's (ongoing),13,Public,Dhaka,3.0,2.0,3.0,3.0,2.75,3.0,3.0,4.0,4.0,3.5,4.0,4.0,5.0,5.0,4.5,3.0,2.0,5.0,5.0,5.0,4.0,2.0,2.0,3.0,3.0,2.5,Low
1883,37,Male,IT Staff,Bachelor's (completed),20,Private,Semi-Urban,2.0,1.0,2.0,3.0,2.0,5.0,5.0,5.0,4.0,4.75,3.0,2.0,3.0,3.0,2.75,3.0,5.0,5.0,4.0,5.0,4.4,3.0,4.0,2.0,4.0,3.25,Medium
1884,40,Female,Nurse,Postgraduate/Doctoral,16,Public,Dhaka,3.0,4.0,3.0,4.0,3.5,4.0,3.0,2.0,3.0,3.0,3.0,2.0,2.0,1.0,2.0,1.0,2.0,3.0,1.0,3.0,2.0,4.0,3.0,4.0,3.0,3.5,Medium
1885,27,Male,Other,Bachelor's (ongoing),2,Private,Other Urban,3.0,4.0,5.0,4.0,4.0,2.0,2.0,2.0,5.0,2.75,4.0,5.0,3.0,3.0,3.75,5.0,5.0,5.0,5.0,5.0,5.0,5.0,2.0,3.0,3.0,3.25,Medium
1886,33,Male,Doctor,Bachelor's (ongoing),6,Public,Rural,1.0,2.0,1.0,2.0,1.5,2.0,2.0,3.0,2.0,2.25,5.0,4.0,3.0,3.0,3.75,1.0,2.0,2.0,2.0,2.0,1.8,3.0,3.0,3.0,3.0,3.0,Medium
1887,22,Male,Other,Bachelor's (ongoing),3,Private,Other Urban,3.0,3.0,5.0,3.0,3.5,4.0,3.0,4.0,3.0,3.5,3.0,4.0,5.0,3.0,3.75,2.0,3.0,2.0,2.0,3.0,2.4,4.0,5.0,4.0,3.0,4.0,High
1888,29,Male,Healthcare Student,Bachelor's (ongoing),1,Not Applicable,Dhaka,3.0,2.0,1.0,1.0,1.75,2.0,1.0,3.0,3.0,2.25,3.0,3.0,1.0,2.0,2.25,4.0,4.0,3.0,4.0,5.0,4.0,4.0,4.0,4.0,3.0,3.75,Medium
1889,39,Female,Other,Bachelor's (completed),12,Private,Semi-Urban,4.0,3.0,3.0,4.0,3.5,1.0,3.0,3.0,3.0,2.5,3.0,,3.0,3.0,3.0,4.0,4.0,4.0,4.0,4.0,4.0,4.0,2.0,4.0,5.0,3.75,Medium
1890,54,Male,Nurse,Bachelor's (ongoing),16,Private,Chattogram,1.0,,1.0,1.0,1.0,1.0,2.0,2.0,2.0,1.75,5.0,4.0,4.0,4.0,4.25,4.0,5.0,4.0,4.0,4.0,4.2,2.0,2.0,3.0,2.0,2.25,Low
1891,25,Male,Doctor,Postgraduate/Doctoral,8,Public,Dhaka,3.0,4.0,3.0,4.0,3.5,3.0,4.0,3.0,2.0,3.0,2.0,3.0,3.0,3.0,2.75,3.0,2.0,4.0,2.0,2.0,2.6,5.0,5.0,4.0,4.0,4.5,High
1892,32,Female,IT Staff,Bachelor's (completed),6,Private,Chattogram,2.0,,4.0,3.0,3.0,2.0,2.0,2.0,2.0,2.0,1.0,3.0,2.0,,2.0,4.0,,5.0,5.0,4.0,4.5,4.0,5.0,4.0,5.0,4.5,High
1893,41,Female,Hospital Administrator,Bachelor's (completed),15,Public,Semi-Urban,3.0,2.0,3.0,2.0,2.5,2.0,3.0,2.0,3.0,2.5,3.0,2.0,3.0,3.0,2.75,3.0,2.0,2.0,4.0,3.0,2.8,3.0,5.0,4.0,4.0,4.0,High
1894,28,Male,Hospital Administrator,Postgraduate/Doctoral,5,Private,Chattogram,5.0,3.0,5.0,4.0,4.25,4.0,,4.0,4.0,4.0,4.0,4.0,4.0,3.0,3.75,2.0,3.0,2.0,2.0,2.0,2.2,3.0,5.0,4.0,4.0,4.0,High
1895,35,Male,Other,Secondary/HSC,6,Public,Semi-Urban,2.0,3.0,1.0,2.0,2.0,3.0,,3.0,4.0,3.3333333333333335,5.0,4.0,5.0,5.0,4.75,3.0,4.0,4.0,4.0,3.0,3.6,5.0,5.0,5.0,5.0,5.0,High
1896,39,Male,IT Staff,Bachelor's (completed),16,Public,Semi-Urban,3.0,2.0,3.0,3.0,2.75,5.0,4.0,4.0,5.0,4.5,3.0,4.0,4.0,4.0,3.75,,3.0,3.0,4.0,4.0,3.5,2.0,1.0,3.0,3.0,2.25,Low
1897,37,Female,Nurse,Bachelor's (ongoing),15,Public,Chattogram,2.0,2.0,2.0,2.0,2.0,3.0,2.0,2.0,3.0,2.5,3.0,2.0,2.0,3.0,2.5,4.0,3.0,5.0,5.0,3.0,4.0,3.0,1.0,1.0,2.0,1.75,Low
1898,28,Male,Nurse,Bachelor's (completed),9,Private,Dhaka,3.0,3.0,3.0,2.0,2.75,3.0,3.0,2.0,3.0,2.75,2.0,2.0,2.0,2.0,2.0,4.0,4.0,4.0,5.0,4.0,4.2,4.0,4.0,4.0,4.0,4.0,High
1899,31,Male,Doctor,Postgraduate/Doctoral,7,NGO/Other,Semi-Urban,3.0,4.0,5.0,4.0,4.0,3.0,2.0,4.0,2.0,2.75,2.0,3.0,,2.0,2.3333333333333335,5.0,5.0,5.0,5.0,5.0,5.0,5.0,4.0,4.0,4.0,4.25,High
1900,41,Male,Doctor,Bachelor's (ongoing),16,Public,Dhaka,3.0,2.0,2.0,3.0,2.5,4.0,4.0,4.0,5.0,4.25,4.0,4.0,4.0,4.0,4.0,,4.0,,3.0,4.0,3.6666666666666665,2.0,1.0,3.0,3.0,2.25,Low
1901,35,Female,Doctor,Postgraduate/Doctoral,13,Public,Dhaka,5.0,3.0,5.0,4.0,4.25,,4.0,3.0,3.0,3.3333333333333335,2.0,,3.0,3.0,2.6666666666666665,3.0,3.0,5.0,4.0,3.0,3.6,4.0,4.0,5.0,5.0,4.5,High
1902,22,Male,Healthcare Student,Secondary/HSC,1,Private,Dhaka,2.0,3.0,2.0,2.0,2.25,4.0,3.0,4.0,2.0,3.25,3.0,3.0,3.0,2.0,2.75,4.0,3.0,3.0,5.0,3.0,3.6,3.0,4.0,3.0,3.0,3.25,Medium
1903,40,Female,IT Staff,Bachelor's (ongoing),10,Not Applicable,Not Applicable,5.0,4.0,3.0,3.0,3.75,2.0,3.0,3.0,3.0,2.75,4.0,5.0,4.0,4.0,4.25,3.0,3.0,3.0,3.0,2.0,2.8,2.0,2.0,2.0,2.0,2.0,Low
1904,23,Male,Hospital Administrator,Postgraduate/Doctoral,1,Private,Dhaka,,4.0,4.0,4.0,4.0,2.0,2.0,3.0,3.0,2.5,3.0,3.0,2.0,3.0,2.75,3.0,4.0,,4.0,5.0,4.0,4.0,4.0,4.0,4.0,4.0,High
1905,40,Female,Nurse,Bachelor's (completed),12,Public,Dhaka,,2.0,,3.0,2.5,3.0,4.0,3.0,3.0,3.25,3.0,4.0,4.0,5.0,4.0,2.0,,1.0,1.0,2.0,1.5,4.0,4.0,3.0,3.0,3.5,Medium
1906,28,Male,IT Staff,Postgraduate/Doctoral,7,Private,Dhaka,5.0,5.0,5.0,5.0,5.0,3.0,4.0,4.0,4.0,3.75,3.0,1.0,1.0,1.0,1.5,3.0,3.0,4.0,4.0,4.0,3.6,3.0,4.0,3.0,4.0,3.5,Medium
1907,49,Male,Healthcare Student,Bachelor's (completed),0,Not Applicable,Dhaka,2.0,1.0,1.0,1.0,1.25,4.0,4.0,4.0,4.0,4.0,2.0,4.0,3.0,3.0,3.0,3.0,4.0,3.0,3.0,3.0,3.2,3.0,3.0,3.0,3.0,3.0,Medium
1908,32,Male,Healthcare Student,Bachelor's (completed),1,Not Applicable,Not Applicable,3.0,3.0,3.0,3.0,3.0,3.0,4.0,2.0,3.0,3.0,4.0,3.0,3.0,5.0,3.75,2.0,3.0,3.0,2.0,2.0,2.4,4.0,5.0,4.0,5.0,4.5,High
1909,31,Female,Hospital Administrator,Bachelor's (completed),3,Private,Other Urban,3.0,3.0,2.0,2.0,2.5,,4.0,3.0,3.0,3.3333333333333335,3.0,2.0,3.0,2.0,2.5,2.0,3.0,3.0,2.0,3.0,2.6,4.0,3.0,3.0,3.0,3.25,Medium
1910,27,Female,Healthcare Student,Bachelor's (ongoing),1,Not Applicable,Semi-Urban,1.0,2.0,2.0,3.0,2.0,4.0,3.0,3.0,4.0,3.5,3.0,2.0,2.0,3.0,2.5,2.0,4.0,4.0,4.0,4.0,3.6,2.0,1.0,1.0,1.0,1.25,Low
1911,30,Male,Hospital Administrator,Postgraduate/Doctoral,6,Private,Semi-Urban,4.0,4.0,3.0,4.0,3.75,3.0,,3.0,2.0,2.6666666666666665,2.0,1.0,2.0,2.0,1.75,2.0,2.0,3.0,2.0,3.0,2.4,4.0,4.0,4.0,3.0,3.75,Medium
1912,44,Male,Nurse,Bachelor's (ongoing),15,Public,Dhaka,3.0,2.0,4.0,2.0,2.75,2.0,4.0,4.0,2.0,3.0,2.0,3.0,3.0,3.0,2.75,3.0,4.0,4.0,4.0,4.0,3.8,2.0,2.0,3.0,2.0,2.25,Low
1913,56,Female,Healthcare Student,Bachelor's (ongoing),1,Public,Semi-Urban,2.0,2.0,3.0,3.0,2.5,4.0,3.0,3.0,,3.3333333333333335,4.0,5.0,,5.0,4.666666666666667,4.0,3.0,4.0,3.0,2.0,3.2,1.0,1.0,1.0,1.0,1.0,Low
1914,32,Male,Nurse,Bachelor's (ongoing),10,Public,Not Applicable,3.0,2.0,4.0,4.0,3.25,2.0,1.0,2.0,2.0,1.75,3.0,2.0,2.0,2.0,2.25,3.0,3.0,4.0,5.0,4.0,3.8,3.0,4.0,3.0,3.0,3.25,Medium
1915,33,Male,Nurse,Bachelor's (ongoing),3,Public,Semi-Urban,3.0,2.0,3.0,3.0,2.75,3.0,2.0,3.0,2.0,2.5,5.0,4.0,4.0,5.0,4.5,4.0,4.0,4.0,4.0,3.0,3.8,1.0,1.0,2.0,2.0,1.5,Low
1916,39,Male,Nurse,Bachelor's (completed),11,Public,Semi-Urban,3.0,3.0,2.0,1.0,2.25,3.0,2.0,4.0,2.0,2.75,3.0,3.0,3.0,1.0,2.5,4.0,3.0,3.0,3.0,3.0,3.2,3.0,5.0,3.0,3.0,3.5,Medium
1917,44,Female,Hospital Administrator,Postgraduate/Doctoral,22,Private,Chattogram,2.0,2.0,1.0,1.0,1.5,1.0,2.0,2.0,2.0,1.75,1.0,2.0,4.0,3.0,2.5,2.0,4.0,4.0,4.0,5.0,3.8,3.0,3.0,4.0,3.0,3.25,Medium
1918,36,Female,Hospital Administrator,Bachelor's (completed),9,Private,Rural,3.0,3.0,4.0,4.0,3.5,3.0,2.0,4.0,4.0,3.25,3.0,3.0,4.0,3.0,3.25,3.0,3.0,2.0,2.0,4.0,2.8,3.0,3.0,2.0,3.0,2.75,Medium
1919,32,Female,IT Staff,Postgraduate/Doctoral,8,Public,Dhaka,2.0,2.0,2.0,3.0,2.25,3.0,3.0,3.0,1.0,2.5,2.0,2.0,1.0,2.0,1.75,3.0,,4.0,3.0,4.0,3.5,2.0,2.0,1.0,2.0,1.75,Low
1920,32,Female,Nurse,Bachelor's (ongoing),6,Public,Semi-Urban,1.0,1.0,1.0,1.0,1.0,5.0,4.0,3.0,4.0,4.0,,3.0,3.0,4.0,3.3333333333333335,3.0,4.0,,2.0,3.0,3.0,2.0,4.0,4.0,3.0,3.25,Medium
1921,38,Male,Doctor,Postgraduate/Doctoral,14,Private,Dhaka,4.0,3.0,3.0,,3.3333333333333335,4.0,5.0,4.0,5.0,4.5,2.0,2.0,2.0,2.0,2.0,2.0,3.0,,3.0,3.0,2.75,2.0,3.0,2.0,3.0,2.5,Low
1922,22,Male,Healthcare Student,Secondary/HSC,1,Private,Other Urban,3.0,3.0,3.0,3.0,3.0,3.0,4.0,4.0,4.0,3.75,2.0,3.0,3.0,3.0,2.75,3.0,4.0,,4.0,5.0,4.0,4.0,4.0,4.0,4.0,4.0,High
1923,37,Male,Nurse,Bachelor's (completed),10,Public,Rural,3.0,3.0,2.0,3.0,2.75,5.0,5.0,5.0,4.0,4.75,5.0,4.0,4.0,4.0,4.25,2.0,4.0,3.0,2.0,4.0,3.0,2.0,1.0,3.0,2.0,2.0,Low
1924,31,Male,Other,Bachelor's (ongoing),1,Private,Other Urban,4.0,4.0,3.0,4.0,3.75,2.0,3.0,2.0,3.0,2.5,3.0,3.0,3.0,4.0,3.25,2.0,3.0,3.0,,2.0,2.5,5.0,4.0,5.0,4.0,4.5,High
1925,41,Male,Doctor,Postgraduate/Doctoral,13,Public,Dhaka,5.0,5.0,5.0,4.0,4.75,2.0,3.0,2.0,2.0,2.25,2.0,2.0,2.0,3.0,2.25,5.0,3.0,4.0,4.0,3.0,3.8,4.0,5.0,5.0,5.0,4.75,High
1926,25,Male,Hospital Administrator,Bachelor's (ongoing),1,Public,Semi-Urban,3.0,2.0,2.0,3.0,2.5,3.0,4.0,3.0,4.0,3.5,3.0,3.0,3.0,3.0,3.0,2.0,1.0,1.0,1.0,2.0,1.4,2.0,2.0,1.0,2.0,1.75,Low
1927,36,Male,Hospital Administrator,Postgraduate/Doctoral,15,Private,Rural,5.0,4.0,5.0,5.0,4.75,5.0,4.0,4.0,5.0,4.5,2.0,3.0,3.0,2.0,2.5,4.0,2.0,2.0,4.0,3.0,3.0,4.0,4.0,3.0,2.0,3.25,Medium
1928,34,Female,Healthcare Student,Bachelor's (completed),1,NGO/Other,Other Urban,4.0,4.0,4.0,4.0,4.0,4.0,4.0,4.0,4.0,4.0,2.0,2.0,2.0,2.0,2.0,4.0,3.0,5.0,4.0,2.0,3.6,4.0,4.0,4.0,4.0,4.0,High
1929,37,Male,Doctor,Postgraduate/Doctoral,13,Public,Rural,4.0,5.0,4.0,4.0,4.25,3.0,3.0,4.0,4.0,3.5,3.0,3.0,3.0,4.0,3.25,3.0,4.0,4.0,5.0,4.0,4.0,4.0,3.0,4.0,2.0,3.25,Medium
1930,24,Male,Other,Secondary/HSC,7,Private,Semi-Urban,1.0,2.0,1.0,2.0,1.5,1.0,1.0,2.0,1.0,1.25,3.0,3.0,2.0,2.0,2.5,4.0,5.0,3.0,3.0,3.0,3.6,2.0,3.0,3.0,2.0,2.5,Low
1931,36,Female,Hospital Administrator,Postgraduate/Doctoral,13,NGO/Other,Rural,3.0,,3.0,4.0,3.3333333333333335,4.0,4.0,3.0,4.0,3.75,2.0,1.0,1.0,1.0,1.25,2.0,3.0,,,2.0,2.3333333333333335,3.0,3.0,3.0,3.0,3.0,Medium
1932,35,Female,Hospital Administrator,Bachelor's (completed),13,Public,Dhaka,3.0,3.0,2.0,3.0,2.75,4.0,4.0,3.0,4.0,3.75,2.0,2.0,3.0,2.0,2.25,4.0,,4.0,5.0,4.0,4.25,3.0,2.0,3.0,3.0,2.75,Medium
1933,35,Female,Hospital Administrator,Bachelor's (completed),6,Private,Chattogram,3.0,4.0,2.0,3.0,3.0,5.0,5.0,4.0,4.0,4.5,3.0,2.0,3.0,3.0,2.75,4.0,4.0,,5.0,4.0,4.25,3.0,3.0,3.0,4.0,3.25,Medium
1934,36,Female,Doctor,Bachelor's (completed),12,Public,Rural,2.0,2.0,3.0,2.0,2.25,4.0,5.0,5.0,4.0,4.5,3.0,3.0,3.0,2.0,2.75,4.0,2.0,3.0,3.0,3.0,3.0,2.0,1.0,1.0,1.0,1.25,Low
1935,38,Female,Nurse,Bachelor's (ongoing),11,Private,Rural,2.0,2.0,3.0,2.0,2.25,4.0,5.0,,4.0,4.333333333333333,4.0,5.0,5.0,5.0,4.75,3.0,3.0,3.0,4.0,3.0,3.2,3.0,3.0,3.0,3.0,3.0,Medium
1936,41,Male,Nurse,Bachelor's (completed),15,Public,Dhaka,4.0,4.0,4.0,3.0,3.75,3.0,2.0,3.0,3.0,2.75,1.0,1.0,1.0,1.0,1.0,3.0,3.0,3.0,4.0,3.0,3.2,4.0,4.0,4.0,4.0,4.0,High
1937,30,Male,Nurse,Bachelor's (ongoing),3,Public,Dhaka,1.0,3.0,1.0,1.0,1.5,2.0,2.0,2.0,1.0,1.75,4.0,4.0,3.0,4.0,3.75,5.0,5.0,5.0,5.0,5.0,5.0,2.0,2.0,4.0,3.0,2.75,Medium
1938,42,Female,IT Staff,Bachelor's (completed),13,Public,Dhaka,3.0,3.0,2.0,2.0,2.5,3.0,4.0,4.0,5.0,4.0,3.0,4.0,3.0,3.0,3.25,4.0,3.0,3.0,4.0,3.0,3.4,1.0,2.0,2.0,1.0,1.5,Low
1939,34,Male,Nurse,Bachelor's (completed),7,Private,Semi-Urban,2.0,2.0,4.0,4.0,3.0,2.0,2.0,3.0,2.0,2.25,2.0,,1.0,,1.5,3.0,3.0,4.0,3.0,3.0,3.2,2.0,3.0,2.0,3.0,2.5,Low
1940,25,Male,Doctor,Postgraduate/Doctoral,0,Public,Rural,4.0,4.0,3.0,3.0,3.5,4.0,,4.0,3.0,3.6666666666666665,1.0,,1.0,2.0,1.3333333333333333,1.0,1.0,1.0,1.0,1.0,1.0,2.0,2.0,3.0,1.0,2.0,Low
1941,24,Male,Doctor,Postgraduate/Doctoral,2,NGO/Other,Other Urban,3.0,4.0,4.0,4.0,3.75,2.0,1.0,2.0,1.0,1.5,2.0,2.0,3.0,2.0,2.25,3.0,4.0,4.0,5.0,4.0,4.0,5.0,5.0,5.0,5.0,5.0,High
1942,31,Male,Doctor,Postgraduate/Doctoral,8,Public,Dhaka,5.0,,3.0,4.0,4.0,5.0,4.0,3.0,3.0,3.75,2.0,3.0,3.0,3.0,2.75,3.0,4.0,4.0,5.0,4.0,4.0,4.0,3.0,4.0,4.0,3.75,Medium
1943,41,Male,Doctor,Bachelor's (completed),16,Private,Dhaka,2.0,3.0,3.0,3.0,2.75,2.0,4.0,4.0,3.0,3.25,3.0,2.0,3.0,2.0,2.5,2.0,4.0,3.0,3.0,3.0,3.0,2.0,3.0,3.0,3.0,2.75,Medium
1944,39,Male,Hospital Administrator,Postgraduate/Doctoral,11,Private,Rural,2.0,3.0,,2.0,2.3333333333333335,3.0,3.0,4.0,2.0,3.0,1.0,2.0,1.0,3.0,1.75,3.0,2.0,2.0,1.0,2.0,2.0,3.0,4.0,5.0,3.0,3.75,Medium
1945,41,Female,Doctor,Bachelor's (ongoing),20,Public,Dhaka,1.0,3.0,2.0,2.0,2.0,3.0,3.0,,2.0,2.6666666666666665,5.0,4.0,5.0,5.0,4.75,3.0,3.0,3.0,3.0,3.0,3.0,3.0,2.0,1.0,2.0,2.0,Low
1946,35,Female,Healthcare Student,Bachelor's (ongoing),0,Not Applicable,Dhaka,2.0,2.0,1.0,2.0,1.75,,1.0,1.0,1.0,1.0,5.0,5.0,4.0,3.0,4.25,4.0,3.0,2.0,4.0,4.0,3.4,3.0,2.0,4.0,3.0,3.0,Medium
1947,33,Male,Doctor,Bachelor's (ongoing),6,Private,Dhaka,3.0,3.0,1.0,2.0,2.25,3.0,2.0,3.0,2.0,2.5,4.0,3.0,4.0,3.0,3.5,4.0,4.0,,4.0,5.0,4.25,4.0,2.0,3.0,4.0,3.25,Medium
1948,27,Female,Doctor,Postgraduate/Doctoral,2,Private,Semi-Urban,4.0,3.0,4.0,5.0,4.0,3.0,2.0,3.0,2.0,2.5,2.0,3.0,1.0,2.0,2.0,3.0,3.0,3.0,4.0,4.0,3.4,5.0,5.0,5.0,5.0,5.0,High
1949,31,Male,Healthcare Student,Bachelor's (ongoing),0,Private,Chattogram,3.0,3.0,4.0,3.0,3.25,4.0,5.0,4.0,4.0,4.25,,4.0,2.0,5.0,3.6666666666666665,4.0,5.0,5.0,5.0,5.0,4.8,3.0,3.0,4.0,4.0,3.5,Medium
1950,33,Female,Nurse,Bachelor's (completed),8,Private,Dhaka,4.0,5.0,4.0,3.0,4.0,2.0,3.0,2.0,,2.3333333333333335,3.0,2.0,4.0,3.0,3.0,3.0,3.0,3.0,4.0,3.0,3.2,3.0,2.0,5.0,5.0,3.75,Medium
1951,25,Female,Nurse,Bachelor's (ongoing),4,Private,Dhaka,4.0,2.0,3.0,2.0,2.75,2.0,3.0,4.0,3.0,3.0,3.0,2.0,1.0,1.0,1.75,4.0,5.0,5.0,5.0,5.0,4.8,5.0,3.0,3.0,4.0,3.75,Medium
1952,28,Male,Other,Bachelor's (ongoing),4,Public,Rural,3.0,1.0,2.0,1.0,1.75,1.0,1.0,1.0,2.0,1.25,3.0,3.0,4.0,3.0,3.25,4.0,4.0,4.0,5.0,4.0,4.2,2.0,3.0,2.0,2.0,2.25,Low
1953,36,Female,Other,Bachelor's (ongoing),9,Private,Chattogram,4.0,4.0,3.0,3.0,3.5,3.0,4.0,4.0,4.0,3.75,,3.0,3.0,4.0,3.3333333333333335,5.0,3.0,4.0,3.0,3.0,3.6,4.0,5.0,4.0,5.0,4.5,High
1954,39,Female,IT Staff,Bachelor's (ongoing),17,Public,Chattogram,4.0,3.0,4.0,4.0,3.75,1.0,1.0,1.0,2.0,1.25,4.0,3.0,3.0,3.0,3.25,3.0,2.0,2.0,3.0,4.0,2.8,4.0,2.0,3.0,4.0,3.25,Medium
1955,58,Female,Doctor,Postgraduate/Doctoral,29,Private,Dhaka,3.0,3.0,2.0,3.0,2.75,5.0,5.0,5.0,5.0,5.0,4.0,4.0,4.0,4.0,4.0,4.0,4.0,4.0,4.0,4.0,4.0,2.0,2.0,3.0,2.0,2.25,Low
1956,47,Female,Hospital Administrator,Bachelor's (completed),21,Private,Dhaka,4.0,3.0,3.0,,3.3333333333333335,3.0,4.0,3.0,4.0,3.5,3.0,1.0,1.0,1.0,1.5,4.0,5.0,,4.0,5.0,4.5,5.0,4.0,4.0,4.0,4.25,High
1957,37,Female,Other,Bachelor's (ongoing),7,Not Applicable,Rural,3.0,3.0,3.0,3.0,3.0,1.0,1.0,1.0,1.0,1.0,3.0,2.0,2.0,2.0,2.25,1.0,1.0,1.0,1.0,1.0,1.0,4.0,4.0,2.0,3.0,3.25,Medium
1958,33,Male,Other,Secondary/HSC,4,Public,Semi-Urban,3.0,4.0,3.0,4.0,3.5,2.0,2.0,3.0,3.0,2.5,3.0,3.0,4.0,2.0,3.0,3.0,2.0,1.0,2.0,3.0,2.2,2.0,3.0,2.0,2.0,2.25,Low
1959,37,Female,Doctor,Postgraduate/Doctoral,14,Public,Chattogram,5.0,4.0,4.0,4.0,4.25,2.0,3.0,2.0,2.0,2.25,2.0,5.0,3.0,3.0,3.25,4.0,2.0,3.0,3.0,4.0,3.2,4.0,5.0,5.0,5.0,4.75,High
1960,41,Female,Nurse,Bachelor's (ongoing),9,Public,Rural,3.0,2.0,3.0,2.0,2.5,2.0,3.0,3.0,3.0,2.75,4.0,5.0,5.0,4.0,4.5,3.0,2.0,3.0,2.0,2.0,2.4,3.0,2.0,3.0,3.0,2.75,Medium
1961,26,Female,Nurse,Secondary/HSC,3,Private,Chattogram,1.0,3.0,1.0,2.0,1.75,3.0,3.0,2.0,2.0,2.5,4.0,5.0,5.0,4.0,4.5,4.0,2.0,3.0,2.0,4.0,3.0,2.0,2.0,2.0,1.0,1.75,Low
1962,32,Male,Doctor,Bachelor's (completed),5,Public,Rural,2.0,3.0,3.0,2.0,2.5,3.0,3.0,2.0,2.0,2.5,3.0,2.0,2.0,3.0,2.5,4.0,3.0,3.0,3.0,3.0,3.2,3.0,3.0,2.0,3.0,2.75,Medium
1963,43,Female,IT Staff,Bachelor's (completed),15,Public,Dhaka,3.0,2.0,3.0,3.0,2.75,2.0,1.0,2.0,2.0,1.75,4.0,4.0,4.0,3.0,3.75,3.0,3.0,3.0,2.0,2.0,2.6,4.0,4.0,3.0,4.0,3.75,Medium
1964,32,Male,Nurse,Bachelor's (ongoing),9,Public,Dhaka,2.0,3.0,2.0,2.0,2.25,3.0,2.0,1.0,2.0,2.0,4.0,4.0,4.0,3.0,3.75,3.0,5.0,3.0,2.0,2.0,3.0,2.0,2.0,3.0,3.0,2.5,Low
1965,36,Female,Nurse,Bachelor's (completed),7,NGO/Other,Rural,,4.0,5.0,,4.5,4.0,5.0,4.0,3.0,4.0,3.0,3.0,4.0,3.0,3.25,2.0,2.0,2.0,1.0,2.0,1.8,3.0,5.0,4.0,4.0,4.0,High
1966,36,Male,Doctor,Bachelor's (completed),9,Public,Rural,3.0,4.0,3.0,3.0,3.25,4.0,4.0,5.0,4.0,4.25,3.0,3.0,3.0,3.0,3.0,3.0,3.0,4.0,3.0,2.0,3.0,2.0,2.0,2.0,1.0,1.75,Low
1967,28,Female,Nurse,Bachelor's (completed),2,Private,Semi-Urban,2.0,3.0,3.0,,2.6666666666666665,4.0,2.0,4.0,2.0,3.0,3.0,3.0,3.0,3.0,3.0,2.0,1.0,3.0,2.0,3.0,2.2,3.0,4.0,3.0,3.0,3.25,Medium
1968,31,Female,Doctor,Bachelor's (completed),10,Public,Other Urban,3.0,2.0,2.0,2.0,2.25,3.0,2.0,3.0,3.0,2.75,2.0,2.0,1.0,1.0,1.5,3.0,2.0,3.0,3.0,2.0,2.6,4.0,3.0,3.0,3.0,3.25,Medium
1969,31,Male,Nurse,Bachelor's (completed),2,Public,Semi-Urban,5.0,3.0,5.0,,4.333333333333333,2.0,2.0,2.0,1.0,1.75,2.0,1.0,2.0,2.0,1.75,2.0,3.0,1.0,1.0,1.0,1.6,5.0,5.0,4.0,5.0,4.75,High
1970,23,Male,Doctor,Postgraduate/Doctoral,0,Public,Semi-Urban,5.0,5.0,5.0,5.0,5.0,3.0,3.0,3.0,3.0,3.0,2.0,2.0,2.0,3.0,2.25,2.0,2.0,2.0,2.0,3.0,2.2,5.0,3.0,4.0,5.0,4.25,High
1971,23,Male,Other,Bachelor's (ongoing),0,Public,Dhaka,4.0,2.0,3.0,4.0,3.25,,3.0,3.0,3.0,3.0,3.0,2.0,3.0,3.0,2.75,3.0,3.0,4.0,4.0,4.0,3.6,3.0,3.0,3.0,2.0,2.75,Medium
1972,42,Female,Doctor,Bachelor's (ongoing),11,Private,Chattogram,2.0,3.0,2.0,3.0,2.5,3.0,3.0,3.0,4.0,3.25,3.0,2.0,4.0,3.0,3.0,4.0,4.0,3.0,5.0,4.0,4.0,3.0,4.0,3.0,5.0,3.75,Medium
1973,30,Female,Hospital Administrator,Bachelor's (completed),4,Public,Other Urban,4.0,3.0,4.0,4.0,3.75,3.0,3.0,3.0,3.0,3.0,4.0,2.0,4.0,3.0,3.25,3.0,2.0,3.0,2.0,3.0,2.6,3.0,4.0,4.0,3.0,3.5,Medium
1974,35,Male,Doctor,Postgraduate/Doctoral,14,Public,Other Urban,3.0,3.0,2.0,3.0,2.75,4.0,4.0,4.0,,4.0,3.0,2.0,3.0,2.0,2.5,4.0,4.0,3.0,3.0,4.0,3.6,3.0,5.0,3.0,5.0,4.0,High
1975,30,Male,Doctor,Postgraduate/Doctoral,9,Public,Rural,,4.0,4.0,3.0,3.6666666666666665,2.0,2.0,1.0,2.0,1.75,2.0,2.0,2.0,2.0,2.0,2.0,4.0,2.0,2.0,3.0,2.6,4.0,3.0,4.0,2.0,3.25,Medium
1976,47,Male,Doctor,Bachelor's (completed),19,Public,Chattogram,1.0,2.0,2.0,1.0,1.5,4.0,4.0,4.0,4.0,4.0,4.0,5.0,3.0,4.0,4.0,5.0,4.0,5.0,4.0,4.0,4.4,1.0,1.0,1.0,1.0,1.0,Low
1977,29,Male,Doctor,Postgraduate/Doctoral,5,Public,Dhaka,4.0,3.0,3.0,4.0,3.5,2.0,3.0,2.0,3.0,2.5,3.0,3.0,2.0,3.0,2.75,4.0,4.0,4.0,3.0,4.0,3.8,4.0,5.0,4.0,4.0,4.25,High
1978,33,Female,Doctor,Bachelor's (completed),6,Public,Dhaka,2.0,3.0,2.0,3.0,2.5,4.0,4.0,4.0,5.0,4.25,3.0,1.0,2.0,,2.0,1.0,2.0,1.0,1.0,2.0,1.4,1.0,1.0,1.0,2.0,1.25,Low
1979,44,Female,Nurse,Bachelor's (ongoing),22,Public,Rural,1.0,1.0,1.0,1.0,1.0,4.0,3.0,4.0,3.0,3.5,4.0,4.0,4.0,4.0,4.0,3.0,5.0,3.0,3.0,5.0,3.8,2.0,1.0,1.0,1.0,1.25,Low
1980,43,Male,IT Staff,Bachelor's (completed),27,Private,Dhaka,3.0,3.0,3.0,3.0,3.0,5.0,5.0,5.0,5.0,5.0,2.0,3.0,3.0,3.0,2.75,3.0,5.0,4.0,4.0,3.0,3.8,2.0,2.0,1.0,1.0,1.5,Low
1981,28,Female,Doctor,Postgraduate/Doctoral,6,NGO/Other,Rural,2.0,3.0,3.0,3.0,2.75,4.0,4.0,4.0,4.0,4.0,2.0,2.0,2.0,1.0,1.75,3.0,3.0,2.0,3.0,3.0,2.8,5.0,4.0,4.0,5.0,4.5,High
1982,41,Male,Nurse,Bachelor's (completed),17,Private,Dhaka,3.0,3.0,3.0,3.0,3.0,4.0,4.0,3.0,3.0,3.5,4.0,3.0,3.0,3.0,3.25,5.0,4.0,4.0,4.0,3.0,4.0,4.0,4.0,5.0,5.0,4.5,High
1983,33,Female,Hospital Administrator,Postgraduate/Doctoral,6,Public,Chattogram,,4.0,3.0,4.0,3.6666666666666665,2.0,2.0,2.0,3.0,2.25,1.0,1.0,1.0,1.0,1.0,3.0,3.0,1.0,2.0,3.0,2.4,4.0,5.0,4.0,5.0,4.5,High
1984,34,Male,Nurse,Bachelor's (ongoing),7,Not Applicable,Rural,4.0,4.0,5.0,3.0,4.0,3.0,3.0,2.0,2.0,2.5,3.0,4.0,3.0,4.0,3.5,3.0,3.0,2.0,2.0,2.0,2.4,4.0,3.0,3.0,4.0,3.5,Medium
1985,26,Female,Nurse,Bachelor's (completed),1,Not Applicable,Chattogram,4.0,3.0,3.0,4.0,3.5,4.0,4.0,3.0,4.0,3.75,2.0,2.0,1.0,1.0,1.5,3.0,4.0,5.0,4.0,4.0,4.0,4.0,4.0,3.0,4.0,3.75,Medium
1986,25,Female,Doctor,Postgraduate/Doctoral,1,Private,Semi-Urban,4.0,5.0,4.0,4.0,4.25,3.0,4.0,2.0,3.0,3.0,3.0,2.0,3.0,3.0,2.75,3.0,3.0,4.0,4.0,4.0,3.6,2.0,3.0,3.0,4.0,3.0,Medium
1987,39,Male,Nurse,Secondary/HSC,17,Public,Dhaka,3.0,2.0,1.0,2.0,2.0,3.0,3.0,3.0,3.0,3.0,4.0,3.0,5.0,4.0,4.0,4.0,3.0,2.0,2.0,2.0,2.6,1.0,1.0,2.0,1.0,1.25,Low
1988,34,Female,Nurse,Bachelor's (ongoing),8,Private,Chattogram,3.0,4.0,4.0,3.0,3.5,4.0,4.0,4.0,4.0,4.0,4.0,,2.0,3.0,3.0,4.0,3.0,4.0,4.0,4.0,3.8,5.0,5.0,3.0,4.0,4.25,High
1989,33,Other/Prefer not to say,Other,Postgraduate/Doctoral,6,Not Applicable,Other Urban,4.0,4.0,5.0,4.0,4.25,2.0,,2.0,3.0,2.3333333333333335,3.0,3.0,3.0,4.0,3.25,3.0,3.0,2.0,1.0,,2.25,3.0,2.0,3.0,2.0,2.5,Low
1990,39,Male,Other,Bachelor's (ongoing),10,Private,Rural,3.0,3.0,3.0,2.0,2.75,3.0,,3.0,3.0,3.0,3.0,3.0,2.0,3.0,2.75,3.0,3.0,1.0,3.0,3.0,2.6,4.0,4.0,5.0,5.0,4.5,High
1991,40,Male,Other,Secondary/HSC,10,Private,Dhaka,3.0,2.0,2.0,2.0,2.25,3.0,1.0,2.0,2.0,2.0,4.0,,3.0,3.0,3.3333333333333335,3.0,3.0,3.0,4.0,3.0,3.2,3.0,2.0,2.0,2.0,2.25,Low
1992,27,Female,Nurse,Bachelor's (completed),7,Private,Dhaka,2.0,1.0,1.0,1.0,1.25,3.0,3.0,3.0,3.0,3.0,1.0,2.0,,2.0,1.6666666666666667,3.0,4.0,4.0,4.0,4.0,3.8,4.0,4.0,4.0,5.0,4.25,High
1993,37,Male,Doctor,Postgraduate/Doctoral,16,Not Applicable,Semi-Urban,5.0,5.0,5.0,5.0,5.0,3.0,5.0,3.0,2.0,3.25,3.0,4.0,4.0,3.0,3.5,2.0,2.0,3.0,3.0,2.0,2.4,5.0,5.0,3.0,4.0,4.25,High
1994,26,Male,Nurse,Postgraduate/Doctoral,5,Public,Not Applicable,4.0,5.0,5.0,5.0,4.75,4.0,3.0,3.0,3.0,3.25,3.0,3.0,4.0,3.0,3.25,4.0,4.0,4.0,5.0,5.0,4.4,3.0,3.0,3.0,2.0,2.75,Medium
1995,40,Male,Nurse,Bachelor's (completed),9,Public,Rural,4.0,4.0,3.0,3.0,3.5,5.0,3.0,4.0,3.0,3.75,2.0,2.0,2.0,2.0,2.0,3.0,3.0,3.0,2.0,3.0,2.8,3.0,3.0,4.0,3.0,3.25,Medium
1996,38,Female,Doctor,Postgraduate/Doctoral,8,Private,Rural,1.0,2.0,2.0,4.0,2.25,4.0,4.0,4.0,3.0,3.75,2.0,2.0,1.0,,1.6666666666666667,3.0,2.0,3.0,3.0,4.0,3.0,2.0,2.0,3.0,3.0,2.5,Low
1997,49,Male,Doctor,Postgraduate/Doctoral,23,Public,Chattogram,5.0,3.0,5.0,5.0,4.5,4.0,3.0,3.0,4.0,3.5,2.0,,3.0,3.0,2.6666666666666665,5.0,5.0,4.0,4.0,3.0,4.2,5.0,5.0,5.0,5.0,5.0,High
1998,24,Male,Nurse,Bachelor's (completed),0,Public,Other Urban,4.0,3.0,3.0,3.0,3.25,4.0,5.0,4.0,5.0,4.5,2.0,2.0,1.0,2.0,1.75,4.0,3.0,5.0,,4.0,4.0,1.0,3.0,4.0,2.0,2.5,Low
1999,24,Female,Nurse,Postgraduate/Doctoral,5,Public,Rural,5.0,4.0,4.0,4.0,4.25,3.0,2.0,2.0,,2.3333333333333335,2.0,,,2.0,2.0,3.0,,4.0,2.0,3.0,3.0,3.0,4.0,3.0,4.0,3.5,Medium
2000,30,Male,Doctor,Postgraduate/Doctoral,7,Public,Rural,3.0,3.0,2.0,2.0,2.5,3.0,3.0,4.0,4.0,3.5,3.0,2.0,3.0,3.0,2.75,2.0,2.0,1.0,2.0,2.0,1.8,4.0,2.0,3.0,3.0,3.0,Medium
